mesa_id,distrito_id,eleccion_id,organizacion_id,organizacion_politica,votos,votos_validos_mesa,votos_emitidos_mesa,votos_blancos_mesa,votos_nulos_mesa,electores_habiles_mesa,estado_acta
M00001-01,D00001,EG2026-PRES,ORG01,Fuerza Popular,28,226,278,22,30,388,contabilizada
M00001-01,D00001,EG2026-PRES,ORG02,Juntos por el Peru,46,226,278,22,30,388,contabilizada
M00001-01,D00001,EG2026-PRES,ORG03,Renovacion Popular,17,226,278,22,30,388,contabilizada
M00001-01,D00001,EG2026-PRES,ORG04,Partido del Buen Gobierno,25,226,278,22,30,388,contabilizada
M00001-01,D00001,EG2026-PRES,ORG05,Otros,110,226,278,22,30,388,contabilizada
M00001-02,D00001,EG2026-PRES,ORG01,Fuerza Popular,14,131,155,6,18,214,contabilizada
M00001-02,D00001,EG2026-PRES,ORG02,Juntos por el Peru,28,131,155,6,18,214,contabilizada
M00001-02,D00001,EG2026-PRES,ORG03,Renovacion Popular,10,131,155,6,18,214,contabilizada
M00001-02,D00001,EG2026-PRES,ORG04,Partido del Buen Gobierno,11,131,155,6,18,214,contabilizada
M00001-02,D00001,EG2026-PRES,ORG05,Otros,68,131,155,6,18,214,contabilizada
M00002-01,D00002,EG2026-PRES,ORG01,Fuerza Popular,40,190,231,14,27,305,contabilizada
M00002-01,D00002,EG2026-PRES,ORG02,Juntos por el Peru,16,190,231,14,27,305,contabilizada
M00002-01,D00002,EG2026-PRES,ORG03,Renovacion Popular,36,190,231,14,27,305,contabilizada
M00002-01,D00002,EG2026-PRES,ORG04,Partido del Buen Gobierno,21,190,231,14,27,305,contabilizada
M00002-01,D00002,EG2026-PRES,ORG05,Otros,77,190,231,14,27,305,contabilizada
M00002-02,D00002,EG2026-PRES,ORG01,Fuerza Popular,25,114,129,7,8,237,contabilizada
M00002-02,D00002,EG2026-PRES,ORG02,Juntos por el Peru,14,114,129,7,8,237,contabilizada
M00002-02,D00002,EG2026-PRES,ORG03,Renovacion Popular,23,114,129,7,8,237,contabilizada
M00002-02,D00002,EG2026-PRES,ORG04,Partido del Buen Gobierno,15,114,129,7,8,237,contabilizada
M00002-02,D00002,EG2026-PRES,ORG05,Otros,37,114,129,7,8,237,contabilizada
M00002-03,D00002,EG2026-PRES,ORG01,Fuerza Popular,45,178,215,19,18,275,contabilizada
M00002-03,D00002,EG2026-PRES,ORG02,Juntos por el Peru,18,178,215,19,18,275,contabilizada
M00002-03,D00002,EG2026-PRES,ORG03,Renovacion Popular,20,178,215,19,18,275,contabilizada
M00002-03,D00002,EG2026-PRES,ORG04,Partido del Buen Gobierno,28,178,215,19,18,275,contabilizada
M00002-03,D00002,EG2026-PRES,ORG05,Otros,67,178,215,19,18,275,contabilizada
M00002-04,D00002,EG2026-PRES,ORG01,Fuerza Popular,38,232,285,26,27,394,contabilizada
M00002-04,D00002,EG2026-PRES,ORG02,Juntos por el Peru,19,232,285,26,27,394,contabilizada
M00002-04,D00002,EG2026-PRES,ORG03,Renovacion Popular,48,232,285,26,27,394,contabilizada
M00002-04,D00002,EG2026-PRES,ORG04,Partido del Buen Gobierno,34,232,285,26,27,394,contabilizada
M00002-04,D00002,EG2026-PRES,ORG05,Otros,93,232,285,26,27,394,contabilizada
M00002-05,D00002,EG2026-PRES,ORG01,Fuerza Popular,28,177,201,12,12,283,contabilizada
M00002-05,D00002,EG2026-PRES,ORG02,Juntos por el Peru,16,177,201,12,12,283,contabilizada
M00002-05,D00002,EG2026-PRES,ORG03,Renovacion Popular,34,177,201,12,12,283,contabilizada
M00002-05,D00002,EG2026-PRES,ORG04,Partido del Buen Gobierno,19,177,201,12,12,283,contabilizada
M00002-05,D00002,EG2026-PRES,ORG05,Otros,80,177,201,12,12,283,contabilizada
M00002-06,D00002,EG2026-PRES,ORG01,Fuerza Popular,44,220,267,16,31,338,observada
M00002-06,D00002,EG2026-PRES,ORG02,Juntos por el Peru,27,220,267,16,31,338,observada
M00002-06,D00002,EG2026-PRES,ORG03,Renovacion Popular,45,220,267,16,31,338,observada
M00002-06,D00002,EG2026-PRES,ORG04,Partido del Buen Gobierno,31,220,267,16,31,338,observada
M00002-06,D00002,EG2026-PRES,ORG05,Otros,73,220,267,16,31,338,observada
M00003-01,D00003,EG2026-PRES,ORG01,Fuerza Popular,5,139,165,12,14,215,contabilizada
M00003-01,D00003,EG2026-PRES,ORG02,Juntos por el Peru,36,139,165,12,14,215,contabilizada
M00003-01,D00003,EG2026-PRES,ORG03,Renovacion Popular,12,139,165,12,14,215,contabilizada
M00003-01,D00003,EG2026-PRES,ORG04,Partido del Buen Gobierno,20,139,165,12,14,215,contabilizada
M00003-01,D00003,EG2026-PRES,ORG05,Otros,66,139,165,12,14,215,contabilizada
M00003-02,D00003,EG2026-PRES,ORG01,Fuerza Popular,25,156,176,7,13,231,contabilizada
M00003-02,D00003,EG2026-PRES,ORG02,Juntos por el Peru,36,156,176,7,13,231,contabilizada
M00003-02,D00003,EG2026-PRES,ORG03,Renovacion Popular,9,156,176,7,13,231,contabilizada
M00003-02,D00003,EG2026-PRES,ORG04,Partido del Buen Gobierno,20,156,176,7,13,231,contabilizada
M00003-02,D00003,EG2026-PRES,ORG05,Otros,66,156,176,7,13,231,contabilizada
M00003-03,D00003,EG2026-PRES,ORG01,Fuerza Popular,13,126,150,9,15,210,observada
M00003-03,D00003,EG2026-PRES,ORG02,Juntos por el Peru,25,126,150,9,15,210,observada
M00003-03,D00003,EG2026-PRES,ORG03,Renovacion Popular,13,126,150,9,15,210,observada
M00003-03,D00003,EG2026-PRES,ORG04,Partido del Buen Gobierno,18,126,150,9,15,210,observada
M00003-03,D00003,EG2026-PRES,ORG05,Otros,57,126,150,9,15,210,observada
M00003-04,D00003,EG2026-PRES,ORG01,Fuerza Popular,37,256,292,13,23,355,contabilizada
M00003-04,D00003,EG2026-PRES,ORG02,Juntos por el Peru,67,256,292,13,23,355,contabilizada
M00003-04,D00003,EG2026-PRES,ORG03,Renovacion Popular,22,256,292,13,23,355,contabilizada
M00003-04,D00003,EG2026-PRES,ORG04,Partido del Buen Gobierno,26,256,292,13,23,355,contabilizada
M00003-04,D00003,EG2026-PRES,ORG05,Otros,104,256,292,13,23,355,contabilizada
M00003-05,D00003,EG2026-PRES,ORG01,Fuerza Popular,33,230,264,8,26,293,contabilizada
M00003-05,D00003,EG2026-PRES,ORG02,Juntos por el Peru,52,230,264,8,26,293,contabilizada
M00003-05,D00003,EG2026-PRES,ORG03,Renovacion Popular,16,230,264,8,26,293,contabilizada
M00003-05,D00003,EG2026-PRES,ORG04,Partido del Buen Gobierno,26,230,264,8,26,293,contabilizada
M00003-05,D00003,EG2026-PRES,ORG05,Otros,103,230,264,8,26,293,contabilizada
M00003-06,D00003,EG2026-PRES,ORG01,Fuerza Popular,14,151,175,12,12,219,contabilizada
M00003-06,D00003,EG2026-PRES,ORG02,Juntos por el Peru,27,151,175,12,12,219,contabilizada
M00003-06,D00003,EG2026-PRES,ORG03,Renovacion Popular,11,151,175,12,12,219,contabilizada
M00003-06,D00003,EG2026-PRES,ORG04,Partido del Buen Gobierno,13,151,175,12,12,219,contabilizada
M00003-06,D00003,EG2026-PRES,ORG05,Otros,86,151,175,12,12,219,contabilizada
M00004-01,D00004,EG2026-PRES,ORG01,Fuerza Popular,34,245,300,26,29,367,observada
M00004-01,D00004,EG2026-PRES,ORG02,Juntos por el Peru,29,245,300,26,29,367,observada
M00004-01,D00004,EG2026-PRES,ORG03,Renovacion Popular,24,245,300,26,29,367,observada
M00004-01,D00004,EG2026-PRES,ORG04,Partido del Buen Gobierno,33,245,300,26,29,367,observada
M00004-01,D00004,EG2026-PRES,ORG05,Otros,125,245,300,26,29,367,observada
M00004-02,D00004,EG2026-PRES,ORG01,Fuerza Popular,27,125,148,8,15,218,contabilizada
M00004-02,D00004,EG2026-PRES,ORG02,Juntos por el Peru,17,125,148,8,15,218,contabilizada
M00004-02,D00004,EG2026-PRES,ORG03,Renovacion Popular,13,125,148,8,15,218,contabilizada
M00004-02,D00004,EG2026-PRES,ORG04,Partido del Buen Gobierno,11,125,148,8,15,218,contabilizada
M00004-02,D00004,EG2026-PRES,ORG05,Otros,57,125,148,8,15,218,contabilizada
M00004-03,D00004,EG2026-PRES,ORG01,Fuerza Popular,20,112,134,8,14,218,contabilizada
M00004-03,D00004,EG2026-PRES,ORG02,Juntos por el Peru,11,112,134,8,14,218,contabilizada
M00004-03,D00004,EG2026-PRES,ORG03,Renovacion Popular,11,112,134,8,14,218,contabilizada
M00004-03,D00004,EG2026-PRES,ORG04,Partido del Buen Gobierno,14,112,134,8,14,218,contabilizada
M00004-03,D00004,EG2026-PRES,ORG05,Otros,56,112,134,8,14,218,contabilizada
M00004-04,D00004,EG2026-PRES,ORG01,Fuerza Popular,19,133,163,11,19,247,contabilizada
M00004-04,D00004,EG2026-PRES,ORG02,Juntos por el Peru,24,133,163,11,19,247,contabilizada
M00004-04,D00004,EG2026-PRES,ORG03,Renovacion Popular,19,133,163,11,19,247,contabilizada
M00004-04,D00004,EG2026-PRES,ORG04,Partido del Buen Gobierno,20,133,163,11,19,247,contabilizada
M00004-04,D00004,EG2026-PRES,ORG05,Otros,51,133,163,11,19,247,contabilizada
M00004-05,D00004,EG2026-PRES,ORG01,Fuerza Popular,35,173,194,7,14,297,contabilizada
M00004-05,D00004,EG2026-PRES,ORG02,Juntos por el Peru,25,173,194,7,14,297,contabilizada
M00004-05,D00004,EG2026-PRES,ORG03,Renovacion Popular,30,173,194,7,14,297,contabilizada
M00004-05,D00004,EG2026-PRES,ORG04,Partido del Buen Gobierno,24,173,194,7,14,297,contabilizada
M00004-05,D00004,EG2026-PRES,ORG05,Otros,59,173,194,7,14,297,contabilizada
M00004-06,D00004,EG2026-PRES,ORG01,Fuerza Popular,18,116,138,8,14,224,pendiente
M00004-06,D00004,EG2026-PRES,ORG02,Juntos por el Peru,20,116,138,8,14,224,pendiente
M00004-06,D00004,EG2026-PRES,ORG03,Renovacion Popular,15,116,138,8,14,224,pendiente
M00004-06,D00004,EG2026-PRES,ORG04,Partido del Buen Gobierno,15,116,138,8,14,224,pendiente
M00004-06,D00004,EG2026-PRES,ORG05,Otros,48,116,138,8,14,224,pendiente
M00005-01,D00005,EG2026-PRES,ORG01,Fuerza Popular,36,254,295,20,21,405,contabilizada
M00005-01,D00005,EG2026-PRES,ORG02,Juntos por el Peru,62,254,295,20,21,405,contabilizada
M00005-01,D00005,EG2026-PRES,ORG03,Renovacion Popular,18,254,295,20,21,405,contabilizada
M00005-01,D00005,EG2026-PRES,ORG04,Partido del Buen Gobierno,30,254,295,20,21,405,contabilizada
M00005-01,D00005,EG2026-PRES,ORG05,Otros,108,254,295,20,21,405,contabilizada
M00005-02,D00005,EG2026-PRES,ORG01,Fuerza Popular,18,180,218,18,20,333,contabilizada
M00005-02,D00005,EG2026-PRES,ORG02,Juntos por el Peru,46,180,218,18,20,333,contabilizada
M00005-02,D00005,EG2026-PRES,ORG03,Renovacion Popular,14,180,218,18,20,333,contabilizada
M00005-02,D00005,EG2026-PRES,ORG04,Partido del Buen Gobierno,22,180,218,18,20,333,contabilizada
M00005-02,D00005,EG2026-PRES,ORG05,Otros,80,180,218,18,20,333,contabilizada
M00005-03,D00005,EG2026-PRES,ORG01,Fuerza Popular,22,151,177,14,12,258,contabilizada
M00005-03,D00005,EG2026-PRES,ORG02,Juntos por el Peru,26,151,177,14,12,258,contabilizada
M00005-03,D00005,EG2026-PRES,ORG03,Renovacion Popular,10,151,177,14,12,258,contabilizada
M00005-03,D00005,EG2026-PRES,ORG04,Partido del Buen Gobierno,21,151,177,14,12,258,contabilizada
M00005-03,D00005,EG2026-PRES,ORG05,Otros,72,151,177,14,12,258,contabilizada
M00005-04,D00005,EG2026-PRES,ORG01,Fuerza Popular,11,114,132,8,10,193,contabilizada
M00005-04,D00005,EG2026-PRES,ORG02,Juntos por el Peru,21,114,132,8,10,193,contabilizada
M00005-04,D00005,EG2026-PRES,ORG03,Renovacion Popular,12,114,132,8,10,193,contabilizada
M00005-04,D00005,EG2026-PRES,ORG04,Partido del Buen Gobierno,11,114,132,8,10,193,contabilizada
M00005-04,D00005,EG2026-PRES,ORG05,Otros,59,114,132,8,10,193,contabilizada
M00005-05,D00005,EG2026-PRES,ORG01,Fuerza Popular,30,218,256,9,29,337,contabilizada
M00005-05,D00005,EG2026-PRES,ORG02,Juntos por el Peru,51,218,256,9,29,337,contabilizada
M00005-05,D00005,EG2026-PRES,ORG03,Renovacion Popular,14,218,256,9,29,337,contabilizada
M00005-05,D00005,EG2026-PRES,ORG04,Partido del Buen Gobierno,17,218,256,9,29,337,contabilizada
M00005-05,D00005,EG2026-PRES,ORG05,Otros,106,218,256,9,29,337,contabilizada
M00006-01,D00006,EG2026-PRES,ORG01,Fuerza Popular,49,239,295,29,27,380,contabilizada
M00006-01,D00006,EG2026-PRES,ORG02,Juntos por el Peru,31,239,295,29,27,380,contabilizada
M00006-01,D00006,EG2026-PRES,ORG03,Renovacion Popular,35,239,295,29,27,380,contabilizada
M00006-01,D00006,EG2026-PRES,ORG04,Partido del Buen Gobierno,30,239,295,29,27,380,contabilizada
M00006-01,D00006,EG2026-PRES,ORG05,Otros,94,239,295,29,27,380,contabilizada
M00006-02,D00006,EG2026-PRES,ORG01,Fuerza Popular,21,98,120,10,12,185,contabilizada
M00006-02,D00006,EG2026-PRES,ORG02,Juntos por el Peru,12,98,120,10,12,185,contabilizada
M00006-02,D00006,EG2026-PRES,ORG03,Renovacion Popular,10,98,120,10,12,185,contabilizada
M00006-02,D00006,EG2026-PRES,ORG04,Partido del Buen Gobierno,10,98,120,10,12,185,contabilizada
M00006-02,D00006,EG2026-PRES,ORG05,Otros,45,98,120,10,12,185,contabilizada
M00007-01,D00007,EG2026-PRES,ORG01,Fuerza Popular,26,188,224,11,25,316,contabilizada
M00007-01,D00007,EG2026-PRES,ORG02,Juntos por el Peru,23,188,224,11,25,316,contabilizada
M00007-01,D00007,EG2026-PRES,ORG03,Renovacion Popular,18,188,224,11,25,316,contabilizada
M00007-01,D00007,EG2026-PRES,ORG04,Partido del Buen Gobierno,21,188,224,11,25,316,contabilizada
M00007-01,D00007,EG2026-PRES,ORG05,Otros,100,188,224,11,25,316,contabilizada
M00007-02,D00007,EG2026-PRES,ORG01,Fuerza Popular,23,146,169,10,13,211,contabilizada
M00007-02,D00007,EG2026-PRES,ORG02,Juntos por el Peru,23,146,169,10,13,211,contabilizada
M00007-02,D00007,EG2026-PRES,ORG03,Renovacion Popular,17,146,169,10,13,211,contabilizada
M00007-02,D00007,EG2026-PRES,ORG04,Partido del Buen Gobierno,18,146,169,10,13,211,contabilizada
M00007-02,D00007,EG2026-PRES,ORG05,Otros,65,146,169,10,13,211,contabilizada
M00007-03,D00007,EG2026-PRES,ORG01,Fuerza Popular,39,194,233,11,28,346,contabilizada
M00007-03,D00007,EG2026-PRES,ORG02,Juntos por el Peru,26,194,233,11,28,346,contabilizada
M00007-03,D00007,EG2026-PRES,ORG03,Renovacion Popular,21,194,233,11,28,346,contabilizada
M00007-03,D00007,EG2026-PRES,ORG04,Partido del Buen Gobierno,32,194,233,11,28,346,contabilizada
M00007-03,D00007,EG2026-PRES,ORG05,Otros,76,194,233,11,28,346,contabilizada
M00007-04,D00007,EG2026-PRES,ORG01,Fuerza Popular,44,252,302,8,42,412,contabilizada
M00007-04,D00007,EG2026-PRES,ORG02,Juntos por el Peru,31,252,302,8,42,412,contabilizada
M00007-04,D00007,EG2026-PRES,ORG03,Renovacion Popular,46,252,302,8,42,412,contabilizada
M00007-04,D00007,EG2026-PRES,ORG04,Partido del Buen Gobierno,24,252,302,8,42,412,contabilizada
M00007-04,D00007,EG2026-PRES,ORG05,Otros,107,252,302,8,42,412,contabilizada
M00008-01,D00008,EG2026-PRES,ORG01,Fuerza Popular,46,243,299,13,43,403,contabilizada
M00008-01,D00008,EG2026-PRES,ORG02,Juntos por el Peru,58,243,299,13,43,403,contabilizada
M00008-01,D00008,EG2026-PRES,ORG03,Renovacion Popular,26,243,299,13,43,403,contabilizada
M00008-01,D00008,EG2026-PRES,ORG04,Partido del Buen Gobierno,20,243,299,13,43,403,contabilizada
M00008-01,D00008,EG2026-PRES,ORG05,Otros,93,243,299,13,43,403,contabilizada
M00008-02,D00008,EG2026-PRES,ORG01,Fuerza Popular,34,210,250,13,27,334,contabilizada
M00008-02,D00008,EG2026-PRES,ORG02,Juntos por el Peru,48,210,250,13,27,334,contabilizada
M00008-02,D00008,EG2026-PRES,ORG03,Renovacion Popular,16,210,250,13,27,334,contabilizada
M00008-02,D00008,EG2026-PRES,ORG04,Partido del Buen Gobierno,31,210,250,13,27,334,contabilizada
M00008-02,D00008,EG2026-PRES,ORG05,Otros,81,210,250,13,27,334,contabilizada
M00009-01,D00009,EG2026-PRES,ORG01,Fuerza Popular,46,172,201,13,16,328,contabilizada
M00009-01,D00009,EG2026-PRES,ORG02,Juntos por el Peru,22,172,201,13,16,328,contabilizada
M00009-01,D00009,EG2026-PRES,ORG03,Renovacion Popular,27,172,201,13,16,328,contabilizada
M00009-01,D00009,EG2026-PRES,ORG04,Partido del Buen Gobierno,30,172,201,13,16,328,contabilizada
M00009-01,D00009,EG2026-PRES,ORG05,Otros,47,172,201,13,16,328,contabilizada
M00009-02,D00009,EG2026-PRES,ORG01,Fuerza Popular,36,193,232,17,22,317,contabilizada
M00009-02,D00009,EG2026-PRES,ORG02,Juntos por el Peru,25,193,232,17,22,317,contabilizada
M00009-02,D00009,EG2026-PRES,ORG03,Renovacion Popular,37,193,232,17,22,317,contabilizada
M00009-02,D00009,EG2026-PRES,ORG04,Partido del Buen Gobierno,24,193,232,17,22,317,contabilizada
M00009-02,D00009,EG2026-PRES,ORG05,Otros,71,193,232,17,22,317,contabilizada
M00009-03,D00009,EG2026-PRES,ORG01,Fuerza Popular,32,163,182,9,10,241,contabilizada
M00009-03,D00009,EG2026-PRES,ORG02,Juntos por el Peru,18,163,182,9,10,241,contabilizada
M00009-03,D00009,EG2026-PRES,ORG03,Renovacion Popular,31,163,182,9,10,241,contabilizada
M00009-03,D00009,EG2026-PRES,ORG04,Partido del Buen Gobierno,18,163,182,9,10,241,contabilizada
M00009-03,D00009,EG2026-PRES,ORG05,Otros,64,163,182,9,10,241,contabilizada
M00009-04,D00009,EG2026-PRES,ORG01,Fuerza Popular,19,157,182,15,10,252,contabilizada
M00009-04,D00009,EG2026-PRES,ORG02,Juntos por el Peru,17,157,182,15,10,252,contabilizada
M00009-04,D00009,EG2026-PRES,ORG03,Renovacion Popular,40,157,182,15,10,252,contabilizada
M00009-04,D00009,EG2026-PRES,ORG04,Partido del Buen Gobierno,26,157,182,15,10,252,contabilizada
M00009-04,D00009,EG2026-PRES,ORG05,Otros,55,157,182,15,10,252,contabilizada
M00010-01,D00010,EG2026-PRES,ORG01,Fuerza Popular,15,145,164,5,14,249,observada
M00010-01,D00010,EG2026-PRES,ORG02,Juntos por el Peru,37,145,164,5,14,249,observada
M00010-01,D00010,EG2026-PRES,ORG03,Renovacion Popular,12,145,164,5,14,249,observada
M00010-01,D00010,EG2026-PRES,ORG04,Partido del Buen Gobierno,16,145,164,5,14,249,observada
M00010-01,D00010,EG2026-PRES,ORG05,Otros,65,145,164,5,14,249,observada
M00010-02,D00010,EG2026-PRES,ORG01,Fuerza Popular,18,239,282,17,26,387,contabilizada
M00010-02,D00010,EG2026-PRES,ORG02,Juntos por el Peru,66,239,282,17,26,387,contabilizada
M00010-02,D00010,EG2026-PRES,ORG03,Renovacion Popular,23,239,282,17,26,387,contabilizada
M00010-02,D00010,EG2026-PRES,ORG04,Partido del Buen Gobierno,31,239,282,17,26,387,contabilizada
M00010-02,D00010,EG2026-PRES,ORG05,Otros,101,239,282,17,26,387,contabilizada
M00010-03,D00010,EG2026-PRES,ORG01,Fuerza Popular,18,149,176,6,21,200,contabilizada
M00010-03,D00010,EG2026-PRES,ORG02,Juntos por el Peru,27,149,176,6,21,200,contabilizada
M00010-03,D00010,EG2026-PRES,ORG03,Renovacion Popular,16,149,176,6,21,200,contabilizada
M00010-03,D00010,EG2026-PRES,ORG04,Partido del Buen Gobierno,21,149,176,6,21,200,contabilizada
M00010-03,D00010,EG2026-PRES,ORG05,Otros,67,149,176,6,21,200,contabilizada
M00010-04,D00010,EG2026-PRES,ORG01,Fuerza Popular,27,221,266,21,24,355,contabilizada
M00010-04,D00010,EG2026-PRES,ORG02,Juntos por el Peru,54,221,266,21,24,355,contabilizada
M00010-04,D00010,EG2026-PRES,ORG03,Renovacion Popular,18,221,266,21,24,355,contabilizada
M00010-04,D00010,EG2026-PRES,ORG04,Partido del Buen Gobierno,26,221,266,21,24,355,contabilizada
M00010-04,D00010,EG2026-PRES,ORG05,Otros,96,221,266,21,24,355,contabilizada
M00011-01,D00011,EG2026-PRES,ORG01,Fuerza Popular,17,113,136,7,16,191,contabilizada
M00011-01,D00011,EG2026-PRES,ORG02,Juntos por el Peru,21,113,136,7,16,191,contabilizada
M00011-01,D00011,EG2026-PRES,ORG03,Renovacion Popular,17,113,136,7,16,191,contabilizada
M00011-01,D00011,EG2026-PRES,ORG04,Partido del Buen Gobierno,11,113,136,7,16,191,contabilizada
M00011-01,D00011,EG2026-PRES,ORG05,Otros,47,113,136,7,16,191,contabilizada
M00011-02,D00011,EG2026-PRES,ORG01,Fuerza Popular,32,171,196,9,16,258,contabilizada
M00011-02,D00011,EG2026-PRES,ORG02,Juntos por el Peru,23,171,196,9,16,258,contabilizada
M00011-02,D00011,EG2026-PRES,ORG03,Renovacion Popular,22,171,196,9,16,258,contabilizada
M00011-02,D00011,EG2026-PRES,ORG04,Partido del Buen Gobierno,24,171,196,9,16,258,contabilizada
M00011-02,D00011,EG2026-PRES,ORG05,Otros,70,171,196,9,16,258,contabilizada
M00012-01,D00012,EG2026-PRES,ORG01,Fuerza Popular,14,153,176,10,13,233,contabilizada
M00012-01,D00012,EG2026-PRES,ORG02,Juntos por el Peru,40,153,176,10,13,233,contabilizada
M00012-01,D00012,EG2026-PRES,ORG03,Renovacion Popular,12,153,176,10,13,233,contabilizada
M00012-01,D00012,EG2026-PRES,ORG04,Partido del Buen Gobierno,18,153,176,10,13,233,contabilizada
M00012-01,D00012,EG2026-PRES,ORG05,Otros,69,153,176,10,13,233,contabilizada
M00012-02,D00012,EG2026-PRES,ORG01,Fuerza Popular,15,147,184,16,21,263,contabilizada
M00012-02,D00012,EG2026-PRES,ORG02,Juntos por el Peru,28,147,184,16,21,263,contabilizada
M00012-02,D00012,EG2026-PRES,ORG03,Renovacion Popular,12,147,184,16,21,263,contabilizada
M00012-02,D00012,EG2026-PRES,ORG04,Partido del Buen Gobierno,17,147,184,16,21,263,contabilizada
M00012-02,D00012,EG2026-PRES,ORG05,Otros,75,147,184,16,21,263,contabilizada
M00012-03,D00012,EG2026-PRES,ORG01,Fuerza Popular,26,202,254,20,32,327,contabilizada
M00012-03,D00012,EG2026-PRES,ORG02,Juntos por el Peru,46,202,254,20,32,327,contabilizada
M00012-03,D00012,EG2026-PRES,ORG03,Renovacion Popular,12,202,254,20,32,327,contabilizada
M00012-03,D00012,EG2026-PRES,ORG04,Partido del Buen Gobierno,16,202,254,20,32,327,contabilizada
M00012-03,D00012,EG2026-PRES,ORG05,Otros,102,202,254,20,32,327,contabilizada
M00012-04,D00012,EG2026-PRES,ORG01,Fuerza Popular,27,207,250,15,28,390,contabilizada
M00012-04,D00012,EG2026-PRES,ORG02,Juntos por el Peru,46,207,250,15,28,390,contabilizada
M00012-04,D00012,EG2026-PRES,ORG03,Renovacion Popular,20,207,250,15,28,390,contabilizada
M00012-04,D00012,EG2026-PRES,ORG04,Partido del Buen Gobierno,22,207,250,15,28,390,contabilizada
M00012-04,D00012,EG2026-PRES,ORG05,Otros,92,207,250,15,28,390,contabilizada
M00012-05,D00012,EG2026-PRES,ORG01,Fuerza Popular,39,220,272,28,24,335,contabilizada
M00012-05,D00012,EG2026-PRES,ORG02,Juntos por el Peru,36,220,272,28,24,335,contabilizada
M00012-05,D00012,EG2026-PRES,ORG03,Renovacion Popular,22,220,272,28,24,335,contabilizada
M00012-05,D00012,EG2026-PRES,ORG04,Partido del Buen Gobierno,25,220,272,28,24,335,contabilizada
M00012-05,D00012,EG2026-PRES,ORG05,Otros,98,220,272,28,24,335,contabilizada
M00013-01,D00013,EG2026-PRES,ORG01,Fuerza Popular,17,143,171,11,17,238,contabilizada
M00013-01,D00013,EG2026-PRES,ORG02,Juntos por el Peru,23,143,171,11,17,238,contabilizada
M00013-01,D00013,EG2026-PRES,ORG03,Renovacion Popular,11,143,171,11,17,238,contabilizada
M00013-01,D00013,EG2026-PRES,ORG04,Partido del Buen Gobierno,20,143,171,11,17,238,contabilizada
M00013-01,D00013,EG2026-PRES,ORG05,Otros,72,143,171,11,17,238,contabilizada
M00013-02,D00013,EG2026-PRES,ORG01,Fuerza Popular,24,176,215,16,23,302,contabilizada
M00013-02,D00013,EG2026-PRES,ORG02,Juntos por el Peru,35,176,215,16,23,302,contabilizada
M00013-02,D00013,EG2026-PRES,ORG03,Renovacion Popular,12,176,215,16,23,302,contabilizada
M00013-02,D00013,EG2026-PRES,ORG04,Partido del Buen Gobierno,25,176,215,16,23,302,contabilizada
M00013-02,D00013,EG2026-PRES,ORG05,Otros,80,176,215,16,23,302,contabilizada
M00013-03,D00013,EG2026-PRES,ORG01,Fuerza Popular,17,112,133,10,11,182,observada
M00013-03,D00013,EG2026-PRES,ORG02,Juntos por el Peru,23,112,133,10,11,182,observada
M00013-03,D00013,EG2026-PRES,ORG03,Renovacion Popular,8,112,133,10,11,182,observada
M00013-03,D00013,EG2026-PRES,ORG04,Partido del Buen Gobierno,11,112,133,10,11,182,observada
M00013-03,D00013,EG2026-PRES,ORG05,Otros,53,112,133,10,11,182,observada
M00013-04,D00013,EG2026-PRES,ORG01,Fuerza Popular,33,251,297,18,28,370,contabilizada
M00013-04,D00013,EG2026-PRES,ORG02,Juntos por el Peru,37,251,297,18,28,370,contabilizada
M00013-04,D00013,EG2026-PRES,ORG03,Renovacion Popular,20,251,297,18,28,370,contabilizada
M00013-04,D00013,EG2026-PRES,ORG04,Partido del Buen Gobierno,31,251,297,18,28,370,contabilizada
M00013-04,D00013,EG2026-PRES,ORG05,Otros,130,251,297,18,28,370,contabilizada
M00013-05,D00013,EG2026-PRES,ORG01,Fuerza Popular,23,238,276,15,23,398,contabilizada
M00013-05,D00013,EG2026-PRES,ORG02,Juntos por el Peru,51,238,276,15,23,398,contabilizada
M00013-05,D00013,EG2026-PRES,ORG03,Renovacion Popular,12,238,276,15,23,398,contabilizada
M00013-05,D00013,EG2026-PRES,ORG04,Partido del Buen Gobierno,33,238,276,15,23,398,contabilizada
M00013-05,D00013,EG2026-PRES,ORG05,Otros,119,238,276,15,23,398,contabilizada
M00013-06,D00013,EG2026-PRES,ORG01,Fuerza Popular,22,194,226,11,21,285,contabilizada
M00013-06,D00013,EG2026-PRES,ORG02,Juntos por el Peru,45,194,226,11,21,285,contabilizada
M00013-06,D00013,EG2026-PRES,ORG03,Renovacion Popular,13,194,226,11,21,285,contabilizada
M00013-06,D00013,EG2026-PRES,ORG04,Partido del Buen Gobierno,22,194,226,11,21,285,contabilizada
M00013-06,D00013,EG2026-PRES,ORG05,Otros,92,194,226,11,21,285,contabilizada
M00014-01,D00014,EG2026-PRES,ORG01,Fuerza Popular,31,252,277,12,13,384,contabilizada
M00014-01,D00014,EG2026-PRES,ORG02,Juntos por el Peru,26,252,277,12,13,384,contabilizada
M00014-01,D00014,EG2026-PRES,ORG03,Renovacion Popular,53,252,277,12,13,384,contabilizada
M00014-01,D00014,EG2026-PRES,ORG04,Partido del Buen Gobierno,37,252,277,12,13,384,contabilizada
M00014-01,D00014,EG2026-PRES,ORG05,Otros,105,252,277,12,13,384,contabilizada
M00014-02,D00014,EG2026-PRES,ORG01,Fuerza Popular,23,138,167,6,23,247,contabilizada
M00014-02,D00014,EG2026-PRES,ORG02,Juntos por el Peru,15,138,167,6,23,247,contabilizada
M00014-02,D00014,EG2026-PRES,ORG03,Renovacion Popular,25,138,167,6,23,247,contabilizada
M00014-02,D00014,EG2026-PRES,ORG04,Partido del Buen Gobierno,19,138,167,6,23,247,contabilizada
M00014-02,D00014,EG2026-PRES,ORG05,Otros,56,138,167,6,23,247,contabilizada
M00014-03,D00014,EG2026-PRES,ORG01,Fuerza Popular,30,145,166,7,14,238,contabilizada
M00014-03,D00014,EG2026-PRES,ORG02,Juntos por el Peru,22,145,166,7,14,238,contabilizada
M00014-03,D00014,EG2026-PRES,ORG03,Renovacion Popular,26,145,166,7,14,238,contabilizada
M00014-03,D00014,EG2026-PRES,ORG04,Partido del Buen Gobierno,19,145,166,7,14,238,contabilizada
M00014-03,D00014,EG2026-PRES,ORG05,Otros,48,145,166,7,14,238,contabilizada
M00015-01,D00015,EG2026-PRES,ORG01,Fuerza Popular,30,198,237,11,28,300,contabilizada
M00015-01,D00015,EG2026-PRES,ORG02,Juntos por el Peru,28,198,237,11,28,300,contabilizada
M00015-01,D00015,EG2026-PRES,ORG03,Renovacion Popular,25,198,237,11,28,300,contabilizada
M00015-01,D00015,EG2026-PRES,ORG04,Partido del Buen Gobierno,23,198,237,11,28,300,contabilizada
M00015-01,D00015,EG2026-PRES,ORG05,Otros,92,198,237,11,28,300,contabilizada
M00015-02,D00015,EG2026-PRES,ORG01,Fuerza Popular,26,113,139,9,17,218,contabilizada
M00015-02,D00015,EG2026-PRES,ORG02,Juntos por el Peru,20,113,139,9,17,218,contabilizada
M00015-02,D00015,EG2026-PRES,ORG03,Renovacion Popular,19,113,139,9,17,218,contabilizada
M00015-02,D00015,EG2026-PRES,ORG04,Partido del Buen Gobierno,13,113,139,9,17,218,contabilizada
M00015-02,D00015,EG2026-PRES,ORG05,Otros,35,113,139,9,17,218,contabilizada
M00015-03,D00015,EG2026-PRES,ORG01,Fuerza Popular,39,173,217,16,28,286,contabilizada
M00015-03,D00015,EG2026-PRES,ORG02,Juntos por el Peru,30,173,217,16,28,286,contabilizada
M00015-03,D00015,EG2026-PRES,ORG03,Renovacion Popular,22,173,217,16,28,286,contabilizada
M00015-03,D00015,EG2026-PRES,ORG04,Partido del Buen Gobierno,25,173,217,16,28,286,contabilizada
M00015-03,D00015,EG2026-PRES,ORG05,Otros,57,173,217,16,28,286,contabilizada
M00015-04,D00015,EG2026-PRES,ORG01,Fuerza Popular,40,243,282,14,25,388,contabilizada
M00015-04,D00015,EG2026-PRES,ORG02,Juntos por el Peru,28,243,282,14,25,388,contabilizada
M00015-04,D00015,EG2026-PRES,ORG03,Renovacion Popular,18,243,282,14,25,388,contabilizada
M00015-04,D00015,EG2026-PRES,ORG04,Partido del Buen Gobierno,29,243,282,14,25,388,contabilizada
M00015-04,D00015,EG2026-PRES,ORG05,Otros,128,243,282,14,25,388,contabilizada
M00015-05,D00015,EG2026-PRES,ORG01,Fuerza Popular,43,220,249,11,18,317,contabilizada
M00015-05,D00015,EG2026-PRES,ORG02,Juntos por el Peru,22,220,249,11,18,317,contabilizada
M00015-05,D00015,EG2026-PRES,ORG03,Renovacion Popular,30,220,249,11,18,317,contabilizada
M00015-05,D00015,EG2026-PRES,ORG04,Partido del Buen Gobierno,22,220,249,11,18,317,contabilizada
M00015-05,D00015,EG2026-PRES,ORG05,Otros,103,220,249,11,18,317,contabilizada
M00015-06,D00015,EG2026-PRES,ORG01,Fuerza Popular,39,239,272,8,25,394,contabilizada
M00015-06,D00015,EG2026-PRES,ORG02,Juntos por el Peru,34,239,272,8,25,394,contabilizada
M00015-06,D00015,EG2026-PRES,ORG03,Renovacion Popular,35,239,272,8,25,394,contabilizada
M00015-06,D00015,EG2026-PRES,ORG04,Partido del Buen Gobierno,39,239,272,8,25,394,contabilizada
M00015-06,D00015,EG2026-PRES,ORG05,Otros,92,239,272,8,25,394,contabilizada
M00016-01,D00016,EG2026-PRES,ORG01,Fuerza Popular,40,215,255,23,17,362,observada
M00016-01,D00016,EG2026-PRES,ORG02,Juntos por el Peru,47,215,255,23,17,362,observada
M00016-01,D00016,EG2026-PRES,ORG03,Renovacion Popular,18,215,255,23,17,362,observada
M00016-01,D00016,EG2026-PRES,ORG04,Partido del Buen Gobierno,27,215,255,23,17,362,observada
M00016-01,D00016,EG2026-PRES,ORG05,Otros,83,215,255,23,17,362,observada
M00016-02,D00016,EG2026-PRES,ORG01,Fuerza Popular,26,231,279,21,27,390,contabilizada
M00016-02,D00016,EG2026-PRES,ORG02,Juntos por el Peru,44,231,279,21,27,390,contabilizada
M00016-02,D00016,EG2026-PRES,ORG03,Renovacion Popular,20,231,279,21,27,390,contabilizada
M00016-02,D00016,EG2026-PRES,ORG04,Partido del Buen Gobierno,27,231,279,21,27,390,contabilizada
M00016-02,D00016,EG2026-PRES,ORG05,Otros,114,231,279,21,27,390,contabilizada
M00017-01,D00017,EG2026-PRES,ORG01,Fuerza Popular,38,195,232,15,22,317,contabilizada
M00017-01,D00017,EG2026-PRES,ORG02,Juntos por el Peru,53,195,232,15,22,317,contabilizada
M00017-01,D00017,EG2026-PRES,ORG03,Renovacion Popular,20,195,232,15,22,317,contabilizada
M00017-01,D00017,EG2026-PRES,ORG04,Partido del Buen Gobierno,21,195,232,15,22,317,contabilizada
M00017-01,D00017,EG2026-PRES,ORG05,Otros,63,195,232,15,22,317,contabilizada
M00017-02,D00017,EG2026-PRES,ORG01,Fuerza Popular,26,231,290,23,36,363,contabilizada
M00017-02,D00017,EG2026-PRES,ORG02,Juntos por el Peru,52,231,290,23,36,363,contabilizada
M00017-02,D00017,EG2026-PRES,ORG03,Renovacion Popular,19,231,290,23,36,363,contabilizada
M00017-02,D00017,EG2026-PRES,ORG04,Partido del Buen Gobierno,20,231,290,23,36,363,contabilizada
M00017-02,D00017,EG2026-PRES,ORG05,Otros,114,231,290,23,36,363,contabilizada
M00017-03,D00017,EG2026-PRES,ORG01,Fuerza Popular,11,120,134,7,7,199,contabilizada
M00017-03,D00017,EG2026-PRES,ORG02,Juntos por el Peru,27,120,134,7,7,199,contabilizada
M00017-03,D00017,EG2026-PRES,ORG03,Renovacion Popular,10,120,134,7,7,199,contabilizada
M00017-03,D00017,EG2026-PRES,ORG04,Partido del Buen Gobierno,13,120,134,7,7,199,contabilizada
M00017-03,D00017,EG2026-PRES,ORG05,Otros,59,120,134,7,7,199,contabilizada
M00017-04,D00017,EG2026-PRES,ORG01,Fuerza Popular,22,196,224,8,20,286,contabilizada
M00017-04,D00017,EG2026-PRES,ORG02,Juntos por el Peru,35,196,224,8,20,286,contabilizada
M00017-04,D00017,EG2026-PRES,ORG03,Renovacion Popular,19,196,224,8,20,286,contabilizada
M00017-04,D00017,EG2026-PRES,ORG04,Partido del Buen Gobierno,25,196,224,8,20,286,contabilizada
M00017-04,D00017,EG2026-PRES,ORG05,Otros,95,196,224,8,20,286,contabilizada
M00017-05,D00017,EG2026-PRES,ORG01,Fuerza Popular,16,137,161,9,15,226,contabilizada
M00017-05,D00017,EG2026-PRES,ORG02,Juntos por el Peru,18,137,161,9,15,226,contabilizada
M00017-05,D00017,EG2026-PRES,ORG03,Renovacion Popular,9,137,161,9,15,226,contabilizada
M00017-05,D00017,EG2026-PRES,ORG04,Partido del Buen Gobierno,12,137,161,9,15,226,contabilizada
M00017-05,D00017,EG2026-PRES,ORG05,Otros,82,137,161,9,15,226,contabilizada
M00017-06,D00017,EG2026-PRES,ORG01,Fuerza Popular,15,123,145,6,16,201,contabilizada
M00017-06,D00017,EG2026-PRES,ORG02,Juntos por el Peru,23,123,145,6,16,201,contabilizada
M00017-06,D00017,EG2026-PRES,ORG03,Renovacion Popular,11,123,145,6,16,201,contabilizada
M00017-06,D00017,EG2026-PRES,ORG04,Partido del Buen Gobierno,14,123,145,6,16,201,contabilizada
M00017-06,D00017,EG2026-PRES,ORG05,Otros,60,123,145,6,16,201,contabilizada
M00018-01,D00018,EG2026-PRES,ORG01,Fuerza Popular,12,136,169,5,28,225,contabilizada
M00018-01,D00018,EG2026-PRES,ORG02,Juntos por el Peru,24,136,169,5,28,225,contabilizada
M00018-01,D00018,EG2026-PRES,ORG03,Renovacion Popular,8,136,169,5,28,225,contabilizada
M00018-01,D00018,EG2026-PRES,ORG04,Partido del Buen Gobierno,14,136,169,5,28,225,contabilizada
M00018-01,D00018,EG2026-PRES,ORG05,Otros,78,136,169,5,28,225,contabilizada
M00018-02,D00018,EG2026-PRES,ORG01,Fuerza Popular,22,180,214,10,24,282,contabilizada
M00018-02,D00018,EG2026-PRES,ORG02,Juntos por el Peru,50,180,214,10,24,282,contabilizada
M00018-02,D00018,EG2026-PRES,ORG03,Renovacion Popular,14,180,214,10,24,282,contabilizada
M00018-02,D00018,EG2026-PRES,ORG04,Partido del Buen Gobierno,17,180,214,10,24,282,contabilizada
M00018-02,D00018,EG2026-PRES,ORG05,Otros,77,180,214,10,24,282,contabilizada
M00018-03,D00018,EG2026-PRES,ORG01,Fuerza Popular,37,196,238,16,26,293,contabilizada
M00018-03,D00018,EG2026-PRES,ORG02,Juntos por el Peru,41,196,238,16,26,293,contabilizada
M00018-03,D00018,EG2026-PRES,ORG03,Renovacion Popular,15,196,238,16,26,293,contabilizada
M00018-03,D00018,EG2026-PRES,ORG04,Partido del Buen Gobierno,19,196,238,16,26,293,contabilizada
M00018-03,D00018,EG2026-PRES,ORG05,Otros,84,196,238,16,26,293,contabilizada
M00018-04,D00018,EG2026-PRES,ORG01,Fuerza Popular,23,191,223,11,21,313,contabilizada
M00018-04,D00018,EG2026-PRES,ORG02,Juntos por el Peru,51,191,223,11,21,313,contabilizada
M00018-04,D00018,EG2026-PRES,ORG03,Renovacion Popular,13,191,223,11,21,313,contabilizada
M00018-04,D00018,EG2026-PRES,ORG04,Partido del Buen Gobierno,29,191,223,11,21,313,contabilizada
M00018-04,D00018,EG2026-PRES,ORG05,Otros,75,191,223,11,21,313,contabilizada
M00019-01,D00019,EG2026-PRES,ORG01,Fuerza Popular,44,236,272,17,19,410,contabilizada
M00019-01,D00019,EG2026-PRES,ORG02,Juntos por el Peru,40,236,272,17,19,410,contabilizada
M00019-01,D00019,EG2026-PRES,ORG03,Renovacion Popular,33,236,272,17,19,410,contabilizada
M00019-01,D00019,EG2026-PRES,ORG04,Partido del Buen Gobierno,30,236,272,17,19,410,contabilizada
M00019-01,D00019,EG2026-PRES,ORG05,Otros,89,236,272,17,19,410,contabilizada
M00019-02,D00019,EG2026-PRES,ORG01,Fuerza Popular,15,116,145,13,16,236,contabilizada
M00019-02,D00019,EG2026-PRES,ORG02,Juntos por el Peru,14,116,145,13,16,236,contabilizada
M00019-02,D00019,EG2026-PRES,ORG03,Renovacion Popular,11,116,145,13,16,236,contabilizada
M00019-02,D00019,EG2026-PRES,ORG04,Partido del Buen Gobierno,10,116,145,13,16,236,contabilizada
M00019-02,D00019,EG2026-PRES,ORG05,Otros,66,116,145,13,16,236,contabilizada
M00019-03,D00019,EG2026-PRES,ORG01,Fuerza Popular,18,119,141,6,16,226,contabilizada
M00019-03,D00019,EG2026-PRES,ORG02,Juntos por el Peru,17,119,141,6,16,226,contabilizada
M00019-03,D00019,EG2026-PRES,ORG03,Renovacion Popular,18,119,141,6,16,226,contabilizada
M00019-03,D00019,EG2026-PRES,ORG04,Partido del Buen Gobierno,12,119,141,6,16,226,contabilizada
M00019-03,D00019,EG2026-PRES,ORG05,Otros,54,119,141,6,16,226,contabilizada
M00019-04,D00019,EG2026-PRES,ORG01,Fuerza Popular,31,206,233,8,19,312,contabilizada
M00019-04,D00019,EG2026-PRES,ORG02,Juntos por el Peru,37,206,233,8,19,312,contabilizada
M00019-04,D00019,EG2026-PRES,ORG03,Renovacion Popular,35,206,233,8,19,312,contabilizada
M00019-04,D00019,EG2026-PRES,ORG04,Partido del Buen Gobierno,28,206,233,8,19,312,contabilizada
M00019-04,D00019,EG2026-PRES,ORG05,Otros,75,206,233,8,19,312,contabilizada
M00020-01,D00020,EG2026-PRES,ORG01,Fuerza Popular,31,242,291,15,34,402,contabilizada
M00020-01,D00020,EG2026-PRES,ORG02,Juntos por el Peru,69,242,291,15,34,402,contabilizada
M00020-01,D00020,EG2026-PRES,ORG03,Renovacion Popular,15,242,291,15,34,402,contabilizada
M00020-01,D00020,EG2026-PRES,ORG04,Partido del Buen Gobierno,23,242,291,15,34,402,contabilizada
M00020-01,D00020,EG2026-PRES,ORG05,Otros,104,242,291,15,34,402,contabilizada
M00020-02,D00020,EG2026-PRES,ORG01,Fuerza Popular,28,207,250,21,22,343,contabilizada
M00020-02,D00020,EG2026-PRES,ORG02,Juntos por el Peru,34,207,250,21,22,343,contabilizada
M00020-02,D00020,EG2026-PRES,ORG03,Renovacion Popular,17,207,250,21,22,343,contabilizada
M00020-02,D00020,EG2026-PRES,ORG04,Partido del Buen Gobierno,25,207,250,21,22,343,contabilizada
M00020-02,D00020,EG2026-PRES,ORG05,Otros,103,207,250,21,22,343,contabilizada
M00020-03,D00020,EG2026-PRES,ORG01,Fuerza Popular,25,215,241,7,19,372,contabilizada
M00020-03,D00020,EG2026-PRES,ORG02,Juntos por el Peru,48,215,241,7,19,372,contabilizada
M00020-03,D00020,EG2026-PRES,ORG03,Renovacion Popular,15,215,241,7,19,372,contabilizada
M00020-03,D00020,EG2026-PRES,ORG04,Partido del Buen Gobierno,23,215,241,7,19,372,contabilizada
M00020-03,D00020,EG2026-PRES,ORG05,Otros,104,215,241,7,19,372,contabilizada
M00020-04,D00020,EG2026-PRES,ORG01,Fuerza Popular,13,120,137,5,12,183,contabilizada
M00020-04,D00020,EG2026-PRES,ORG02,Juntos por el Peru,29,120,137,5,12,183,contabilizada
M00020-04,D00020,EG2026-PRES,ORG03,Renovacion Popular,10,120,137,5,12,183,contabilizada
M00020-04,D00020,EG2026-PRES,ORG04,Partido del Buen Gobierno,12,120,137,5,12,183,contabilizada
M00020-04,D00020,EG2026-PRES,ORG05,Otros,56,120,137,5,12,183,contabilizada
M00020-05,D00020,EG2026-PRES,ORG01,Fuerza Popular,11,119,151,13,19,183,contabilizada
M00020-05,D00020,EG2026-PRES,ORG02,Juntos por el Peru,28,119,151,13,19,183,contabilizada
M00020-05,D00020,EG2026-PRES,ORG03,Renovacion Popular,9,119,151,13,19,183,contabilizada
M00020-05,D00020,EG2026-PRES,ORG04,Partido del Buen Gobierno,12,119,151,13,19,183,contabilizada
M00020-05,D00020,EG2026-PRES,ORG05,Otros,59,119,151,13,19,183,contabilizada
M00020-06,D00020,EG2026-PRES,ORG01,Fuerza Popular,23,243,290,18,29,374,contabilizada
M00020-06,D00020,EG2026-PRES,ORG02,Juntos por el Peru,59,243,290,18,29,374,contabilizada
M00020-06,D00020,EG2026-PRES,ORG03,Renovacion Popular,14,243,290,18,29,374,contabilizada
M00020-06,D00020,EG2026-PRES,ORG04,Partido del Buen Gobierno,24,243,290,18,29,374,contabilizada
M00020-06,D00020,EG2026-PRES,ORG05,Otros,123,243,290,18,29,374,contabilizada
M00021-01,D00021,EG2026-PRES,ORG01,Fuerza Popular,17,118,144,8,18,234,contabilizada
M00021-01,D00021,EG2026-PRES,ORG02,Juntos por el Peru,12,118,144,8,18,234,contabilizada
M00021-01,D00021,EG2026-PRES,ORG03,Renovacion Popular,21,118,144,8,18,234,contabilizada
M00021-01,D00021,EG2026-PRES,ORG04,Partido del Buen Gobierno,17,118,144,8,18,234,contabilizada
M00021-01,D00021,EG2026-PRES,ORG05,Otros,51,118,144,8,18,234,contabilizada
M00021-02,D00021,EG2026-PRES,ORG01,Fuerza Popular,20,127,151,10,14,216,contabilizada
M00021-02,D00021,EG2026-PRES,ORG02,Juntos por el Peru,14,127,151,10,14,216,contabilizada
M00021-02,D00021,EG2026-PRES,ORG03,Renovacion Popular,19,127,151,10,14,216,contabilizada
M00021-02,D00021,EG2026-PRES,ORG04,Partido del Buen Gobierno,15,127,151,10,14,216,contabilizada
M00021-02,D00021,EG2026-PRES,ORG05,Otros,59,127,151,10,14,216,contabilizada
M00021-03,D00021,EG2026-PRES,ORG01,Fuerza Popular,26,147,182,12,23,234,observada
M00021-03,D00021,EG2026-PRES,ORG02,Juntos por el Peru,16,147,182,12,23,234,observada
M00021-03,D00021,EG2026-PRES,ORG03,Renovacion Popular,34,147,182,12,23,234,observada
M00021-03,D00021,EG2026-PRES,ORG04,Partido del Buen Gobierno,21,147,182,12,23,234,observada
M00021-03,D00021,EG2026-PRES,ORG05,Otros,50,147,182,12,23,234,observada
M00022-01,D00022,EG2026-PRES,ORG01,Fuerza Popular,23,146,169,9,14,240,contabilizada
M00022-01,D00022,EG2026-PRES,ORG02,Juntos por el Peru,18,146,169,9,14,240,contabilizada
M00022-01,D00022,EG2026-PRES,ORG03,Renovacion Popular,23,146,169,9,14,240,contabilizada
M00022-01,D00022,EG2026-PRES,ORG04,Partido del Buen Gobierno,16,146,169,9,14,240,contabilizada
M00022-01,D00022,EG2026-PRES,ORG05,Otros,66,146,169,9,14,240,contabilizada
M00022-02,D00022,EG2026-PRES,ORG01,Fuerza Popular,18,110,134,8,16,192,contabilizada
M00022-02,D00022,EG2026-PRES,ORG02,Juntos por el Peru,20,110,134,8,16,192,contabilizada
M00022-02,D00022,EG2026-PRES,ORG03,Renovacion Popular,13,110,134,8,16,192,contabilizada
M00022-02,D00022,EG2026-PRES,ORG04,Partido del Buen Gobierno,10,110,134,8,16,192,contabilizada
M00022-02,D00022,EG2026-PRES,ORG05,Otros,49,110,134,8,16,192,contabilizada
M00022-03,D00022,EG2026-PRES,ORG01,Fuerza Popular,34,164,202,15,23,298,contabilizada
M00022-03,D00022,EG2026-PRES,ORG02,Juntos por el Peru,29,164,202,15,23,298,contabilizada
M00022-03,D00022,EG2026-PRES,ORG03,Renovacion Popular,26,164,202,15,23,298,contabilizada
M00022-03,D00022,EG2026-PRES,ORG04,Partido del Buen Gobierno,24,164,202,15,23,298,contabilizada
M00022-03,D00022,EG2026-PRES,ORG05,Otros,51,164,202,15,23,298,contabilizada
M00023-01,D00023,EG2026-PRES,ORG01,Fuerza Popular,21,182,207,10,15,288,contabilizada
M00023-01,D00023,EG2026-PRES,ORG02,Juntos por el Peru,26,182,207,10,15,288,contabilizada
M00023-01,D00023,EG2026-PRES,ORG03,Renovacion Popular,21,182,207,10,15,288,contabilizada
M00023-01,D00023,EG2026-PRES,ORG04,Partido del Buen Gobierno,29,182,207,10,15,288,contabilizada
M00023-01,D00023,EG2026-PRES,ORG05,Otros,85,182,207,10,15,288,contabilizada
M00023-02,D00023,EG2026-PRES,ORG01,Fuerza Popular,40,240,286,16,30,362,contabilizada
M00023-02,D00023,EG2026-PRES,ORG02,Juntos por el Peru,37,240,286,16,30,362,contabilizada
M00023-02,D00023,EG2026-PRES,ORG03,Renovacion Popular,34,240,286,16,30,362,contabilizada
M00023-02,D00023,EG2026-PRES,ORG04,Partido del Buen Gobierno,30,240,286,16,30,362,contabilizada
M00023-02,D00023,EG2026-PRES,ORG05,Otros,99,240,286,16,30,362,contabilizada
M00023-03,D00023,EG2026-PRES,ORG01,Fuerza Popular,58,282,328,25,21,384,contabilizada
M00023-03,D00023,EG2026-PRES,ORG02,Juntos por el Peru,49,282,328,25,21,384,contabilizada
M00023-03,D00023,EG2026-PRES,ORG03,Renovacion Popular,47,282,328,25,21,384,contabilizada
M00023-03,D00023,EG2026-PRES,ORG04,Partido del Buen Gobierno,23,282,328,25,21,384,contabilizada
M00023-03,D00023,EG2026-PRES,ORG05,Otros,105,282,328,25,21,384,contabilizada
M00023-04,D00023,EG2026-PRES,ORG01,Fuerza Popular,28,142,164,7,15,249,contabilizada
M00023-04,D00023,EG2026-PRES,ORG02,Juntos por el Peru,17,142,164,7,15,249,contabilizada
M00023-04,D00023,EG2026-PRES,ORG03,Renovacion Popular,18,142,164,7,15,249,contabilizada
M00023-04,D00023,EG2026-PRES,ORG04,Partido del Buen Gobierno,20,142,164,7,15,249,contabilizada
M00023-04,D00023,EG2026-PRES,ORG05,Otros,59,142,164,7,15,249,contabilizada
M00023-05,D00023,EG2026-PRES,ORG01,Fuerza Popular,31,200,234,12,22,311,contabilizada
M00023-05,D00023,EG2026-PRES,ORG02,Juntos por el Peru,20,200,234,12,22,311,contabilizada
M00023-05,D00023,EG2026-PRES,ORG03,Renovacion Popular,29,200,234,12,22,311,contabilizada
M00023-05,D00023,EG2026-PRES,ORG04,Partido del Buen Gobierno,26,200,234,12,22,311,contabilizada
M00023-05,D00023,EG2026-PRES,ORG05,Otros,94,200,234,12,22,311,contabilizada
M00024-01,D00024,EG2026-PRES,ORG01,Fuerza Popular,18,131,145,3,11,219,contabilizada
M00024-01,D00024,EG2026-PRES,ORG02,Juntos por el Peru,18,131,145,3,11,219,contabilizada
M00024-01,D00024,EG2026-PRES,ORG03,Renovacion Popular,19,131,145,3,11,219,contabilizada
M00024-01,D00024,EG2026-PRES,ORG04,Partido del Buen Gobierno,22,131,145,3,11,219,contabilizada
M00024-01,D00024,EG2026-PRES,ORG05,Otros,54,131,145,3,11,219,contabilizada
M00024-02,D00024,EG2026-PRES,ORG01,Fuerza Popular,41,250,288,11,27,359,contabilizada
M00024-02,D00024,EG2026-PRES,ORG02,Juntos por el Peru,45,250,288,11,27,359,contabilizada
M00024-02,D00024,EG2026-PRES,ORG03,Renovacion Popular,30,250,288,11,27,359,contabilizada
M00024-02,D00024,EG2026-PRES,ORG04,Partido del Buen Gobierno,35,250,288,11,27,359,contabilizada
M00024-02,D00024,EG2026-PRES,ORG05,Otros,99,250,288,11,27,359,contabilizada
M00025-01,D00025,EG2026-PRES,ORG01,Fuerza Popular,54,278,311,18,15,410,contabilizada
M00025-01,D00025,EG2026-PRES,ORG02,Juntos por el Peru,33,278,311,18,15,410,contabilizada
M00025-01,D00025,EG2026-PRES,ORG03,Renovacion Popular,38,278,311,18,15,410,contabilizada
M00025-01,D00025,EG2026-PRES,ORG04,Partido del Buen Gobierno,40,278,311,18,15,410,contabilizada
M00025-01,D00025,EG2026-PRES,ORG05,Otros,113,278,311,18,15,410,contabilizada
M00025-02,D00025,EG2026-PRES,ORG01,Fuerza Popular,46,167,196,13,16,241,contabilizada
M00025-02,D00025,EG2026-PRES,ORG02,Juntos por el Peru,21,167,196,13,16,241,contabilizada
M00025-02,D00025,EG2026-PRES,ORG03,Renovacion Popular,25,167,196,13,16,241,contabilizada
M00025-02,D00025,EG2026-PRES,ORG04,Partido del Buen Gobierno,20,167,196,13,16,241,contabilizada
M00025-02,D00025,EG2026-PRES,ORG05,Otros,55,167,196,13,16,241,contabilizada
M00025-03,D00025,EG2026-PRES,ORG01,Fuerza Popular,34,239,270,12,19,388,contabilizada
M00025-03,D00025,EG2026-PRES,ORG02,Juntos por el Peru,34,239,270,12,19,388,contabilizada
M00025-03,D00025,EG2026-PRES,ORG03,Renovacion Popular,33,239,270,12,19,388,contabilizada
M00025-03,D00025,EG2026-PRES,ORG04,Partido del Buen Gobierno,33,239,270,12,19,388,contabilizada
M00025-03,D00025,EG2026-PRES,ORG05,Otros,105,239,270,12,19,388,contabilizada
M00025-04,D00025,EG2026-PRES,ORG01,Fuerza Popular,34,244,281,15,22,386,contabilizada
M00025-04,D00025,EG2026-PRES,ORG02,Juntos por el Peru,26,244,281,15,22,386,contabilizada
M00025-04,D00025,EG2026-PRES,ORG03,Renovacion Popular,36,244,281,15,22,386,contabilizada
M00025-04,D00025,EG2026-PRES,ORG04,Partido del Buen Gobierno,29,244,281,15,22,386,contabilizada
M00025-04,D00025,EG2026-PRES,ORG05,Otros,119,244,281,15,22,386,contabilizada
M00026-01,D00026,EG2026-PRES,ORG01,Fuerza Popular,73,324,375,24,27,418,contabilizada
M00026-01,D00026,EG2026-PRES,ORG02,Juntos por el Peru,40,324,375,24,27,418,contabilizada
M00026-01,D00026,EG2026-PRES,ORG03,Renovacion Popular,54,324,375,24,27,418,contabilizada
M00026-01,D00026,EG2026-PRES,ORG04,Partido del Buen Gobierno,57,324,375,24,27,418,contabilizada
M00026-01,D00026,EG2026-PRES,ORG05,Otros,100,324,375,24,27,418,contabilizada
M00026-02,D00026,EG2026-PRES,ORG01,Fuerza Popular,20,137,161,10,14,209,observada
M00026-02,D00026,EG2026-PRES,ORG02,Juntos por el Peru,20,137,161,10,14,209,observada
M00026-02,D00026,EG2026-PRES,ORG03,Renovacion Popular,23,137,161,10,14,209,observada
M00026-02,D00026,EG2026-PRES,ORG04,Partido del Buen Gobierno,16,137,161,10,14,209,observada
M00026-02,D00026,EG2026-PRES,ORG05,Otros,58,137,161,10,14,209,observada
M00026-03,D00026,EG2026-PRES,ORG01,Fuerza Popular,25,173,202,11,18,315,contabilizada
M00026-03,D00026,EG2026-PRES,ORG02,Juntos por el Peru,18,173,202,11,18,315,contabilizada
M00026-03,D00026,EG2026-PRES,ORG03,Renovacion Popular,21,173,202,11,18,315,contabilizada
M00026-03,D00026,EG2026-PRES,ORG04,Partido del Buen Gobierno,19,173,202,11,18,315,contabilizada
M00026-03,D00026,EG2026-PRES,ORG05,Otros,90,173,202,11,18,315,contabilizada
M00026-04,D00026,EG2026-PRES,ORG01,Fuerza Popular,18,125,146,10,11,188,contabilizada
M00026-04,D00026,EG2026-PRES,ORG02,Juntos por el Peru,19,125,146,10,11,188,contabilizada
M00026-04,D00026,EG2026-PRES,ORG03,Renovacion Popular,15,125,146,10,11,188,contabilizada
M00026-04,D00026,EG2026-PRES,ORG04,Partido del Buen Gobierno,18,125,146,10,11,188,contabilizada
M00026-04,D00026,EG2026-PRES,ORG05,Otros,55,125,146,10,11,188,contabilizada
M00027-01,D00027,EG2026-PRES,ORG01,Fuerza Popular,33,240,282,9,33,386,contabilizada
M00027-01,D00027,EG2026-PRES,ORG02,Juntos por el Peru,39,240,282,9,33,386,contabilizada
M00027-01,D00027,EG2026-PRES,ORG03,Renovacion Popular,31,240,282,9,33,386,contabilizada
M00027-01,D00027,EG2026-PRES,ORG04,Partido del Buen Gobierno,26,240,282,9,33,386,contabilizada
M00027-01,D00027,EG2026-PRES,ORG05,Otros,111,240,282,9,33,386,contabilizada
M00027-02,D00027,EG2026-PRES,ORG01,Fuerza Popular,45,268,325,21,36,408,contabilizada
M00027-02,D00027,EG2026-PRES,ORG02,Juntos por el Peru,31,268,325,21,36,408,contabilizada
M00027-02,D00027,EG2026-PRES,ORG03,Renovacion Popular,38,268,325,21,36,408,contabilizada
M00027-02,D00027,EG2026-PRES,ORG04,Partido del Buen Gobierno,36,268,325,21,36,408,contabilizada
M00027-02,D00027,EG2026-PRES,ORG05,Otros,118,268,325,21,36,408,contabilizada
M00027-03,D00027,EG2026-PRES,ORG01,Fuerza Popular,29,167,197,11,19,295,contabilizada
M00027-03,D00027,EG2026-PRES,ORG02,Juntos por el Peru,17,167,197,11,19,295,contabilizada
M00027-03,D00027,EG2026-PRES,ORG03,Renovacion Popular,29,167,197,11,19,295,contabilizada
M00027-03,D00027,EG2026-PRES,ORG04,Partido del Buen Gobierno,13,167,197,11,19,295,contabilizada
M00027-03,D00027,EG2026-PRES,ORG05,Otros,79,167,197,11,19,295,contabilizada
M00027-04,D00027,EG2026-PRES,ORG01,Fuerza Popular,55,288,347,24,35,412,contabilizada
M00027-04,D00027,EG2026-PRES,ORG02,Juntos por el Peru,37,288,347,24,35,412,contabilizada
M00027-04,D00027,EG2026-PRES,ORG03,Renovacion Popular,42,288,347,24,35,412,contabilizada
M00027-04,D00027,EG2026-PRES,ORG04,Partido del Buen Gobierno,41,288,347,24,35,412,contabilizada
M00027-04,D00027,EG2026-PRES,ORG05,Otros,113,288,347,24,35,412,contabilizada
M00028-01,D00028,EG2026-PRES,ORG01,Fuerza Popular,36,175,210,13,22,266,contabilizada
M00028-01,D00028,EG2026-PRES,ORG02,Juntos por el Peru,19,175,210,13,22,266,contabilizada
M00028-01,D00028,EG2026-PRES,ORG03,Renovacion Popular,31,175,210,13,22,266,contabilizada
M00028-01,D00028,EG2026-PRES,ORG04,Partido del Buen Gobierno,18,175,210,13,22,266,contabilizada
M00028-01,D00028,EG2026-PRES,ORG05,Otros,71,175,210,13,22,266,contabilizada
M00028-02,D00028,EG2026-PRES,ORG01,Fuerza Popular,47,272,329,16,41,419,contabilizada
M00028-02,D00028,EG2026-PRES,ORG02,Juntos por el Peru,27,272,329,16,41,419,contabilizada
M00028-02,D00028,EG2026-PRES,ORG03,Renovacion Popular,47,272,329,16,41,419,contabilizada
M00028-02,D00028,EG2026-PRES,ORG04,Partido del Buen Gobierno,36,272,329,16,41,419,contabilizada
M00028-02,D00028,EG2026-PRES,ORG05,Otros,115,272,329,16,41,419,contabilizada
M00029-01,D00029,EG2026-PRES,ORG01,Fuerza Popular,29,194,248,22,32,281,contabilizada
M00029-01,D00029,EG2026-PRES,ORG02,Juntos por el Peru,42,194,248,22,32,281,contabilizada
M00029-01,D00029,EG2026-PRES,ORG03,Renovacion Popular,13,194,248,22,32,281,contabilizada
M00029-01,D00029,EG2026-PRES,ORG04,Partido del Buen Gobierno,21,194,248,22,32,281,contabilizada
M00029-01,D00029,EG2026-PRES,ORG05,Otros,89,194,248,22,32,281,contabilizada
M00029-02,D00029,EG2026-PRES,ORG01,Fuerza Popular,24,169,198,9,20,259,contabilizada
M00029-02,D00029,EG2026-PRES,ORG02,Juntos por el Peru,36,169,198,9,20,259,contabilizada
M00029-02,D00029,EG2026-PRES,ORG03,Renovacion Popular,8,169,198,9,20,259,contabilizada
M00029-02,D00029,EG2026-PRES,ORG04,Partido del Buen Gobierno,16,169,198,9,20,259,contabilizada
M00029-02,D00029,EG2026-PRES,ORG05,Otros,85,169,198,9,20,259,contabilizada
M00029-03,D00029,EG2026-PRES,ORG01,Fuerza Popular,20,168,196,7,21,282,observada
M00029-03,D00029,EG2026-PRES,ORG02,Juntos por el Peru,47,168,196,7,21,282,observada
M00029-03,D00029,EG2026-PRES,ORG03,Renovacion Popular,18,168,196,7,21,282,observada
M00029-03,D00029,EG2026-PRES,ORG04,Partido del Buen Gobierno,21,168,196,7,21,282,observada
M00029-03,D00029,EG2026-PRES,ORG05,Otros,62,168,196,7,21,282,observada
M00029-04,D00029,EG2026-PRES,ORG01,Fuerza Popular,31,231,282,19,32,316,contabilizada
M00029-04,D00029,EG2026-PRES,ORG02,Juntos por el Peru,49,231,282,19,32,316,contabilizada
M00029-04,D00029,EG2026-PRES,ORG03,Renovacion Popular,16,231,282,19,32,316,contabilizada
M00029-04,D00029,EG2026-PRES,ORG04,Partido del Buen Gobierno,26,231,282,19,32,316,contabilizada
M00029-04,D00029,EG2026-PRES,ORG05,Otros,109,231,282,19,32,316,contabilizada
M00029-05,D00029,EG2026-PRES,ORG01,Fuerza Popular,26,225,269,17,27,392,contabilizada
M00029-05,D00029,EG2026-PRES,ORG02,Juntos por el Peru,53,225,269,17,27,392,contabilizada
M00029-05,D00029,EG2026-PRES,ORG03,Renovacion Popular,16,225,269,17,27,392,contabilizada
M00029-05,D00029,EG2026-PRES,ORG04,Partido del Buen Gobierno,17,225,269,17,27,392,contabilizada
M00029-05,D00029,EG2026-PRES,ORG05,Otros,113,225,269,17,27,392,contabilizada
M00030-01,D00030,EG2026-PRES,ORG01,Fuerza Popular,13,151,176,6,19,230,contabilizada
M00030-01,D00030,EG2026-PRES,ORG02,Juntos por el Peru,43,151,176,6,19,230,contabilizada
M00030-01,D00030,EG2026-PRES,ORG03,Renovacion Popular,9,151,176,6,19,230,contabilizada
M00030-01,D00030,EG2026-PRES,ORG04,Partido del Buen Gobierno,16,151,176,6,19,230,contabilizada
M00030-01,D00030,EG2026-PRES,ORG05,Otros,70,151,176,6,19,230,contabilizada
M00030-02,D00030,EG2026-PRES,ORG01,Fuerza Popular,24,261,304,6,37,407,contabilizada
M00030-02,D00030,EG2026-PRES,ORG02,Juntos por el Peru,76,261,304,6,37,407,contabilizada
M00030-02,D00030,EG2026-PRES,ORG03,Renovacion Popular,25,261,304,6,37,407,contabilizada
M00030-02,D00030,EG2026-PRES,ORG04,Partido del Buen Gobierno,25,261,304,6,37,407,contabilizada
M00030-02,D00030,EG2026-PRES,ORG05,Otros,111,261,304,6,37,407,contabilizada
M00030-03,D00030,EG2026-PRES,ORG01,Fuerza Popular,11,141,181,14,26,238,contabilizada
M00030-03,D00030,EG2026-PRES,ORG02,Juntos por el Peru,35,141,181,14,26,238,contabilizada
M00030-03,D00030,EG2026-PRES,ORG03,Renovacion Popular,10,141,181,14,26,238,contabilizada
M00030-03,D00030,EG2026-PRES,ORG04,Partido del Buen Gobierno,18,141,181,14,26,238,contabilizada
M00030-03,D00030,EG2026-PRES,ORG05,Otros,67,141,181,14,26,238,contabilizada
M00030-04,D00030,EG2026-PRES,ORG01,Fuerza Popular,15,146,177,14,17,223,contabilizada
M00030-04,D00030,EG2026-PRES,ORG02,Juntos por el Peru,37,146,177,14,17,223,contabilizada
M00030-04,D00030,EG2026-PRES,ORG03,Renovacion Popular,10,146,177,14,17,223,contabilizada
M00030-04,D00030,EG2026-PRES,ORG04,Partido del Buen Gobierno,12,146,177,14,17,223,contabilizada
M00030-04,D00030,EG2026-PRES,ORG05,Otros,72,146,177,14,17,223,contabilizada
M00030-05,D00030,EG2026-PRES,ORG01,Fuerza Popular,17,131,146,3,12,234,contabilizada
M00030-05,D00030,EG2026-PRES,ORG02,Juntos por el Peru,23,131,146,3,12,234,contabilizada
M00030-05,D00030,EG2026-PRES,ORG03,Renovacion Popular,15,131,146,3,12,234,contabilizada
M00030-05,D00030,EG2026-PRES,ORG04,Partido del Buen Gobierno,15,131,146,3,12,234,contabilizada
M00030-05,D00030,EG2026-PRES,ORG05,Otros,61,131,146,3,12,234,contabilizada
M00030-06,D00030,EG2026-PRES,ORG01,Fuerza Popular,24,276,302,6,20,373,contabilizada
M00030-06,D00030,EG2026-PRES,ORG02,Juntos por el Peru,80,276,302,6,20,373,contabilizada
M00030-06,D00030,EG2026-PRES,ORG03,Renovacion Popular,17,276,302,6,20,373,contabilizada
M00030-06,D00030,EG2026-PRES,ORG04,Partido del Buen Gobierno,28,276,302,6,20,373,contabilizada
M00030-06,D00030,EG2026-PRES,ORG05,Otros,127,276,302,6,20,373,contabilizada
M00031-01,D00031,EG2026-PRES,ORG01,Fuerza Popular,40,260,294,14,20,371,contabilizada
M00031-01,D00031,EG2026-PRES,ORG02,Juntos por el Peru,31,260,294,14,20,371,contabilizada
M00031-01,D00031,EG2026-PRES,ORG03,Renovacion Popular,34,260,294,14,20,371,contabilizada
M00031-01,D00031,EG2026-PRES,ORG04,Partido del Buen Gobierno,36,260,294,14,20,371,contabilizada
M00031-01,D00031,EG2026-PRES,ORG05,Otros,119,260,294,14,20,371,contabilizada
M00031-02,D00031,EG2026-PRES,ORG01,Fuerza Popular,23,177,204,10,17,299,contabilizada
M00031-02,D00031,EG2026-PRES,ORG02,Juntos por el Peru,27,177,204,10,17,299,contabilizada
M00031-02,D00031,EG2026-PRES,ORG03,Renovacion Popular,26,177,204,10,17,299,contabilizada
M00031-02,D00031,EG2026-PRES,ORG04,Partido del Buen Gobierno,20,177,204,10,17,299,contabilizada
M00031-02,D00031,EG2026-PRES,ORG05,Otros,81,177,204,10,17,299,contabilizada
M00031-03,D00031,EG2026-PRES,ORG01,Fuerza Popular,28,151,174,11,12,230,contabilizada
M00031-03,D00031,EG2026-PRES,ORG02,Juntos por el Peru,20,151,174,11,12,230,contabilizada
M00031-03,D00031,EG2026-PRES,ORG03,Renovacion Popular,18,151,174,11,12,230,contabilizada
M00031-03,D00031,EG2026-PRES,ORG04,Partido del Buen Gobierno,24,151,174,11,12,230,contabilizada
M00031-03,D00031,EG2026-PRES,ORG05,Otros,61,151,174,11,12,230,contabilizada
M00031-04,D00031,EG2026-PRES,ORG01,Fuerza Popular,29,195,215,7,13,274,contabilizada
M00031-04,D00031,EG2026-PRES,ORG02,Juntos por el Peru,15,195,215,7,13,274,contabilizada
M00031-04,D00031,EG2026-PRES,ORG03,Renovacion Popular,22,195,215,7,13,274,contabilizada
M00031-04,D00031,EG2026-PRES,ORG04,Partido del Buen Gobierno,27,195,215,7,13,274,contabilizada
M00031-04,D00031,EG2026-PRES,ORG05,Otros,102,195,215,7,13,274,contabilizada
M00031-05,D00031,EG2026-PRES,ORG01,Fuerza Popular,19,110,129,6,13,220,contabilizada
M00031-05,D00031,EG2026-PRES,ORG02,Juntos por el Peru,14,110,129,6,13,220,contabilizada
M00031-05,D00031,EG2026-PRES,ORG03,Renovacion Popular,19,110,129,6,13,220,contabilizada
M00031-05,D00031,EG2026-PRES,ORG04,Partido del Buen Gobierno,13,110,129,6,13,220,contabilizada
M00031-05,D00031,EG2026-PRES,ORG05,Otros,45,110,129,6,13,220,contabilizada
M00032-01,D00032,EG2026-PRES,ORG01,Fuerza Popular,45,229,267,10,28,334,contabilizada
M00032-01,D00032,EG2026-PRES,ORG02,Juntos por el Peru,36,229,267,10,28,334,contabilizada
M00032-01,D00032,EG2026-PRES,ORG03,Renovacion Popular,30,229,267,10,28,334,contabilizada
M00032-01,D00032,EG2026-PRES,ORG04,Partido del Buen Gobierno,21,229,267,10,28,334,contabilizada
M00032-01,D00032,EG2026-PRES,ORG05,Otros,97,229,267,10,28,334,contabilizada
M00032-02,D00032,EG2026-PRES,ORG01,Fuerza Popular,23,150,177,7,20,253,contabilizada
M00032-02,D00032,EG2026-PRES,ORG02,Juntos por el Peru,21,150,177,7,20,253,contabilizada
M00032-02,D00032,EG2026-PRES,ORG03,Renovacion Popular,21,150,177,7,20,253,contabilizada
M00032-02,D00032,EG2026-PRES,ORG04,Partido del Buen Gobierno,14,150,177,7,20,253,contabilizada
M00032-02,D00032,EG2026-PRES,ORG05,Otros,71,150,177,7,20,253,contabilizada
M00032-03,D00032,EG2026-PRES,ORG01,Fuerza Popular,41,201,237,11,25,317,contabilizada
M00032-03,D00032,EG2026-PRES,ORG02,Juntos por el Peru,35,201,237,11,25,317,contabilizada
M00032-03,D00032,EG2026-PRES,ORG03,Renovacion Popular,22,201,237,11,25,317,contabilizada
M00032-03,D00032,EG2026-PRES,ORG04,Partido del Buen Gobierno,21,201,237,11,25,317,contabilizada
M00032-03,D00032,EG2026-PRES,ORG05,Otros,82,201,237,11,25,317,contabilizada
M00032-04,D00032,EG2026-PRES,ORG01,Fuerza Popular,44,282,332,27,23,409,contabilizada
M00032-04,D00032,EG2026-PRES,ORG02,Juntos por el Peru,31,282,332,27,23,409,contabilizada
M00032-04,D00032,EG2026-PRES,ORG03,Renovacion Popular,40,282,332,27,23,409,contabilizada
M00032-04,D00032,EG2026-PRES,ORG04,Partido del Buen Gobierno,24,282,332,27,23,409,contabilizada
M00032-04,D00032,EG2026-PRES,ORG05,Otros,143,282,332,27,23,409,contabilizada
M00032-05,D00032,EG2026-PRES,ORG01,Fuerza Popular,31,188,230,15,27,328,contabilizada
M00032-05,D00032,EG2026-PRES,ORG02,Juntos por el Peru,25,188,230,15,27,328,contabilizada
M00032-05,D00032,EG2026-PRES,ORG03,Renovacion Popular,27,188,230,15,27,328,contabilizada
M00032-05,D00032,EG2026-PRES,ORG04,Partido del Buen Gobierno,19,188,230,15,27,328,contabilizada
M00032-05,D00032,EG2026-PRES,ORG05,Otros,86,188,230,15,27,328,contabilizada
M00033-01,D00033,EG2026-PRES,ORG01,Fuerza Popular,40,189,227,15,23,265,contabilizada
M00033-01,D00033,EG2026-PRES,ORG02,Juntos por el Peru,29,189,227,15,23,265,contabilizada
M00033-01,D00033,EG2026-PRES,ORG03,Renovacion Popular,28,189,227,15,23,265,contabilizada
M00033-01,D00033,EG2026-PRES,ORG04,Partido del Buen Gobierno,20,189,227,15,23,265,contabilizada
M00033-01,D00033,EG2026-PRES,ORG05,Otros,72,189,227,15,23,265,contabilizada
M00033-02,D00033,EG2026-PRES,ORG01,Fuerza Popular,48,268,327,23,36,401,contabilizada
M00033-02,D00033,EG2026-PRES,ORG02,Juntos por el Peru,23,268,327,23,36,401,contabilizada
M00033-02,D00033,EG2026-PRES,ORG03,Renovacion Popular,53,268,327,23,36,401,contabilizada
M00033-02,D00033,EG2026-PRES,ORG04,Partido del Buen Gobierno,36,268,327,23,36,401,contabilizada
M00033-02,D00033,EG2026-PRES,ORG05,Otros,108,268,327,23,36,401,contabilizada
M00033-03,D00033,EG2026-PRES,ORG01,Fuerza Popular,24,103,116,5,8,180,contabilizada
M00033-03,D00033,EG2026-PRES,ORG02,Juntos por el Peru,11,103,116,5,8,180,contabilizada
M00033-03,D00033,EG2026-PRES,ORG03,Renovacion Popular,17,103,116,5,8,180,contabilizada
M00033-03,D00033,EG2026-PRES,ORG04,Partido del Buen Gobierno,12,103,116,5,8,180,contabilizada
M00033-03,D00033,EG2026-PRES,ORG05,Otros,39,103,116,5,8,180,contabilizada
M00033-04,D00033,EG2026-PRES,ORG01,Fuerza Popular,37,205,229,11,13,329,contabilizada
M00033-04,D00033,EG2026-PRES,ORG02,Juntos por el Peru,28,205,229,11,13,329,contabilizada
M00033-04,D00033,EG2026-PRES,ORG03,Renovacion Popular,37,205,229,11,13,329,contabilizada
M00033-04,D00033,EG2026-PRES,ORG04,Partido del Buen Gobierno,32,205,229,11,13,329,contabilizada
M00033-04,D00033,EG2026-PRES,ORG05,Otros,71,205,229,11,13,329,contabilizada
M00033-05,D00033,EG2026-PRES,ORG01,Fuerza Popular,25,113,140,7,20,206,contabilizada
M00033-05,D00033,EG2026-PRES,ORG02,Juntos por el Peru,14,113,140,7,20,206,contabilizada
M00033-05,D00033,EG2026-PRES,ORG03,Renovacion Popular,19,113,140,7,20,206,contabilizada
M00033-05,D00033,EG2026-PRES,ORG04,Partido del Buen Gobierno,18,113,140,7,20,206,contabilizada
M00033-05,D00033,EG2026-PRES,ORG05,Otros,37,113,140,7,20,206,contabilizada
M00033-06,D00033,EG2026-PRES,ORG01,Fuerza Popular,31,128,153,13,12,200,contabilizada
M00033-06,D00033,EG2026-PRES,ORG02,Juntos por el Peru,17,128,153,13,12,200,contabilizada
M00033-06,D00033,EG2026-PRES,ORG03,Renovacion Popular,28,128,153,13,12,200,contabilizada
M00033-06,D00033,EG2026-PRES,ORG04,Partido del Buen Gobierno,11,128,153,13,12,200,contabilizada
M00033-06,D00033,EG2026-PRES,ORG05,Otros,41,128,153,13,12,200,contabilizada
M00034-01,D00034,EG2026-PRES,ORG01,Fuerza Popular,24,136,159,4,19,212,contabilizada
M00034-01,D00034,EG2026-PRES,ORG02,Juntos por el Peru,11,136,159,4,19,212,contabilizada
M00034-01,D00034,EG2026-PRES,ORG03,Renovacion Popular,15,136,159,4,19,212,contabilizada
M00034-01,D00034,EG2026-PRES,ORG04,Partido del Buen Gobierno,16,136,159,4,19,212,contabilizada
M00034-01,D00034,EG2026-PRES,ORG05,Otros,70,136,159,4,19,212,contabilizada
M00034-02,D00034,EG2026-PRES,ORG01,Fuerza Popular,45,262,291,6,23,353,contabilizada
M00034-02,D00034,EG2026-PRES,ORG02,Juntos por el Peru,36,262,291,6,23,353,contabilizada
M00034-02,D00034,EG2026-PRES,ORG03,Renovacion Popular,32,262,291,6,23,353,contabilizada
M00034-02,D00034,EG2026-PRES,ORG04,Partido del Buen Gobierno,41,262,291,6,23,353,contabilizada
M00034-02,D00034,EG2026-PRES,ORG05,Otros,108,262,291,6,23,353,contabilizada
M00034-03,D00034,EG2026-PRES,ORG01,Fuerza Popular,35,183,215,11,21,351,contabilizada
M00034-03,D00034,EG2026-PRES,ORG02,Juntos por el Peru,25,183,215,11,21,351,contabilizada
M00034-03,D00034,EG2026-PRES,ORG03,Renovacion Popular,25,183,215,11,21,351,contabilizada
M00034-03,D00034,EG2026-PRES,ORG04,Partido del Buen Gobierno,19,183,215,11,21,351,contabilizada
M00034-03,D00034,EG2026-PRES,ORG05,Otros,79,183,215,11,21,351,contabilizada
M00034-04,D00034,EG2026-PRES,ORG01,Fuerza Popular,20,169,202,10,23,316,contabilizada
M00034-04,D00034,EG2026-PRES,ORG02,Juntos por el Peru,26,169,202,10,23,316,contabilizada
M00034-04,D00034,EG2026-PRES,ORG03,Renovacion Popular,21,169,202,10,23,316,contabilizada
M00034-04,D00034,EG2026-PRES,ORG04,Partido del Buen Gobierno,17,169,202,10,23,316,contabilizada
M00034-04,D00034,EG2026-PRES,ORG05,Otros,85,169,202,10,23,316,contabilizada
M00034-05,D00034,EG2026-PRES,ORG01,Fuerza Popular,34,205,244,11,28,380,contabilizada
M00034-05,D00034,EG2026-PRES,ORG02,Juntos por el Peru,30,205,244,11,28,380,contabilizada
M00034-05,D00034,EG2026-PRES,ORG03,Renovacion Popular,19,205,244,11,28,380,contabilizada
M00034-05,D00034,EG2026-PRES,ORG04,Partido del Buen Gobierno,26,205,244,11,28,380,contabilizada
M00034-05,D00034,EG2026-PRES,ORG05,Otros,96,205,244,11,28,380,contabilizada
M00035-01,D00035,EG2026-PRES,ORG01,Fuerza Popular,39,224,269,17,28,387,contabilizada
M00035-01,D00035,EG2026-PRES,ORG02,Juntos por el Peru,21,224,269,17,28,387,contabilizada
M00035-01,D00035,EG2026-PRES,ORG03,Renovacion Popular,39,224,269,17,28,387,contabilizada
M00035-01,D00035,EG2026-PRES,ORG04,Partido del Buen Gobierno,36,224,269,17,28,387,contabilizada
M00035-01,D00035,EG2026-PRES,ORG05,Otros,89,224,269,17,28,387,contabilizada
M00035-02,D00035,EG2026-PRES,ORG01,Fuerza Popular,44,182,219,14,23,268,contabilizada
M00035-02,D00035,EG2026-PRES,ORG02,Juntos por el Peru,18,182,219,14,23,268,contabilizada
M00035-02,D00035,EG2026-PRES,ORG03,Renovacion Popular,33,182,219,14,23,268,contabilizada
M00035-02,D00035,EG2026-PRES,ORG04,Partido del Buen Gobierno,23,182,219,14,23,268,contabilizada
M00035-02,D00035,EG2026-PRES,ORG05,Otros,64,182,219,14,23,268,contabilizada
M00036-01,D00036,EG2026-PRES,ORG01,Fuerza Popular,48,206,242,15,21,363,contabilizada
M00036-01,D00036,EG2026-PRES,ORG02,Juntos por el Peru,23,206,242,15,21,363,contabilizada
M00036-01,D00036,EG2026-PRES,ORG03,Renovacion Popular,44,206,242,15,21,363,contabilizada
M00036-01,D00036,EG2026-PRES,ORG04,Partido del Buen Gobierno,30,206,242,15,21,363,contabilizada
M00036-01,D00036,EG2026-PRES,ORG05,Otros,61,206,242,15,21,363,contabilizada
M00036-02,D00036,EG2026-PRES,ORG01,Fuerza Popular,36,202,230,12,16,351,contabilizada
M00036-02,D00036,EG2026-PRES,ORG02,Juntos por el Peru,23,202,230,12,16,351,contabilizada
M00036-02,D00036,EG2026-PRES,ORG03,Renovacion Popular,42,202,230,12,16,351,contabilizada
M00036-02,D00036,EG2026-PRES,ORG04,Partido del Buen Gobierno,27,202,230,12,16,351,contabilizada
M00036-02,D00036,EG2026-PRES,ORG05,Otros,74,202,230,12,16,351,contabilizada
M00036-03,D00036,EG2026-PRES,ORG01,Fuerza Popular,29,184,225,11,30,352,contabilizada
M00036-03,D00036,EG2026-PRES,ORG02,Juntos por el Peru,17,184,225,11,30,352,contabilizada
M00036-03,D00036,EG2026-PRES,ORG03,Renovacion Popular,40,184,225,11,30,352,contabilizada
M00036-03,D00036,EG2026-PRES,ORG04,Partido del Buen Gobierno,24,184,225,11,30,352,contabilizada
M00036-03,D00036,EG2026-PRES,ORG05,Otros,74,184,225,11,30,352,contabilizada
M00036-04,D00036,EG2026-PRES,ORG01,Fuerza Popular,51,251,301,11,39,349,contabilizada
M00036-04,D00036,EG2026-PRES,ORG02,Juntos por el Peru,29,251,301,11,39,349,contabilizada
M00036-04,D00036,EG2026-PRES,ORG03,Renovacion Popular,49,251,301,11,39,349,contabilizada
M00036-04,D00036,EG2026-PRES,ORG04,Partido del Buen Gobierno,29,251,301,11,39,349,contabilizada
M00036-04,D00036,EG2026-PRES,ORG05,Otros,93,251,301,11,39,349,contabilizada
M00037-01,D00037,EG2026-PRES,ORG01,Fuerza Popular,19,161,191,11,19,301,contabilizada
M00037-01,D00037,EG2026-PRES,ORG02,Juntos por el Peru,33,161,191,11,19,301,contabilizada
M00037-01,D00037,EG2026-PRES,ORG03,Renovacion Popular,16,161,191,11,19,301,contabilizada
M00037-01,D00037,EG2026-PRES,ORG04,Partido del Buen Gobierno,22,161,191,11,19,301,contabilizada
M00037-01,D00037,EG2026-PRES,ORG05,Otros,71,161,191,11,19,301,contabilizada
M00037-02,D00037,EG2026-PRES,ORG01,Fuerza Popular,17,110,138,9,19,232,contabilizada
M00037-02,D00037,EG2026-PRES,ORG02,Juntos por el Peru,13,110,138,9,19,232,contabilizada
M00037-02,D00037,EG2026-PRES,ORG03,Renovacion Popular,7,110,138,9,19,232,contabilizada
M00037-02,D00037,EG2026-PRES,ORG04,Partido del Buen Gobierno,14,110,138,9,19,232,contabilizada
M00037-02,D00037,EG2026-PRES,ORG05,Otros,59,110,138,9,19,232,contabilizada
M00037-03,D00037,EG2026-PRES,ORG01,Fuerza Popular,26,219,247,12,16,320,contabilizada
M00037-03,D00037,EG2026-PRES,ORG02,Juntos por el Peru,42,219,247,12,16,320,contabilizada
M00037-03,D00037,EG2026-PRES,ORG03,Renovacion Popular,25,219,247,12,16,320,contabilizada
M00037-03,D00037,EG2026-PRES,ORG04,Partido del Buen Gobierno,24,219,247,12,16,320,contabilizada
M00037-03,D00037,EG2026-PRES,ORG05,Otros,102,219,247,12,16,320,contabilizada
M00037-04,D00037,EG2026-PRES,ORG01,Fuerza Popular,17,178,195,4,13,271,contabilizada
M00037-04,D00037,EG2026-PRES,ORG02,Juntos por el Peru,43,178,195,4,13,271,contabilizada
M00037-04,D00037,EG2026-PRES,ORG03,Renovacion Popular,17,178,195,4,13,271,contabilizada
M00037-04,D00037,EG2026-PRES,ORG04,Partido del Buen Gobierno,18,178,195,4,13,271,contabilizada
M00037-04,D00037,EG2026-PRES,ORG05,Otros,83,178,195,4,13,271,contabilizada
M00038-01,D00038,EG2026-PRES,ORG01,Fuerza Popular,27,136,162,10,16,206,contabilizada
M00038-01,D00038,EG2026-PRES,ORG02,Juntos por el Peru,11,136,162,10,16,206,contabilizada
M00038-01,D00038,EG2026-PRES,ORG03,Renovacion Popular,25,136,162,10,16,206,contabilizada
M00038-01,D00038,EG2026-PRES,ORG04,Partido del Buen Gobierno,15,136,162,10,16,206,contabilizada
M00038-01,D00038,EG2026-PRES,ORG05,Otros,58,136,162,10,16,206,contabilizada
M00038-02,D00038,EG2026-PRES,ORG01,Fuerza Popular,26,206,240,14,20,335,contabilizada
M00038-02,D00038,EG2026-PRES,ORG02,Juntos por el Peru,26,206,240,14,20,335,contabilizada
M00038-02,D00038,EG2026-PRES,ORG03,Renovacion Popular,35,206,240,14,20,335,contabilizada
M00038-02,D00038,EG2026-PRES,ORG04,Partido del Buen Gobierno,25,206,240,14,20,335,contabilizada
M00038-02,D00038,EG2026-PRES,ORG05,Otros,94,206,240,14,20,335,contabilizada
M00038-03,D00038,EG2026-PRES,ORG01,Fuerza Popular,25,124,149,7,18,220,contabilizada
M00038-03,D00038,EG2026-PRES,ORG02,Juntos por el Peru,18,124,149,7,18,220,contabilizada
M00038-03,D00038,EG2026-PRES,ORG03,Renovacion Popular,20,124,149,7,18,220,contabilizada
M00038-03,D00038,EG2026-PRES,ORG04,Partido del Buen Gobierno,19,124,149,7,18,220,contabilizada
M00038-03,D00038,EG2026-PRES,ORG05,Otros,42,124,149,7,18,220,contabilizada
M00038-04,D00038,EG2026-PRES,ORG01,Fuerza Popular,20,156,180,9,15,278,contabilizada
M00038-04,D00038,EG2026-PRES,ORG02,Juntos por el Peru,21,156,180,9,15,278,contabilizada
M00038-04,D00038,EG2026-PRES,ORG03,Renovacion Popular,25,156,180,9,15,278,contabilizada
M00038-04,D00038,EG2026-PRES,ORG04,Partido del Buen Gobierno,22,156,180,9,15,278,contabilizada
M00038-04,D00038,EG2026-PRES,ORG05,Otros,68,156,180,9,15,278,contabilizada
M00038-05,D00038,EG2026-PRES,ORG01,Fuerza Popular,40,256,291,24,11,385,contabilizada
M00038-05,D00038,EG2026-PRES,ORG02,Juntos por el Peru,32,256,291,24,11,385,contabilizada
M00038-05,D00038,EG2026-PRES,ORG03,Renovacion Popular,42,256,291,24,11,385,contabilizada
M00038-05,D00038,EG2026-PRES,ORG04,Partido del Buen Gobierno,26,256,291,24,11,385,contabilizada
M00038-05,D00038,EG2026-PRES,ORG05,Otros,116,256,291,24,11,385,contabilizada
M00039-01,D00039,EG2026-PRES,ORG01,Fuerza Popular,32,133,158,11,14,231,contabilizada
M00039-01,D00039,EG2026-PRES,ORG02,Juntos por el Peru,19,133,158,11,14,231,contabilizada
M00039-01,D00039,EG2026-PRES,ORG03,Renovacion Popular,19,133,158,11,14,231,contabilizada
M00039-01,D00039,EG2026-PRES,ORG04,Partido del Buen Gobierno,19,133,158,11,14,231,contabilizada
M00039-01,D00039,EG2026-PRES,ORG05,Otros,44,133,158,11,14,231,contabilizada
M00039-02,D00039,EG2026-PRES,ORG01,Fuerza Popular,30,169,195,12,14,275,contabilizada
M00039-02,D00039,EG2026-PRES,ORG02,Juntos por el Peru,25,169,195,12,14,275,contabilizada
M00039-02,D00039,EG2026-PRES,ORG03,Renovacion Popular,22,169,195,12,14,275,contabilizada
M00039-02,D00039,EG2026-PRES,ORG04,Partido del Buen Gobierno,24,169,195,12,14,275,contabilizada
M00039-02,D00039,EG2026-PRES,ORG05,Otros,68,169,195,12,14,275,contabilizada
M00039-03,D00039,EG2026-PRES,ORG01,Fuerza Popular,30,212,249,16,21,368,contabilizada
M00039-03,D00039,EG2026-PRES,ORG02,Juntos por el Peru,29,212,249,16,21,368,contabilizada
M00039-03,D00039,EG2026-PRES,ORG03,Renovacion Popular,36,212,249,16,21,368,contabilizada
M00039-03,D00039,EG2026-PRES,ORG04,Partido del Buen Gobierno,32,212,249,16,21,368,contabilizada
M00039-03,D00039,EG2026-PRES,ORG05,Otros,85,212,249,16,21,368,contabilizada
M00039-04,D00039,EG2026-PRES,ORG01,Fuerza Popular,31,218,260,23,19,349,observada
M00039-04,D00039,EG2026-PRES,ORG02,Juntos por el Peru,24,218,260,23,19,349,observada
M00039-04,D00039,EG2026-PRES,ORG03,Renovacion Popular,23,218,260,23,19,349,observada
M00039-04,D00039,EG2026-PRES,ORG04,Partido del Buen Gobierno,37,218,260,23,19,349,observada
M00039-04,D00039,EG2026-PRES,ORG05,Otros,103,218,260,23,19,349,observada
M00039-05,D00039,EG2026-PRES,ORG01,Fuerza Popular,23,154,185,10,21,308,contabilizada
M00039-05,D00039,EG2026-PRES,ORG02,Juntos por el Peru,19,154,185,10,21,308,contabilizada
M00039-05,D00039,EG2026-PRES,ORG03,Renovacion Popular,16,154,185,10,21,308,contabilizada
M00039-05,D00039,EG2026-PRES,ORG04,Partido del Buen Gobierno,21,154,185,10,21,308,contabilizada
M00039-05,D00039,EG2026-PRES,ORG05,Otros,75,154,185,10,21,308,contabilizada
M00039-06,D00039,EG2026-PRES,ORG01,Fuerza Popular,40,165,196,5,26,266,contabilizada
M00039-06,D00039,EG2026-PRES,ORG02,Juntos por el Peru,28,165,196,5,26,266,contabilizada
M00039-06,D00039,EG2026-PRES,ORG03,Renovacion Popular,25,165,196,5,26,266,contabilizada
M00039-06,D00039,EG2026-PRES,ORG04,Partido del Buen Gobierno,23,165,196,5,26,266,contabilizada
M00039-06,D00039,EG2026-PRES,ORG05,Otros,49,165,196,5,26,266,contabilizada
M00040-01,D00040,EG2026-PRES,ORG01,Fuerza Popular,35,192,231,13,26,287,contabilizada
M00040-01,D00040,EG2026-PRES,ORG02,Juntos por el Peru,23,192,231,13,26,287,contabilizada
M00040-01,D00040,EG2026-PRES,ORG03,Renovacion Popular,35,192,231,13,26,287,contabilizada
M00040-01,D00040,EG2026-PRES,ORG04,Partido del Buen Gobierno,14,192,231,13,26,287,contabilizada
M00040-01,D00040,EG2026-PRES,ORG05,Otros,85,192,231,13,26,287,contabilizada
M00040-02,D00040,EG2026-PRES,ORG01,Fuerza Popular,39,167,191,10,14,261,contabilizada
M00040-02,D00040,EG2026-PRES,ORG02,Juntos por el Peru,17,167,191,10,14,261,contabilizada
M00040-02,D00040,EG2026-PRES,ORG03,Renovacion Popular,29,167,191,10,14,261,contabilizada
M00040-02,D00040,EG2026-PRES,ORG04,Partido del Buen Gobierno,22,167,191,10,14,261,contabilizada
M00040-02,D00040,EG2026-PRES,ORG05,Otros,60,167,191,10,14,261,contabilizada
M00040-03,D00040,EG2026-PRES,ORG01,Fuerza Popular,41,213,239,10,16,340,contabilizada
M00040-03,D00040,EG2026-PRES,ORG02,Juntos por el Peru,22,213,239,10,16,340,contabilizada
M00040-03,D00040,EG2026-PRES,ORG03,Renovacion Popular,34,213,239,10,16,340,contabilizada
M00040-03,D00040,EG2026-PRES,ORG04,Partido del Buen Gobierno,28,213,239,10,16,340,contabilizada
M00040-03,D00040,EG2026-PRES,ORG05,Otros,88,213,239,10,16,340,contabilizada
M00041-01,D00041,EG2026-PRES,ORG01,Fuerza Popular,33,168,200,14,18,260,contabilizada
M00041-01,D00041,EG2026-PRES,ORG02,Juntos por el Peru,29,168,200,14,18,260,contabilizada
M00041-01,D00041,EG2026-PRES,ORG03,Renovacion Popular,19,168,200,14,18,260,contabilizada
M00041-01,D00041,EG2026-PRES,ORG04,Partido del Buen Gobierno,15,168,200,14,18,260,contabilizada
M00041-01,D00041,EG2026-PRES,ORG05,Otros,72,168,200,14,18,260,contabilizada
M00041-02,D00041,EG2026-PRES,ORG01,Fuerza Popular,47,223,256,13,20,349,contabilizada
M00041-02,D00041,EG2026-PRES,ORG02,Juntos por el Peru,28,223,256,13,20,349,contabilizada
M00041-02,D00041,EG2026-PRES,ORG03,Renovacion Popular,31,223,256,13,20,349,contabilizada
M00041-02,D00041,EG2026-PRES,ORG04,Partido del Buen Gobierno,26,223,256,13,20,349,contabilizada
M00041-02,D00041,EG2026-PRES,ORG05,Otros,91,223,256,13,20,349,contabilizada
M00041-03,D00041,EG2026-PRES,ORG01,Fuerza Popular,23,161,183,9,13,312,contabilizada
M00041-03,D00041,EG2026-PRES,ORG02,Juntos por el Peru,18,161,183,9,13,312,contabilizada
M00041-03,D00041,EG2026-PRES,ORG03,Renovacion Popular,24,161,183,9,13,312,contabilizada
M00041-03,D00041,EG2026-PRES,ORG04,Partido del Buen Gobierno,27,161,183,9,13,312,contabilizada
M00041-03,D00041,EG2026-PRES,ORG05,Otros,69,161,183,9,13,312,contabilizada
M00041-04,D00041,EG2026-PRES,ORG01,Fuerza Popular,26,143,162,8,11,224,contabilizada
M00041-04,D00041,EG2026-PRES,ORG02,Juntos por el Peru,19,143,162,8,11,224,contabilizada
M00041-04,D00041,EG2026-PRES,ORG03,Renovacion Popular,18,143,162,8,11,224,contabilizada
M00041-04,D00041,EG2026-PRES,ORG04,Partido del Buen Gobierno,16,143,162,8,11,224,contabilizada
M00041-04,D00041,EG2026-PRES,ORG05,Otros,64,143,162,8,11,224,contabilizada
M00041-05,D00041,EG2026-PRES,ORG01,Fuerza Popular,22,139,158,5,14,215,contabilizada
M00041-05,D00041,EG2026-PRES,ORG02,Juntos por el Peru,26,139,158,5,14,215,contabilizada
M00041-05,D00041,EG2026-PRES,ORG03,Renovacion Popular,18,139,158,5,14,215,contabilizada
M00041-05,D00041,EG2026-PRES,ORG04,Partido del Buen Gobierno,23,139,158,5,14,215,contabilizada
M00041-05,D00041,EG2026-PRES,ORG05,Otros,50,139,158,5,14,215,contabilizada
M00042-01,D00042,EG2026-PRES,ORG01,Fuerza Popular,37,184,213,9,20,339,contabilizada
M00042-01,D00042,EG2026-PRES,ORG02,Juntos por el Peru,26,184,213,9,20,339,contabilizada
M00042-01,D00042,EG2026-PRES,ORG03,Renovacion Popular,19,184,213,9,20,339,contabilizada
M00042-01,D00042,EG2026-PRES,ORG04,Partido del Buen Gobierno,23,184,213,9,20,339,contabilizada
M00042-01,D00042,EG2026-PRES,ORG05,Otros,79,184,213,9,20,339,contabilizada
M00042-02,D00042,EG2026-PRES,ORG01,Fuerza Popular,23,136,166,8,22,210,contabilizada
M00042-02,D00042,EG2026-PRES,ORG02,Juntos por el Peru,20,136,166,8,22,210,contabilizada
M00042-02,D00042,EG2026-PRES,ORG03,Renovacion Popular,19,136,166,8,22,210,contabilizada
M00042-02,D00042,EG2026-PRES,ORG04,Partido del Buen Gobierno,17,136,166,8,22,210,contabilizada
M00042-02,D00042,EG2026-PRES,ORG05,Otros,57,136,166,8,22,210,contabilizada
M00042-03,D00042,EG2026-PRES,ORG01,Fuerza Popular,18,131,146,8,7,220,contabilizada
M00042-03,D00042,EG2026-PRES,ORG02,Juntos por el Peru,17,131,146,8,7,220,contabilizada
M00042-03,D00042,EG2026-PRES,ORG03,Renovacion Popular,19,131,146,8,7,220,contabilizada
M00042-03,D00042,EG2026-PRES,ORG04,Partido del Buen Gobierno,16,131,146,8,7,220,contabilizada
M00042-03,D00042,EG2026-PRES,ORG05,Otros,61,131,146,8,7,220,contabilizada
M00042-04,D00042,EG2026-PRES,ORG01,Fuerza Popular,33,198,221,7,16,274,contabilizada
M00042-04,D00042,EG2026-PRES,ORG02,Juntos por el Peru,25,198,221,7,16,274,contabilizada
M00042-04,D00042,EG2026-PRES,ORG03,Renovacion Popular,18,198,221,7,16,274,contabilizada
M00042-04,D00042,EG2026-PRES,ORG04,Partido del Buen Gobierno,21,198,221,7,16,274,contabilizada
M00042-04,D00042,EG2026-PRES,ORG05,Otros,101,198,221,7,16,274,contabilizada
M00042-05,D00042,EG2026-PRES,ORG01,Fuerza Popular,38,223,269,17,29,362,contabilizada
M00042-05,D00042,EG2026-PRES,ORG02,Juntos por el Peru,44,223,269,17,29,362,contabilizada
M00042-05,D00042,EG2026-PRES,ORG03,Renovacion Popular,30,223,269,17,29,362,contabilizada
M00042-05,D00042,EG2026-PRES,ORG04,Partido del Buen Gobierno,27,223,269,17,29,362,contabilizada
M00042-05,D00042,EG2026-PRES,ORG05,Otros,84,223,269,17,29,362,contabilizada
M00042-06,D00042,EG2026-PRES,ORG01,Fuerza Popular,45,250,294,15,29,409,contabilizada
M00042-06,D00042,EG2026-PRES,ORG02,Juntos por el Peru,42,250,294,15,29,409,contabilizada
M00042-06,D00042,EG2026-PRES,ORG03,Renovacion Popular,49,250,294,15,29,409,contabilizada
M00042-06,D00042,EG2026-PRES,ORG04,Partido del Buen Gobierno,24,250,294,15,29,409,contabilizada
M00042-06,D00042,EG2026-PRES,ORG05,Otros,90,250,294,15,29,409,contabilizada
M00043-01,D00043,EG2026-PRES,ORG01,Fuerza Popular,40,236,283,13,34,330,contabilizada
M00043-01,D00043,EG2026-PRES,ORG02,Juntos por el Peru,39,236,283,13,34,330,contabilizada
M00043-01,D00043,EG2026-PRES,ORG03,Renovacion Popular,35,236,283,13,34,330,contabilizada
M00043-01,D00043,EG2026-PRES,ORG04,Partido del Buen Gobierno,24,236,283,13,34,330,contabilizada
M00043-01,D00043,EG2026-PRES,ORG05,Otros,98,236,283,13,34,330,contabilizada
M00043-02,D00043,EG2026-PRES,ORG01,Fuerza Popular,21,122,140,6,12,187,contabilizada
M00043-02,D00043,EG2026-PRES,ORG02,Juntos por el Peru,16,122,140,6,12,187,contabilizada
M00043-02,D00043,EG2026-PRES,ORG03,Renovacion Popular,19,122,140,6,12,187,contabilizada
M00043-02,D00043,EG2026-PRES,ORG04,Partido del Buen Gobierno,13,122,140,6,12,187,contabilizada
M00043-02,D00043,EG2026-PRES,ORG05,Otros,53,122,140,6,12,187,contabilizada
M00043-03,D00043,EG2026-PRES,ORG01,Fuerza Popular,39,203,250,17,30,370,contabilizada
M00043-03,D00043,EG2026-PRES,ORG02,Juntos por el Peru,35,203,250,17,30,370,contabilizada
M00043-03,D00043,EG2026-PRES,ORG03,Renovacion Popular,22,203,250,17,30,370,contabilizada
M00043-03,D00043,EG2026-PRES,ORG04,Partido del Buen Gobierno,27,203,250,17,30,370,contabilizada
M00043-03,D00043,EG2026-PRES,ORG05,Otros,80,203,250,17,30,370,contabilizada
M00043-04,D00043,EG2026-PRES,ORG01,Fuerza Popular,19,152,183,11,20,247,contabilizada
M00043-04,D00043,EG2026-PRES,ORG02,Juntos por el Peru,17,152,183,11,20,247,contabilizada
M00043-04,D00043,EG2026-PRES,ORG03,Renovacion Popular,21,152,183,11,20,247,contabilizada
M00043-04,D00043,EG2026-PRES,ORG04,Partido del Buen Gobierno,11,152,183,11,20,247,contabilizada
M00043-04,D00043,EG2026-PRES,ORG05,Otros,84,152,183,11,20,247,contabilizada
M00043-05,D00043,EG2026-PRES,ORG01,Fuerza Popular,38,255,300,15,30,359,contabilizada
M00043-05,D00043,EG2026-PRES,ORG02,Juntos por el Peru,36,255,300,15,30,359,contabilizada
M00043-05,D00043,EG2026-PRES,ORG03,Renovacion Popular,26,255,300,15,30,359,contabilizada
M00043-05,D00043,EG2026-PRES,ORG04,Partido del Buen Gobierno,30,255,300,15,30,359,contabilizada
M00043-05,D00043,EG2026-PRES,ORG05,Otros,125,255,300,15,30,359,contabilizada
M00043-06,D00043,EG2026-PRES,ORG01,Fuerza Popular,32,214,239,14,11,396,contabilizada
M00043-06,D00043,EG2026-PRES,ORG02,Juntos por el Peru,31,214,239,14,11,396,contabilizada
M00043-06,D00043,EG2026-PRES,ORG03,Renovacion Popular,27,214,239,14,11,396,contabilizada
M00043-06,D00043,EG2026-PRES,ORG04,Partido del Buen Gobierno,29,214,239,14,11,396,contabilizada
M00043-06,D00043,EG2026-PRES,ORG05,Otros,95,214,239,14,11,396,contabilizada
M00044-01,D00044,EG2026-PRES,ORG01,Fuerza Popular,40,221,257,11,25,392,contabilizada
M00044-01,D00044,EG2026-PRES,ORG02,Juntos por el Peru,27,221,257,11,25,392,contabilizada
M00044-01,D00044,EG2026-PRES,ORG03,Renovacion Popular,29,221,257,11,25,392,contabilizada
M00044-01,D00044,EG2026-PRES,ORG04,Partido del Buen Gobierno,25,221,257,11,25,392,contabilizada
M00044-01,D00044,EG2026-PRES,ORG05,Otros,100,221,257,11,25,392,contabilizada
M00044-02,D00044,EG2026-PRES,ORG01,Fuerza Popular,20,142,177,15,20,259,contabilizada
M00044-02,D00044,EG2026-PRES,ORG02,Juntos por el Peru,21,142,177,15,20,259,contabilizada
M00044-02,D00044,EG2026-PRES,ORG03,Renovacion Popular,22,142,177,15,20,259,contabilizada
M00044-02,D00044,EG2026-PRES,ORG04,Partido del Buen Gobierno,17,142,177,15,20,259,contabilizada
M00044-02,D00044,EG2026-PRES,ORG05,Otros,62,142,177,15,20,259,contabilizada
M00044-03,D00044,EG2026-PRES,ORG01,Fuerza Popular,26,155,187,13,19,275,contabilizada
M00044-03,D00044,EG2026-PRES,ORG02,Juntos por el Peru,22,155,187,13,19,275,contabilizada
M00044-03,D00044,EG2026-PRES,ORG03,Renovacion Popular,22,155,187,13,19,275,contabilizada
M00044-03,D00044,EG2026-PRES,ORG04,Partido del Buen Gobierno,18,155,187,13,19,275,contabilizada
M00044-03,D00044,EG2026-PRES,ORG05,Otros,67,155,187,13,19,275,contabilizada
M00044-04,D00044,EG2026-PRES,ORG01,Fuerza Popular,21,167,201,15,19,271,contabilizada
M00044-04,D00044,EG2026-PRES,ORG02,Juntos por el Peru,22,167,201,15,19,271,contabilizada
M00044-04,D00044,EG2026-PRES,ORG03,Renovacion Popular,24,167,201,15,19,271,contabilizada
M00044-04,D00044,EG2026-PRES,ORG04,Partido del Buen Gobierno,14,167,201,15,19,271,contabilizada
M00044-04,D00044,EG2026-PRES,ORG05,Otros,86,167,201,15,19,271,contabilizada
M00044-05,D00044,EG2026-PRES,ORG01,Fuerza Popular,46,234,271,9,28,335,contabilizada
M00044-05,D00044,EG2026-PRES,ORG02,Juntos por el Peru,35,234,271,9,28,335,contabilizada
M00044-05,D00044,EG2026-PRES,ORG03,Renovacion Popular,43,234,271,9,28,335,contabilizada
M00044-05,D00044,EG2026-PRES,ORG04,Partido del Buen Gobierno,34,234,271,9,28,335,contabilizada
M00044-05,D00044,EG2026-PRES,ORG05,Otros,76,234,271,9,28,335,contabilizada
M00044-06,D00044,EG2026-PRES,ORG01,Fuerza Popular,23,144,170,10,16,263,observada
M00044-06,D00044,EG2026-PRES,ORG02,Juntos por el Peru,21,144,170,10,16,263,observada
M00044-06,D00044,EG2026-PRES,ORG03,Renovacion Popular,22,144,170,10,16,263,observada
M00044-06,D00044,EG2026-PRES,ORG04,Partido del Buen Gobierno,19,144,170,10,16,263,observada
M00044-06,D00044,EG2026-PRES,ORG05,Otros,59,144,170,10,16,263,observada
M00045-01,D00045,EG2026-PRES,ORG01,Fuerza Popular,23,145,183,19,19,242,contabilizada
M00045-01,D00045,EG2026-PRES,ORG02,Juntos por el Peru,18,145,183,19,19,242,contabilizada
M00045-01,D00045,EG2026-PRES,ORG03,Renovacion Popular,27,145,183,19,19,242,contabilizada
M00045-01,D00045,EG2026-PRES,ORG04,Partido del Buen Gobierno,24,145,183,19,19,242,contabilizada
M00045-01,D00045,EG2026-PRES,ORG05,Otros,53,145,183,19,19,242,contabilizada
M00045-02,D00045,EG2026-PRES,ORG01,Fuerza Popular,37,199,235,18,18,315,contabilizada
M00045-02,D00045,EG2026-PRES,ORG02,Juntos por el Peru,25,199,235,18,18,315,contabilizada
M00045-02,D00045,EG2026-PRES,ORG03,Renovacion Popular,36,199,235,18,18,315,contabilizada
M00045-02,D00045,EG2026-PRES,ORG04,Partido del Buen Gobierno,31,199,235,18,18,315,contabilizada
M00045-02,D00045,EG2026-PRES,ORG05,Otros,70,199,235,18,18,315,contabilizada
M00045-03,D00045,EG2026-PRES,ORG01,Fuerza Popular,40,238,274,12,24,305,contabilizada
M00045-03,D00045,EG2026-PRES,ORG02,Juntos por el Peru,30,238,274,12,24,305,contabilizada
M00045-03,D00045,EG2026-PRES,ORG03,Renovacion Popular,34,238,274,12,24,305,contabilizada
M00045-03,D00045,EG2026-PRES,ORG04,Partido del Buen Gobierno,35,238,274,12,24,305,contabilizada
M00045-03,D00045,EG2026-PRES,ORG05,Otros,99,238,274,12,24,305,contabilizada
M00045-04,D00045,EG2026-PRES,ORG01,Fuerza Popular,29,190,226,17,19,294,contabilizada
M00045-04,D00045,EG2026-PRES,ORG02,Juntos por el Peru,23,190,226,17,19,294,contabilizada
M00045-04,D00045,EG2026-PRES,ORG03,Renovacion Popular,28,190,226,17,19,294,contabilizada
M00045-04,D00045,EG2026-PRES,ORG04,Partido del Buen Gobierno,23,190,226,17,19,294,contabilizada
M00045-04,D00045,EG2026-PRES,ORG05,Otros,87,190,226,17,19,294,contabilizada
M00045-05,D00045,EG2026-PRES,ORG01,Fuerza Popular,57,246,275,7,22,311,contabilizada
M00045-05,D00045,EG2026-PRES,ORG02,Juntos por el Peru,28,246,275,7,22,311,contabilizada
M00045-05,D00045,EG2026-PRES,ORG03,Renovacion Popular,50,246,275,7,22,311,contabilizada
M00045-05,D00045,EG2026-PRES,ORG04,Partido del Buen Gobierno,20,246,275,7,22,311,contabilizada
M00045-05,D00045,EG2026-PRES,ORG05,Otros,91,246,275,7,22,311,contabilizada
M00046-01,D00046,EG2026-PRES,ORG01,Fuerza Popular,26,164,191,14,13,240,observada
M00046-01,D00046,EG2026-PRES,ORG02,Juntos por el Peru,24,164,191,14,13,240,observada
M00046-01,D00046,EG2026-PRES,ORG03,Renovacion Popular,27,164,191,14,13,240,observada
M00046-01,D00046,EG2026-PRES,ORG04,Partido del Buen Gobierno,20,164,191,14,13,240,observada
M00046-01,D00046,EG2026-PRES,ORG05,Otros,67,164,191,14,13,240,observada
M00046-02,D00046,EG2026-PRES,ORG01,Fuerza Popular,24,112,132,5,15,210,observada
M00046-02,D00046,EG2026-PRES,ORG02,Juntos por el Peru,11,112,132,5,15,210,observada
M00046-02,D00046,EG2026-PRES,ORG03,Renovacion Popular,20,112,132,5,15,210,observada
M00046-02,D00046,EG2026-PRES,ORG04,Partido del Buen Gobierno,14,112,132,5,15,210,observada
M00046-02,D00046,EG2026-PRES,ORG05,Otros,43,112,132,5,15,210,observada
M00046-03,D00046,EG2026-PRES,ORG01,Fuerza Popular,54,252,295,20,23,369,pendiente
M00046-03,D00046,EG2026-PRES,ORG02,Juntos por el Peru,29,252,295,20,23,369,pendiente
M00046-03,D00046,EG2026-PRES,ORG03,Renovacion Popular,52,252,295,20,23,369,pendiente
M00046-03,D00046,EG2026-PRES,ORG04,Partido del Buen Gobierno,25,252,295,20,23,369,pendiente
M00046-03,D00046,EG2026-PRES,ORG05,Otros,92,252,295,20,23,369,pendiente
M00046-04,D00046,EG2026-PRES,ORG01,Fuerza Popular,25,127,150,9,14,269,contabilizada
M00046-04,D00046,EG2026-PRES,ORG02,Juntos por el Peru,12,127,150,9,14,269,contabilizada
M00046-04,D00046,EG2026-PRES,ORG03,Renovacion Popular,18,127,150,9,14,269,contabilizada
M00046-04,D00046,EG2026-PRES,ORG04,Partido del Buen Gobierno,20,127,150,9,14,269,contabilizada
M00046-04,D00046,EG2026-PRES,ORG05,Otros,52,127,150,9,14,269,contabilizada
M00046-05,D00046,EG2026-PRES,ORG01,Fuerza Popular,32,170,199,10,19,301,contabilizada
M00046-05,D00046,EG2026-PRES,ORG02,Juntos por el Peru,16,170,199,10,19,301,contabilizada
M00046-05,D00046,EG2026-PRES,ORG03,Renovacion Popular,26,170,199,10,19,301,contabilizada
M00046-05,D00046,EG2026-PRES,ORG04,Partido del Buen Gobierno,17,170,199,10,19,301,contabilizada
M00046-05,D00046,EG2026-PRES,ORG05,Otros,79,170,199,10,19,301,contabilizada
M00046-06,D00046,EG2026-PRES,ORG01,Fuerza Popular,23,139,168,10,19,222,contabilizada
M00046-06,D00046,EG2026-PRES,ORG02,Juntos por el Peru,17,139,168,10,19,222,contabilizada
M00046-06,D00046,EG2026-PRES,ORG03,Renovacion Popular,34,139,168,10,19,222,contabilizada
M00046-06,D00046,EG2026-PRES,ORG04,Partido del Buen Gobierno,20,139,168,10,19,222,contabilizada
M00046-06,D00046,EG2026-PRES,ORG05,Otros,45,139,168,10,19,222,contabilizada
M00047-01,D00047,EG2026-PRES,ORG01,Fuerza Popular,21,202,228,15,11,407,contabilizada
M00047-01,D00047,EG2026-PRES,ORG02,Juntos por el Peru,43,202,228,15,11,407,contabilizada
M00047-01,D00047,EG2026-PRES,ORG03,Renovacion Popular,12,202,228,15,11,407,contabilizada
M00047-01,D00047,EG2026-PRES,ORG04,Partido del Buen Gobierno,19,202,228,15,11,407,contabilizada
M00047-01,D00047,EG2026-PRES,ORG05,Otros,107,202,228,15,11,407,contabilizada
M00047-02,D00047,EG2026-PRES,ORG01,Fuerza Popular,25,258,304,17,29,412,observada
M00047-02,D00047,EG2026-PRES,ORG02,Juntos por el Peru,60,258,304,17,29,412,observada
M00047-02,D00047,EG2026-PRES,ORG03,Renovacion Popular,17,258,304,17,29,412,observada
M00047-02,D00047,EG2026-PRES,ORG04,Partido del Buen Gobierno,32,258,304,17,29,412,observada
M00047-02,D00047,EG2026-PRES,ORG05,Otros,124,258,304,17,29,412,observada
M00047-03,D00047,EG2026-PRES,ORG01,Fuerza Popular,22,162,186,8,16,207,contabilizada
M00047-03,D00047,EG2026-PRES,ORG02,Juntos por el Peru,42,162,186,8,16,207,contabilizada
M00047-03,D00047,EG2026-PRES,ORG03,Renovacion Popular,18,162,186,8,16,207,contabilizada
M00047-03,D00047,EG2026-PRES,ORG04,Partido del Buen Gobierno,16,162,186,8,16,207,contabilizada
M00047-03,D00047,EG2026-PRES,ORG05,Otros,64,162,186,8,16,207,contabilizada
M00047-04,D00047,EG2026-PRES,ORG01,Fuerza Popular,15,162,184,8,14,240,contabilizada
M00047-04,D00047,EG2026-PRES,ORG02,Juntos por el Peru,40,162,184,8,14,240,contabilizada
M00047-04,D00047,EG2026-PRES,ORG03,Renovacion Popular,12,162,184,8,14,240,contabilizada
M00047-04,D00047,EG2026-PRES,ORG04,Partido del Buen Gobierno,17,162,184,8,14,240,contabilizada
M00047-04,D00047,EG2026-PRES,ORG05,Otros,78,162,184,8,14,240,contabilizada
M00048-01,D00048,EG2026-PRES,ORG01,Fuerza Popular,28,269,301,8,24,374,contabilizada
M00048-01,D00048,EG2026-PRES,ORG02,Juntos por el Peru,54,269,301,8,24,374,contabilizada
M00048-01,D00048,EG2026-PRES,ORG03,Renovacion Popular,15,269,301,8,24,374,contabilizada
M00048-01,D00048,EG2026-PRES,ORG04,Partido del Buen Gobierno,24,269,301,8,24,374,contabilizada
M00048-01,D00048,EG2026-PRES,ORG05,Otros,148,269,301,8,24,374,contabilizada
M00048-02,D00048,EG2026-PRES,ORG01,Fuerza Popular,24,159,180,8,13,252,contabilizada
M00048-02,D00048,EG2026-PRES,ORG02,Juntos por el Peru,34,159,180,8,13,252,contabilizada
M00048-02,D00048,EG2026-PRES,ORG03,Renovacion Popular,14,159,180,8,13,252,contabilizada
M00048-02,D00048,EG2026-PRES,ORG04,Partido del Buen Gobierno,14,159,180,8,13,252,contabilizada
M00048-02,D00048,EG2026-PRES,ORG05,Otros,73,159,180,8,13,252,contabilizada
M00048-03,D00048,EG2026-PRES,ORG01,Fuerza Popular,27,207,251,14,30,360,contabilizada
M00048-03,D00048,EG2026-PRES,ORG02,Juntos por el Peru,41,207,251,14,30,360,contabilizada
M00048-03,D00048,EG2026-PRES,ORG03,Renovacion Popular,11,207,251,14,30,360,contabilizada
M00048-03,D00048,EG2026-PRES,ORG04,Partido del Buen Gobierno,19,207,251,14,30,360,contabilizada
M00048-03,D00048,EG2026-PRES,ORG05,Otros,109,207,251,14,30,360,contabilizada
M00048-04,D00048,EG2026-PRES,ORG01,Fuerza Popular,22,169,204,12,23,303,contabilizada
M00048-04,D00048,EG2026-PRES,ORG02,Juntos por el Peru,40,169,204,12,23,303,contabilizada
M00048-04,D00048,EG2026-PRES,ORG03,Renovacion Popular,12,169,204,12,23,303,contabilizada
M00048-04,D00048,EG2026-PRES,ORG04,Partido del Buen Gobierno,19,169,204,12,23,303,contabilizada
M00048-04,D00048,EG2026-PRES,ORG05,Otros,76,169,204,12,23,303,contabilizada
M00048-05,D00048,EG2026-PRES,ORG01,Fuerza Popular,21,144,170,11,15,199,observada
M00048-05,D00048,EG2026-PRES,ORG02,Juntos por el Peru,29,144,170,11,15,199,observada
M00048-05,D00048,EG2026-PRES,ORG03,Renovacion Popular,9,144,170,11,15,199,observada
M00048-05,D00048,EG2026-PRES,ORG04,Partido del Buen Gobierno,14,144,170,11,15,199,observada
M00048-05,D00048,EG2026-PRES,ORG05,Otros,71,144,170,11,15,199,observada
M00048-06,D00048,EG2026-PRES,ORG01,Fuerza Popular,17,123,147,10,14,212,contabilizada
M00048-06,D00048,EG2026-PRES,ORG02,Juntos por el Peru,33,123,147,10,14,212,contabilizada
M00048-06,D00048,EG2026-PRES,ORG03,Renovacion Popular,13,123,147,10,14,212,contabilizada
M00048-06,D00048,EG2026-PRES,ORG04,Partido del Buen Gobierno,14,123,147,10,14,212,contabilizada
M00048-06,D00048,EG2026-PRES,ORG05,Otros,46,123,147,10,14,212,contabilizada
M00049-01,D00049,EG2026-PRES,ORG01,Fuerza Popular,27,155,177,6,16,290,contabilizada
M00049-01,D00049,EG2026-PRES,ORG02,Juntos por el Peru,21,155,177,6,16,290,contabilizada
M00049-01,D00049,EG2026-PRES,ORG03,Renovacion Popular,29,155,177,6,16,290,contabilizada
M00049-01,D00049,EG2026-PRES,ORG04,Partido del Buen Gobierno,27,155,177,6,16,290,contabilizada
M00049-01,D00049,EG2026-PRES,ORG05,Otros,51,155,177,6,16,290,contabilizada
M00049-02,D00049,EG2026-PRES,ORG01,Fuerza Popular,39,217,262,23,22,383,contabilizada
M00049-02,D00049,EG2026-PRES,ORG02,Juntos por el Peru,22,217,262,23,22,383,contabilizada
M00049-02,D00049,EG2026-PRES,ORG03,Renovacion Popular,28,217,262,23,22,383,contabilizada
M00049-02,D00049,EG2026-PRES,ORG04,Partido del Buen Gobierno,23,217,262,23,22,383,contabilizada
M00049-02,D00049,EG2026-PRES,ORG05,Otros,105,217,262,23,22,383,contabilizada
M00049-03,D00049,EG2026-PRES,ORG01,Fuerza Popular,29,169,191,5,17,238,observada
M00049-03,D00049,EG2026-PRES,ORG02,Juntos por el Peru,19,169,191,5,17,238,observada
M00049-03,D00049,EG2026-PRES,ORG03,Renovacion Popular,31,169,191,5,17,238,observada
M00049-03,D00049,EG2026-PRES,ORG04,Partido del Buen Gobierno,19,169,191,5,17,238,observada
M00049-03,D00049,EG2026-PRES,ORG05,Otros,71,169,191,5,17,238,observada
M00049-04,D00049,EG2026-PRES,ORG01,Fuerza Popular,24,121,152,11,20,188,contabilizada
M00049-04,D00049,EG2026-PRES,ORG02,Juntos por el Peru,12,121,152,11,20,188,contabilizada
M00049-04,D00049,EG2026-PRES,ORG03,Renovacion Popular,20,121,152,11,20,188,contabilizada
M00049-04,D00049,EG2026-PRES,ORG04,Partido del Buen Gobierno,15,121,152,11,20,188,contabilizada
M00049-04,D00049,EG2026-PRES,ORG05,Otros,50,121,152,11,20,188,contabilizada
M00049-05,D00049,EG2026-PRES,ORG01,Fuerza Popular,28,154,177,6,17,257,contabilizada
M00049-05,D00049,EG2026-PRES,ORG02,Juntos por el Peru,19,154,177,6,17,257,contabilizada
M00049-05,D00049,EG2026-PRES,ORG03,Renovacion Popular,35,154,177,6,17,257,contabilizada
M00049-05,D00049,EG2026-PRES,ORG04,Partido del Buen Gobierno,19,154,177,6,17,257,contabilizada
M00049-05,D00049,EG2026-PRES,ORG05,Otros,53,154,177,6,17,257,contabilizada
M00050-01,D00050,EG2026-PRES,ORG01,Fuerza Popular,13,112,133,9,12,197,contabilizada
M00050-01,D00050,EG2026-PRES,ORG02,Juntos por el Peru,14,112,133,9,12,197,contabilizada
M00050-01,D00050,EG2026-PRES,ORG03,Renovacion Popular,14,112,133,9,12,197,contabilizada
M00050-01,D00050,EG2026-PRES,ORG04,Partido del Buen Gobierno,10,112,133,9,12,197,contabilizada
M00050-01,D00050,EG2026-PRES,ORG05,Otros,61,112,133,9,12,197,contabilizada
M00050-02,D00050,EG2026-PRES,ORG01,Fuerza Popular,51,222,273,21,30,315,contabilizada
M00050-02,D00050,EG2026-PRES,ORG02,Juntos por el Peru,39,222,273,21,30,315,contabilizada
M00050-02,D00050,EG2026-PRES,ORG03,Renovacion Popular,28,222,273,21,30,315,contabilizada
M00050-02,D00050,EG2026-PRES,ORG04,Partido del Buen Gobierno,38,222,273,21,30,315,contabilizada
M00050-02,D00050,EG2026-PRES,ORG05,Otros,66,222,273,21,30,315,contabilizada
M00050-03,D00050,EG2026-PRES,ORG01,Fuerza Popular,55,275,310,15,20,367,contabilizada
M00050-03,D00050,EG2026-PRES,ORG02,Juntos por el Peru,34,275,310,15,20,367,contabilizada
M00050-03,D00050,EG2026-PRES,ORG03,Renovacion Popular,29,275,310,15,20,367,contabilizada
M00050-03,D00050,EG2026-PRES,ORG04,Partido del Buen Gobierno,34,275,310,15,20,367,contabilizada
M00050-03,D00050,EG2026-PRES,ORG05,Otros,123,275,310,15,20,367,contabilizada
M00051-01,D00051,EG2026-PRES,ORG01,Fuerza Popular,43,176,204,11,17,271,contabilizada
M00051-01,D00051,EG2026-PRES,ORG02,Juntos por el Peru,18,176,204,11,17,271,contabilizada
M00051-01,D00051,EG2026-PRES,ORG03,Renovacion Popular,28,176,204,11,17,271,contabilizada
M00051-01,D00051,EG2026-PRES,ORG04,Partido del Buen Gobierno,20,176,204,11,17,271,contabilizada
M00051-01,D00051,EG2026-PRES,ORG05,Otros,67,176,204,11,17,271,contabilizada
M00051-02,D00051,EG2026-PRES,ORG01,Fuerza Popular,49,194,231,15,22,298,contabilizada
M00051-02,D00051,EG2026-PRES,ORG02,Juntos por el Peru,22,194,231,15,22,298,contabilizada
M00051-02,D00051,EG2026-PRES,ORG03,Renovacion Popular,32,194,231,15,22,298,contabilizada
M00051-02,D00051,EG2026-PRES,ORG04,Partido del Buen Gobierno,25,194,231,15,22,298,contabilizada
M00051-02,D00051,EG2026-PRES,ORG05,Otros,66,194,231,15,22,298,contabilizada
M00051-03,D00051,EG2026-PRES,ORG01,Fuerza Popular,26,148,174,8,18,234,contabilizada
M00051-03,D00051,EG2026-PRES,ORG02,Juntos por el Peru,17,148,174,8,18,234,contabilizada
M00051-03,D00051,EG2026-PRES,ORG03,Renovacion Popular,24,148,174,8,18,234,contabilizada
M00051-03,D00051,EG2026-PRES,ORG04,Partido del Buen Gobierno,15,148,174,8,18,234,contabilizada
M00051-03,D00051,EG2026-PRES,ORG05,Otros,66,148,174,8,18,234,contabilizada
M00052-01,D00052,EG2026-PRES,ORG01,Fuerza Popular,36,270,319,24,25,413,contabilizada
M00052-01,D00052,EG2026-PRES,ORG02,Juntos por el Peru,66,270,319,24,25,413,contabilizada
M00052-01,D00052,EG2026-PRES,ORG03,Renovacion Popular,22,270,319,24,25,413,contabilizada
M00052-01,D00052,EG2026-PRES,ORG04,Partido del Buen Gobierno,41,270,319,24,25,413,contabilizada
M00052-01,D00052,EG2026-PRES,ORG05,Otros,105,270,319,24,25,413,contabilizada
M00052-02,D00052,EG2026-PRES,ORG01,Fuerza Popular,31,225,272,22,25,352,contabilizada
M00052-02,D00052,EG2026-PRES,ORG02,Juntos por el Peru,56,225,272,22,25,352,contabilizada
M00052-02,D00052,EG2026-PRES,ORG03,Renovacion Popular,18,225,272,22,25,352,contabilizada
M00052-02,D00052,EG2026-PRES,ORG04,Partido del Buen Gobierno,26,225,272,22,25,352,contabilizada
M00052-02,D00052,EG2026-PRES,ORG05,Otros,94,225,272,22,25,352,contabilizada
M00052-03,D00052,EG2026-PRES,ORG01,Fuerza Popular,32,227,261,17,17,356,contabilizada
M00052-03,D00052,EG2026-PRES,ORG02,Juntos por el Peru,53,227,261,17,17,356,contabilizada
M00052-03,D00052,EG2026-PRES,ORG03,Renovacion Popular,18,227,261,17,17,356,contabilizada
M00052-03,D00052,EG2026-PRES,ORG04,Partido del Buen Gobierno,24,227,261,17,17,356,contabilizada
M00052-03,D00052,EG2026-PRES,ORG05,Otros,100,227,261,17,17,356,contabilizada
M00052-04,D00052,EG2026-PRES,ORG01,Fuerza Popular,18,137,169,11,21,212,contabilizada
M00052-04,D00052,EG2026-PRES,ORG02,Juntos por el Peru,34,137,169,11,21,212,contabilizada
M00052-04,D00052,EG2026-PRES,ORG03,Renovacion Popular,12,137,169,11,21,212,contabilizada
M00052-04,D00052,EG2026-PRES,ORG04,Partido del Buen Gobierno,11,137,169,11,21,212,contabilizada
M00052-04,D00052,EG2026-PRES,ORG05,Otros,62,137,169,11,21,212,contabilizada
M00053-01,D00053,EG2026-PRES,ORG01,Fuerza Popular,42,265,290,10,15,370,contabilizada
M00053-01,D00053,EG2026-PRES,ORG02,Juntos por el Peru,40,265,290,10,15,370,contabilizada
M00053-01,D00053,EG2026-PRES,ORG03,Renovacion Popular,27,265,290,10,15,370,contabilizada
M00053-01,D00053,EG2026-PRES,ORG04,Partido del Buen Gobierno,37,265,290,10,15,370,contabilizada
M00053-01,D00053,EG2026-PRES,ORG05,Otros,119,265,290,10,15,370,contabilizada
M00053-02,D00053,EG2026-PRES,ORG01,Fuerza Popular,17,137,155,6,12,210,contabilizada
M00053-02,D00053,EG2026-PRES,ORG02,Juntos por el Peru,28,137,155,6,12,210,contabilizada
M00053-02,D00053,EG2026-PRES,ORG03,Renovacion Popular,10,137,155,6,12,210,contabilizada
M00053-02,D00053,EG2026-PRES,ORG04,Partido del Buen Gobierno,16,137,155,6,12,210,contabilizada
M00053-02,D00053,EG2026-PRES,ORG05,Otros,66,137,155,6,12,210,contabilizada
M00053-03,D00053,EG2026-PRES,ORG01,Fuerza Popular,23,190,222,17,15,269,contabilizada
M00053-03,D00053,EG2026-PRES,ORG02,Juntos por el Peru,40,190,222,17,15,269,contabilizada
M00053-03,D00053,EG2026-PRES,ORG03,Renovacion Popular,11,190,222,17,15,269,contabilizada
M00053-03,D00053,EG2026-PRES,ORG04,Partido del Buen Gobierno,18,190,222,17,15,269,contabilizada
M00053-03,D00053,EG2026-PRES,ORG05,Otros,98,190,222,17,15,269,contabilizada
M00053-04,D00053,EG2026-PRES,ORG01,Fuerza Popular,20,129,159,9,21,208,observada
M00053-04,D00053,EG2026-PRES,ORG02,Juntos por el Peru,29,129,159,9,21,208,observada
M00053-04,D00053,EG2026-PRES,ORG03,Renovacion Popular,12,129,159,9,21,208,observada
M00053-04,D00053,EG2026-PRES,ORG04,Partido del Buen Gobierno,13,129,159,9,21,208,observada
M00053-04,D00053,EG2026-PRES,ORG05,Otros,55,129,159,9,21,208,observada
M00053-05,D00053,EG2026-PRES,ORG01,Fuerza Popular,31,207,237,10,20,356,contabilizada
M00053-05,D00053,EG2026-PRES,ORG02,Juntos por el Peru,55,207,237,10,20,356,contabilizada
M00053-05,D00053,EG2026-PRES,ORG03,Renovacion Popular,15,207,237,10,20,356,contabilizada
M00053-05,D00053,EG2026-PRES,ORG04,Partido del Buen Gobierno,30,207,237,10,20,356,contabilizada
M00053-05,D00053,EG2026-PRES,ORG05,Otros,76,207,237,10,20,356,contabilizada
M00053-06,D00053,EG2026-PRES,ORG01,Fuerza Popular,10,120,142,10,12,183,contabilizada
M00053-06,D00053,EG2026-PRES,ORG02,Juntos por el Peru,22,120,142,10,12,183,contabilizada
M00053-06,D00053,EG2026-PRES,ORG03,Renovacion Popular,9,120,142,10,12,183,contabilizada
M00053-06,D00053,EG2026-PRES,ORG04,Partido del Buen Gobierno,12,120,142,10,12,183,contabilizada
M00053-06,D00053,EG2026-PRES,ORG05,Otros,67,120,142,10,12,183,contabilizada
M00054-01,D00054,EG2026-PRES,ORG01,Fuerza Popular,27,149,177,12,16,248,contabilizada
M00054-01,D00054,EG2026-PRES,ORG02,Juntos por el Peru,19,149,177,12,16,248,contabilizada
M00054-01,D00054,EG2026-PRES,ORG03,Renovacion Popular,22,149,177,12,16,248,contabilizada
M00054-01,D00054,EG2026-PRES,ORG04,Partido del Buen Gobierno,20,149,177,12,16,248,contabilizada
M00054-01,D00054,EG2026-PRES,ORG05,Otros,61,149,177,12,16,248,contabilizada
M00054-02,D00054,EG2026-PRES,ORG01,Fuerza Popular,26,147,168,7,14,234,contabilizada
M00054-02,D00054,EG2026-PRES,ORG02,Juntos por el Peru,22,147,168,7,14,234,contabilizada
M00054-02,D00054,EG2026-PRES,ORG03,Renovacion Popular,22,147,168,7,14,234,contabilizada
M00054-02,D00054,EG2026-PRES,ORG04,Partido del Buen Gobierno,19,147,168,7,14,234,contabilizada
M00054-02,D00054,EG2026-PRES,ORG05,Otros,58,147,168,7,14,234,contabilizada
M00054-03,D00054,EG2026-PRES,ORG01,Fuerza Popular,37,253,292,19,20,403,contabilizada
M00054-03,D00054,EG2026-PRES,ORG02,Juntos por el Peru,33,253,292,19,20,403,contabilizada
M00054-03,D00054,EG2026-PRES,ORG03,Renovacion Popular,47,253,292,19,20,403,contabilizada
M00054-03,D00054,EG2026-PRES,ORG04,Partido del Buen Gobierno,37,253,292,19,20,403,contabilizada
M00054-03,D00054,EG2026-PRES,ORG05,Otros,99,253,292,19,20,403,contabilizada
M00054-04,D00054,EG2026-PRES,ORG01,Fuerza Popular,34,177,207,15,15,256,contabilizada
M00054-04,D00054,EG2026-PRES,ORG02,Juntos por el Peru,27,177,207,15,15,256,contabilizada
M00054-04,D00054,EG2026-PRES,ORG03,Renovacion Popular,23,177,207,15,15,256,contabilizada
M00054-04,D00054,EG2026-PRES,ORG04,Partido del Buen Gobierno,16,177,207,15,15,256,contabilizada
M00054-04,D00054,EG2026-PRES,ORG05,Otros,77,177,207,15,15,256,contabilizada
M00055-01,D00055,EG2026-PRES,ORG01,Fuerza Popular,21,197,234,16,21,294,contabilizada
M00055-01,D00055,EG2026-PRES,ORG02,Juntos por el Peru,50,197,234,16,21,294,contabilizada
M00055-01,D00055,EG2026-PRES,ORG03,Renovacion Popular,20,197,234,16,21,294,contabilizada
M00055-01,D00055,EG2026-PRES,ORG04,Partido del Buen Gobierno,13,197,234,16,21,294,contabilizada
M00055-01,D00055,EG2026-PRES,ORG05,Otros,93,197,234,16,21,294,contabilizada
M00055-02,D00055,EG2026-PRES,ORG01,Fuerza Popular,19,184,219,13,22,286,contabilizada
M00055-02,D00055,EG2026-PRES,ORG02,Juntos por el Peru,45,184,219,13,22,286,contabilizada
M00055-02,D00055,EG2026-PRES,ORG03,Renovacion Popular,13,184,219,13,22,286,contabilizada
M00055-02,D00055,EG2026-PRES,ORG04,Partido del Buen Gobierno,25,184,219,13,22,286,contabilizada
M00055-02,D00055,EG2026-PRES,ORG05,Otros,82,184,219,13,22,286,contabilizada
M00056-01,D00056,EG2026-PRES,ORG01,Fuerza Popular,63,258,314,20,36,371,contabilizada
M00056-01,D00056,EG2026-PRES,ORG02,Juntos por el Peru,25,258,314,20,36,371,contabilizada
M00056-01,D00056,EG2026-PRES,ORG03,Renovacion Popular,34,258,314,20,36,371,contabilizada
M00056-01,D00056,EG2026-PRES,ORG04,Partido del Buen Gobierno,33,258,314,20,36,371,contabilizada
M00056-01,D00056,EG2026-PRES,ORG05,Otros,103,258,314,20,36,371,contabilizada
M00056-02,D00056,EG2026-PRES,ORG01,Fuerza Popular,30,206,256,24,26,336,contabilizada
M00056-02,D00056,EG2026-PRES,ORG02,Juntos por el Peru,26,206,256,24,26,336,contabilizada
M00056-02,D00056,EG2026-PRES,ORG03,Renovacion Popular,23,206,256,24,26,336,contabilizada
M00056-02,D00056,EG2026-PRES,ORG04,Partido del Buen Gobierno,31,206,256,24,26,336,contabilizada
M00056-02,D00056,EG2026-PRES,ORG05,Otros,96,206,256,24,26,336,contabilizada
M00056-03,D00056,EG2026-PRES,ORG01,Fuerza Popular,13,118,143,8,17,220,contabilizada
M00056-03,D00056,EG2026-PRES,ORG02,Juntos por el Peru,15,118,143,8,17,220,contabilizada
M00056-03,D00056,EG2026-PRES,ORG03,Renovacion Popular,19,118,143,8,17,220,contabilizada
M00056-03,D00056,EG2026-PRES,ORG04,Partido del Buen Gobierno,17,118,143,8,17,220,contabilizada
M00056-03,D00056,EG2026-PRES,ORG05,Otros,54,118,143,8,17,220,contabilizada
M00056-04,D00056,EG2026-PRES,ORG01,Fuerza Popular,33,145,179,17,17,253,contabilizada
M00056-04,D00056,EG2026-PRES,ORG02,Juntos por el Peru,15,145,179,17,17,253,contabilizada
M00056-04,D00056,EG2026-PRES,ORG03,Renovacion Popular,12,145,179,17,17,253,contabilizada
M00056-04,D00056,EG2026-PRES,ORG04,Partido del Buen Gobierno,14,145,179,17,17,253,contabilizada
M00056-04,D00056,EG2026-PRES,ORG05,Otros,71,145,179,17,17,253,contabilizada
M00057-01,D00057,EG2026-PRES,ORG01,Fuerza Popular,36,192,219,6,21,292,contabilizada
M00057-01,D00057,EG2026-PRES,ORG02,Juntos por el Peru,42,192,219,6,21,292,contabilizada
M00057-01,D00057,EG2026-PRES,ORG03,Renovacion Popular,17,192,219,6,21,292,contabilizada
M00057-01,D00057,EG2026-PRES,ORG04,Partido del Buen Gobierno,23,192,219,6,21,292,contabilizada
M00057-01,D00057,EG2026-PRES,ORG05,Otros,74,192,219,6,21,292,contabilizada
M00057-02,D00057,EG2026-PRES,ORG01,Fuerza Popular,14,189,216,7,20,268,contabilizada
M00057-02,D00057,EG2026-PRES,ORG02,Juntos por el Peru,39,189,216,7,20,268,contabilizada
M00057-02,D00057,EG2026-PRES,ORG03,Renovacion Popular,19,189,216,7,20,268,contabilizada
M00057-02,D00057,EG2026-PRES,ORG04,Partido del Buen Gobierno,20,189,216,7,20,268,contabilizada
M00057-02,D00057,EG2026-PRES,ORG05,Otros,97,189,216,7,20,268,contabilizada
M00057-03,D00057,EG2026-PRES,ORG01,Fuerza Popular,24,197,233,11,25,303,contabilizada
M00057-03,D00057,EG2026-PRES,ORG02,Juntos por el Peru,52,197,233,11,25,303,contabilizada
M00057-03,D00057,EG2026-PRES,ORG03,Renovacion Popular,14,197,233,11,25,303,contabilizada
M00057-03,D00057,EG2026-PRES,ORG04,Partido del Buen Gobierno,18,197,233,11,25,303,contabilizada
M00057-03,D00057,EG2026-PRES,ORG05,Otros,89,197,233,11,25,303,contabilizada
M00057-04,D00057,EG2026-PRES,ORG01,Fuerza Popular,22,182,220,15,23,295,contabilizada
M00057-04,D00057,EG2026-PRES,ORG02,Juntos por el Peru,38,182,220,15,23,295,contabilizada
M00057-04,D00057,EG2026-PRES,ORG03,Renovacion Popular,15,182,220,15,23,295,contabilizada
M00057-04,D00057,EG2026-PRES,ORG04,Partido del Buen Gobierno,15,182,220,15,23,295,contabilizada
M00057-04,D00057,EG2026-PRES,ORG05,Otros,92,182,220,15,23,295,contabilizada
M00058-01,D00058,EG2026-PRES,ORG01,Fuerza Popular,22,137,167,8,22,231,contabilizada
M00058-01,D00058,EG2026-PRES,ORG02,Juntos por el Peru,14,137,167,8,22,231,contabilizada
M00058-01,D00058,EG2026-PRES,ORG03,Renovacion Popular,19,137,167,8,22,231,contabilizada
M00058-01,D00058,EG2026-PRES,ORG04,Partido del Buen Gobierno,17,137,167,8,22,231,contabilizada
M00058-01,D00058,EG2026-PRES,ORG05,Otros,65,137,167,8,22,231,contabilizada
M00058-02,D00058,EG2026-PRES,ORG01,Fuerza Popular,37,197,224,4,23,328,contabilizada
M00058-02,D00058,EG2026-PRES,ORG02,Juntos por el Peru,24,197,224,4,23,328,contabilizada
M00058-02,D00058,EG2026-PRES,ORG03,Renovacion Popular,31,197,224,4,23,328,contabilizada
M00058-02,D00058,EG2026-PRES,ORG04,Partido del Buen Gobierno,21,197,224,4,23,328,contabilizada
M00058-02,D00058,EG2026-PRES,ORG05,Otros,84,197,224,4,23,328,contabilizada
M00058-03,D00058,EG2026-PRES,ORG01,Fuerza Popular,29,184,225,13,28,304,contabilizada
M00058-03,D00058,EG2026-PRES,ORG02,Juntos por el Peru,22,184,225,13,28,304,contabilizada
M00058-03,D00058,EG2026-PRES,ORG03,Renovacion Popular,20,184,225,13,28,304,contabilizada
M00058-03,D00058,EG2026-PRES,ORG04,Partido del Buen Gobierno,17,184,225,13,28,304,contabilizada
M00058-03,D00058,EG2026-PRES,ORG05,Otros,96,184,225,13,28,304,contabilizada
M00058-04,D00058,EG2026-PRES,ORG01,Fuerza Popular,29,201,230,10,19,330,pendiente
M00058-04,D00058,EG2026-PRES,ORG02,Juntos por el Peru,20,201,230,10,19,330,pendiente
M00058-04,D00058,EG2026-PRES,ORG03,Renovacion Popular,22,201,230,10,19,330,pendiente
M00058-04,D00058,EG2026-PRES,ORG04,Partido del Buen Gobierno,23,201,230,10,19,330,pendiente
M00058-04,D00058,EG2026-PRES,ORG05,Otros,107,201,230,10,19,330,pendiente
M00058-05,D00058,EG2026-PRES,ORG01,Fuerza Popular,30,201,249,15,33,344,contabilizada
M00058-05,D00058,EG2026-PRES,ORG02,Juntos por el Peru,29,201,249,15,33,344,contabilizada
M00058-05,D00058,EG2026-PRES,ORG03,Renovacion Popular,23,201,249,15,33,344,contabilizada
M00058-05,D00058,EG2026-PRES,ORG04,Partido del Buen Gobierno,19,201,249,15,33,344,contabilizada
M00058-05,D00058,EG2026-PRES,ORG05,Otros,100,201,249,15,33,344,contabilizada
M00059-01,D00059,EG2026-PRES,ORG01,Fuerza Popular,23,183,213,5,25,266,contabilizada
M00059-01,D00059,EG2026-PRES,ORG02,Juntos por el Peru,40,183,213,5,25,266,contabilizada
M00059-01,D00059,EG2026-PRES,ORG03,Renovacion Popular,14,183,213,5,25,266,contabilizada
M00059-01,D00059,EG2026-PRES,ORG04,Partido del Buen Gobierno,16,183,213,5,25,266,contabilizada
M00059-01,D00059,EG2026-PRES,ORG05,Otros,90,183,213,5,25,266,contabilizada
M00059-02,D00059,EG2026-PRES,ORG01,Fuerza Popular,29,264,302,14,24,388,contabilizada
M00059-02,D00059,EG2026-PRES,ORG02,Juntos por el Peru,67,264,302,14,24,388,contabilizada
M00059-02,D00059,EG2026-PRES,ORG03,Renovacion Popular,20,264,302,14,24,388,contabilizada
M00059-02,D00059,EG2026-PRES,ORG04,Partido del Buen Gobierno,27,264,302,14,24,388,contabilizada
M00059-02,D00059,EG2026-PRES,ORG05,Otros,121,264,302,14,24,388,contabilizada
M00059-03,D00059,EG2026-PRES,ORG01,Fuerza Popular,23,160,180,7,13,224,contabilizada
M00059-03,D00059,EG2026-PRES,ORG02,Juntos por el Peru,44,160,180,7,13,224,contabilizada
M00059-03,D00059,EG2026-PRES,ORG03,Renovacion Popular,11,160,180,7,13,224,contabilizada
M00059-03,D00059,EG2026-PRES,ORG04,Partido del Buen Gobierno,18,160,180,7,13,224,contabilizada
M00059-03,D00059,EG2026-PRES,ORG05,Otros,64,160,180,7,13,224,contabilizada
M00060-01,D00060,EG2026-PRES,ORG01,Fuerza Popular,39,194,243,16,33,303,contabilizada
M00060-01,D00060,EG2026-PRES,ORG02,Juntos por el Peru,19,194,243,16,33,303,contabilizada
M00060-01,D00060,EG2026-PRES,ORG03,Renovacion Popular,22,194,243,16,33,303,contabilizada
M00060-01,D00060,EG2026-PRES,ORG04,Partido del Buen Gobierno,32,194,243,16,33,303,contabilizada
M00060-01,D00060,EG2026-PRES,ORG05,Otros,82,194,243,16,33,303,contabilizada
M00060-02,D00060,EG2026-PRES,ORG01,Fuerza Popular,21,266,301,12,23,409,contabilizada
M00060-02,D00060,EG2026-PRES,ORG02,Juntos por el Peru,38,266,301,12,23,409,contabilizada
M00060-02,D00060,EG2026-PRES,ORG03,Renovacion Popular,42,266,301,12,23,409,contabilizada
M00060-02,D00060,EG2026-PRES,ORG04,Partido del Buen Gobierno,28,266,301,12,23,409,contabilizada
M00060-02,D00060,EG2026-PRES,ORG05,Otros,137,266,301,12,23,409,contabilizada
M00060-03,D00060,EG2026-PRES,ORG01,Fuerza Popular,26,139,160,8,13,266,contabilizada
M00060-03,D00060,EG2026-PRES,ORG02,Juntos por el Peru,20,139,160,8,13,266,contabilizada
M00060-03,D00060,EG2026-PRES,ORG03,Renovacion Popular,23,139,160,8,13,266,contabilizada
M00060-03,D00060,EG2026-PRES,ORG04,Partido del Buen Gobierno,15,139,160,8,13,266,contabilizada
M00060-03,D00060,EG2026-PRES,ORG05,Otros,55,139,160,8,13,266,contabilizada
M00060-04,D00060,EG2026-PRES,ORG01,Fuerza Popular,52,219,274,14,41,377,contabilizada
M00060-04,D00060,EG2026-PRES,ORG02,Juntos por el Peru,32,219,274,14,41,377,contabilizada
M00060-04,D00060,EG2026-PRES,ORG03,Renovacion Popular,32,219,274,14,41,377,contabilizada
M00060-04,D00060,EG2026-PRES,ORG04,Partido del Buen Gobierno,25,219,274,14,41,377,contabilizada
M00060-04,D00060,EG2026-PRES,ORG05,Otros,78,219,274,14,41,377,contabilizada
M00060-05,D00060,EG2026-PRES,ORG01,Fuerza Popular,16,124,135,3,8,180,contabilizada
M00060-05,D00060,EG2026-PRES,ORG02,Juntos por el Peru,17,124,135,3,8,180,contabilizada
M00060-05,D00060,EG2026-PRES,ORG03,Renovacion Popular,16,124,135,3,8,180,contabilizada
M00060-05,D00060,EG2026-PRES,ORG04,Partido del Buen Gobierno,12,124,135,3,8,180,contabilizada
M00060-05,D00060,EG2026-PRES,ORG05,Otros,63,124,135,3,8,180,contabilizada
M00061-01,D00061,EG2026-PRES,ORG01,Fuerza Popular,21,159,186,11,16,215,contabilizada
M00061-01,D00061,EG2026-PRES,ORG02,Juntos por el Peru,40,159,186,11,16,215,contabilizada
M00061-01,D00061,EG2026-PRES,ORG03,Renovacion Popular,10,159,186,11,16,215,contabilizada
M00061-01,D00061,EG2026-PRES,ORG04,Partido del Buen Gobierno,15,159,186,11,16,215,contabilizada
M00061-01,D00061,EG2026-PRES,ORG05,Otros,73,159,186,11,16,215,contabilizada
M00061-02,D00061,EG2026-PRES,ORG01,Fuerza Popular,16,118,138,9,11,192,contabilizada
M00061-02,D00061,EG2026-PRES,ORG02,Juntos por el Peru,25,118,138,9,11,192,contabilizada
M00061-02,D00061,EG2026-PRES,ORG03,Renovacion Popular,8,118,138,9,11,192,contabilizada
M00061-02,D00061,EG2026-PRES,ORG04,Partido del Buen Gobierno,13,118,138,9,11,192,contabilizada
M00061-02,D00061,EG2026-PRES,ORG05,Otros,56,118,138,9,11,192,contabilizada
M00061-03,D00061,EG2026-PRES,ORG01,Fuerza Popular,32,196,239,16,27,402,contabilizada
M00061-03,D00061,EG2026-PRES,ORG02,Juntos por el Peru,47,196,239,16,27,402,contabilizada
M00061-03,D00061,EG2026-PRES,ORG03,Renovacion Popular,14,196,239,16,27,402,contabilizada
M00061-03,D00061,EG2026-PRES,ORG04,Partido del Buen Gobierno,12,196,239,16,27,402,contabilizada
M00061-03,D00061,EG2026-PRES,ORG05,Otros,91,196,239,16,27,402,contabilizada
M00061-04,D00061,EG2026-PRES,ORG01,Fuerza Popular,34,192,243,19,32,311,contabilizada
M00061-04,D00061,EG2026-PRES,ORG02,Juntos por el Peru,34,192,243,19,32,311,contabilizada
M00061-04,D00061,EG2026-PRES,ORG03,Renovacion Popular,15,192,243,19,32,311,contabilizada
M00061-04,D00061,EG2026-PRES,ORG04,Partido del Buen Gobierno,17,192,243,19,32,311,contabilizada
M00061-04,D00061,EG2026-PRES,ORG05,Otros,92,192,243,19,32,311,contabilizada
M00061-05,D00061,EG2026-PRES,ORG01,Fuerza Popular,28,200,235,15,20,306,contabilizada
M00061-05,D00061,EG2026-PRES,ORG02,Juntos por el Peru,46,200,235,15,20,306,contabilizada
M00061-05,D00061,EG2026-PRES,ORG03,Renovacion Popular,15,200,235,15,20,306,contabilizada
M00061-05,D00061,EG2026-PRES,ORG04,Partido del Buen Gobierno,19,200,235,15,20,306,contabilizada
M00061-05,D00061,EG2026-PRES,ORG05,Otros,92,200,235,15,20,306,contabilizada
M00062-01,D00062,EG2026-PRES,ORG01,Fuerza Popular,42,269,302,9,24,391,contabilizada
M00062-01,D00062,EG2026-PRES,ORG02,Juntos por el Peru,21,269,302,9,24,391,contabilizada
M00062-01,D00062,EG2026-PRES,ORG03,Renovacion Popular,44,269,302,9,24,391,contabilizada
M00062-01,D00062,EG2026-PRES,ORG04,Partido del Buen Gobierno,34,269,302,9,24,391,contabilizada
M00062-01,D00062,EG2026-PRES,ORG05,Otros,128,269,302,9,24,391,contabilizada
M00062-02,D00062,EG2026-PRES,ORG01,Fuerza Popular,33,163,184,8,13,236,contabilizada
M00062-02,D00062,EG2026-PRES,ORG02,Juntos por el Peru,15,163,184,8,13,236,contabilizada
M00062-02,D00062,EG2026-PRES,ORG03,Renovacion Popular,35,163,184,8,13,236,contabilizada
M00062-02,D00062,EG2026-PRES,ORG04,Partido del Buen Gobierno,18,163,184,8,13,236,contabilizada
M00062-02,D00062,EG2026-PRES,ORG05,Otros,62,163,184,8,13,236,contabilizada
M00062-03,D00062,EG2026-PRES,ORG01,Fuerza Popular,23,131,151,8,12,201,contabilizada
M00062-03,D00062,EG2026-PRES,ORG02,Juntos por el Peru,8,131,151,8,12,201,contabilizada
M00062-03,D00062,EG2026-PRES,ORG03,Renovacion Popular,25,131,151,8,12,201,contabilizada
M00062-03,D00062,EG2026-PRES,ORG04,Partido del Buen Gobierno,20,131,151,8,12,201,contabilizada
M00062-03,D00062,EG2026-PRES,ORG05,Otros,55,131,151,8,12,201,contabilizada
M00062-04,D00062,EG2026-PRES,ORG01,Fuerza Popular,50,249,292,17,26,360,contabilizada
M00062-04,D00062,EG2026-PRES,ORG02,Juntos por el Peru,20,249,292,17,26,360,contabilizada
M00062-04,D00062,EG2026-PRES,ORG03,Renovacion Popular,36,249,292,17,26,360,contabilizada
M00062-04,D00062,EG2026-PRES,ORG04,Partido del Buen Gobierno,35,249,292,17,26,360,contabilizada
M00062-04,D00062,EG2026-PRES,ORG05,Otros,108,249,292,17,26,360,contabilizada
M00062-05,D00062,EG2026-PRES,ORG01,Fuerza Popular,51,277,325,18,30,409,contabilizada
M00062-05,D00062,EG2026-PRES,ORG02,Juntos por el Peru,32,277,325,18,30,409,contabilizada
M00062-05,D00062,EG2026-PRES,ORG03,Renovacion Popular,33,277,325,18,30,409,contabilizada
M00062-05,D00062,EG2026-PRES,ORG04,Partido del Buen Gobierno,32,277,325,18,30,409,contabilizada
M00062-05,D00062,EG2026-PRES,ORG05,Otros,129,277,325,18,30,409,contabilizada
M00062-06,D00062,EG2026-PRES,ORG01,Fuerza Popular,22,98,117,6,13,190,contabilizada
M00062-06,D00062,EG2026-PRES,ORG02,Juntos por el Peru,9,98,117,6,13,190,contabilizada
M00062-06,D00062,EG2026-PRES,ORG03,Renovacion Popular,21,98,117,6,13,190,contabilizada
M00062-06,D00062,EG2026-PRES,ORG04,Partido del Buen Gobierno,14,98,117,6,13,190,contabilizada
M00062-06,D00062,EG2026-PRES,ORG05,Otros,32,98,117,6,13,190,contabilizada
M00063-01,D00063,EG2026-PRES,ORG01,Fuerza Popular,52,280,326,20,26,368,contabilizada
M00063-01,D00063,EG2026-PRES,ORG02,Juntos por el Peru,52,280,326,20,26,368,contabilizada
M00063-01,D00063,EG2026-PRES,ORG03,Renovacion Popular,38,280,326,20,26,368,contabilizada
M00063-01,D00063,EG2026-PRES,ORG04,Partido del Buen Gobierno,40,280,326,20,26,368,contabilizada
M00063-01,D00063,EG2026-PRES,ORG05,Otros,98,280,326,20,26,368,contabilizada
M00063-02,D00063,EG2026-PRES,ORG01,Fuerza Popular,29,183,215,12,20,267,contabilizada
M00063-02,D00063,EG2026-PRES,ORG02,Juntos por el Peru,31,183,215,12,20,267,contabilizada
M00063-02,D00063,EG2026-PRES,ORG03,Renovacion Popular,20,183,215,12,20,267,contabilizada
M00063-02,D00063,EG2026-PRES,ORG04,Partido del Buen Gobierno,19,183,215,12,20,267,contabilizada
M00063-02,D00063,EG2026-PRES,ORG05,Otros,84,183,215,12,20,267,contabilizada
M00064-01,D00064,EG2026-PRES,ORG01,Fuerza Popular,22,203,236,12,21,264,contabilizada
M00064-01,D00064,EG2026-PRES,ORG02,Juntos por el Peru,50,203,236,12,21,264,contabilizada
M00064-01,D00064,EG2026-PRES,ORG03,Renovacion Popular,16,203,236,12,21,264,contabilizada
M00064-01,D00064,EG2026-PRES,ORG04,Partido del Buen Gobierno,15,203,236,12,21,264,contabilizada
M00064-01,D00064,EG2026-PRES,ORG05,Otros,100,203,236,12,21,264,contabilizada
M00064-02,D00064,EG2026-PRES,ORG01,Fuerza Popular,48,310,363,15,38,409,contabilizada
M00064-02,D00064,EG2026-PRES,ORG02,Juntos por el Peru,83,310,363,15,38,409,contabilizada
M00064-02,D00064,EG2026-PRES,ORG03,Renovacion Popular,31,310,363,15,38,409,contabilizada
M00064-02,D00064,EG2026-PRES,ORG04,Partido del Buen Gobierno,41,310,363,15,38,409,contabilizada
M00064-02,D00064,EG2026-PRES,ORG05,Otros,107,310,363,15,38,409,contabilizada
M00065-01,D00065,EG2026-PRES,ORG01,Fuerza Popular,39,247,309,22,40,401,contabilizada
M00065-01,D00065,EG2026-PRES,ORG02,Juntos por el Peru,28,247,309,22,40,401,contabilizada
M00065-01,D00065,EG2026-PRES,ORG03,Renovacion Popular,40,247,309,22,40,401,contabilizada
M00065-01,D00065,EG2026-PRES,ORG04,Partido del Buen Gobierno,35,247,309,22,40,401,contabilizada
M00065-01,D00065,EG2026-PRES,ORG05,Otros,105,247,309,22,40,401,contabilizada
M00065-02,D00065,EG2026-PRES,ORG01,Fuerza Popular,24,128,152,8,16,202,contabilizada
M00065-02,D00065,EG2026-PRES,ORG02,Juntos por el Peru,13,128,152,8,16,202,contabilizada
M00065-02,D00065,EG2026-PRES,ORG03,Renovacion Popular,18,128,152,8,16,202,contabilizada
M00065-02,D00065,EG2026-PRES,ORG04,Partido del Buen Gobierno,17,128,152,8,16,202,contabilizada
M00065-02,D00065,EG2026-PRES,ORG05,Otros,56,128,152,8,16,202,contabilizada
M00065-03,D00065,EG2026-PRES,ORG01,Fuerza Popular,29,138,170,11,21,189,contabilizada
M00065-03,D00065,EG2026-PRES,ORG02,Juntos por el Peru,15,138,170,11,21,189,contabilizada
M00065-03,D00065,EG2026-PRES,ORG03,Renovacion Popular,28,138,170,11,21,189,contabilizada
M00065-03,D00065,EG2026-PRES,ORG04,Partido del Buen Gobierno,22,138,170,11,21,189,contabilizada
M00065-03,D00065,EG2026-PRES,ORG05,Otros,44,138,170,11,21,189,contabilizada
M00065-04,D00065,EG2026-PRES,ORG01,Fuerza Popular,26,170,202,14,18,298,contabilizada
M00065-04,D00065,EG2026-PRES,ORG02,Juntos por el Peru,15,170,202,14,18,298,contabilizada
M00065-04,D00065,EG2026-PRES,ORG03,Renovacion Popular,31,170,202,14,18,298,contabilizada
M00065-04,D00065,EG2026-PRES,ORG04,Partido del Buen Gobierno,18,170,202,14,18,298,contabilizada
M00065-04,D00065,EG2026-PRES,ORG05,Otros,80,170,202,14,18,298,contabilizada
M00065-05,D00065,EG2026-PRES,ORG01,Fuerza Popular,36,174,192,5,13,258,contabilizada
M00065-05,D00065,EG2026-PRES,ORG02,Juntos por el Peru,18,174,192,5,13,258,contabilizada
M00065-05,D00065,EG2026-PRES,ORG03,Renovacion Popular,31,174,192,5,13,258,contabilizada
M00065-05,D00065,EG2026-PRES,ORG04,Partido del Buen Gobierno,26,174,192,5,13,258,contabilizada
M00065-05,D00065,EG2026-PRES,ORG05,Otros,63,174,192,5,13,258,contabilizada
M00066-01,D00066,EG2026-PRES,ORG01,Fuerza Popular,34,265,303,14,24,403,contabilizada
M00066-01,D00066,EG2026-PRES,ORG02,Juntos por el Peru,66,265,303,14,24,403,contabilizada
M00066-01,D00066,EG2026-PRES,ORG03,Renovacion Popular,20,265,303,14,24,403,contabilizada
M00066-01,D00066,EG2026-PRES,ORG04,Partido del Buen Gobierno,19,265,303,14,24,403,contabilizada
M00066-01,D00066,EG2026-PRES,ORG05,Otros,126,265,303,14,24,403,contabilizada
M00066-02,D00066,EG2026-PRES,ORG01,Fuerza Popular,16,131,152,7,14,226,contabilizada
M00066-02,D00066,EG2026-PRES,ORG02,Juntos por el Peru,28,131,152,7,14,226,contabilizada
M00066-02,D00066,EG2026-PRES,ORG03,Renovacion Popular,9,131,152,7,14,226,contabilizada
M00066-02,D00066,EG2026-PRES,ORG04,Partido del Buen Gobierno,14,131,152,7,14,226,contabilizada
M00066-02,D00066,EG2026-PRES,ORG05,Otros,64,131,152,7,14,226,contabilizada
M00066-03,D00066,EG2026-PRES,ORG01,Fuerza Popular,27,173,197,7,17,279,contabilizada
M00066-03,D00066,EG2026-PRES,ORG02,Juntos por el Peru,28,173,197,7,17,279,contabilizada
M00066-03,D00066,EG2026-PRES,ORG03,Renovacion Popular,18,173,197,7,17,279,contabilizada
M00066-03,D00066,EG2026-PRES,ORG04,Partido del Buen Gobierno,27,173,197,7,17,279,contabilizada
M00066-03,D00066,EG2026-PRES,ORG05,Otros,73,173,197,7,17,279,contabilizada
M00066-04,D00066,EG2026-PRES,ORG01,Fuerza Popular,33,223,266,12,31,393,contabilizada
M00066-04,D00066,EG2026-PRES,ORG02,Juntos por el Peru,61,223,266,12,31,393,contabilizada
M00066-04,D00066,EG2026-PRES,ORG03,Renovacion Popular,18,223,266,12,31,393,contabilizada
M00066-04,D00066,EG2026-PRES,ORG04,Partido del Buen Gobierno,27,223,266,12,31,393,contabilizada
M00066-04,D00066,EG2026-PRES,ORG05,Otros,84,223,266,12,31,393,contabilizada
M00066-05,D00066,EG2026-PRES,ORG01,Fuerza Popular,15,100,117,6,11,180,contabilizada
M00066-05,D00066,EG2026-PRES,ORG02,Juntos por el Peru,19,100,117,6,11,180,contabilizada
M00066-05,D00066,EG2026-PRES,ORG03,Renovacion Popular,11,100,117,6,11,180,contabilizada
M00066-05,D00066,EG2026-PRES,ORG04,Partido del Buen Gobierno,12,100,117,6,11,180,contabilizada
M00066-05,D00066,EG2026-PRES,ORG05,Otros,43,100,117,6,11,180,contabilizada
M00066-06,D00066,EG2026-PRES,ORG01,Fuerza Popular,26,189,207,4,14,286,contabilizada
M00066-06,D00066,EG2026-PRES,ORG02,Juntos por el Peru,50,189,207,4,14,286,contabilizada
M00066-06,D00066,EG2026-PRES,ORG03,Renovacion Popular,13,189,207,4,14,286,contabilizada
M00066-06,D00066,EG2026-PRES,ORG04,Partido del Buen Gobierno,28,189,207,4,14,286,contabilizada
M00066-06,D00066,EG2026-PRES,ORG05,Otros,72,189,207,4,14,286,contabilizada
M00067-01,D00067,EG2026-PRES,ORG01,Fuerza Popular,24,237,274,13,24,371,contabilizada
M00067-01,D00067,EG2026-PRES,ORG02,Juntos por el Peru,62,237,274,13,24,371,contabilizada
M00067-01,D00067,EG2026-PRES,ORG03,Renovacion Popular,12,237,274,13,24,371,contabilizada
M00067-01,D00067,EG2026-PRES,ORG04,Partido del Buen Gobierno,15,237,274,13,24,371,contabilizada
M00067-01,D00067,EG2026-PRES,ORG05,Otros,124,237,274,13,24,371,contabilizada
M00067-02,D00067,EG2026-PRES,ORG01,Fuerza Popular,42,286,317,16,15,366,contabilizada
M00067-02,D00067,EG2026-PRES,ORG02,Juntos por el Peru,54,286,317,16,15,366,contabilizada
M00067-02,D00067,EG2026-PRES,ORG03,Renovacion Popular,22,286,317,16,15,366,contabilizada
M00067-02,D00067,EG2026-PRES,ORG04,Partido del Buen Gobierno,35,286,317,16,15,366,contabilizada
M00067-02,D00067,EG2026-PRES,ORG05,Otros,133,286,317,16,15,366,contabilizada
M00068-01,D00068,EG2026-PRES,ORG01,Fuerza Popular,59,291,330,19,20,410,contabilizada
M00068-01,D00068,EG2026-PRES,ORG02,Juntos por el Peru,42,291,330,19,20,410,contabilizada
M00068-01,D00068,EG2026-PRES,ORG03,Renovacion Popular,58,291,330,19,20,410,contabilizada
M00068-01,D00068,EG2026-PRES,ORG04,Partido del Buen Gobierno,51,291,330,19,20,410,contabilizada
M00068-01,D00068,EG2026-PRES,ORG05,Otros,81,291,330,19,20,410,contabilizada
M00068-02,D00068,EG2026-PRES,ORG01,Fuerza Popular,28,167,189,14,8,280,contabilizada
M00068-02,D00068,EG2026-PRES,ORG02,Juntos por el Peru,17,167,189,14,8,280,contabilizada
M00068-02,D00068,EG2026-PRES,ORG03,Renovacion Popular,30,167,189,14,8,280,contabilizada
M00068-02,D00068,EG2026-PRES,ORG04,Partido del Buen Gobierno,26,167,189,14,8,280,contabilizada
M00068-02,D00068,EG2026-PRES,ORG05,Otros,66,167,189,14,8,280,contabilizada
M00068-03,D00068,EG2026-PRES,ORG01,Fuerza Popular,39,220,262,14,28,365,contabilizada
M00068-03,D00068,EG2026-PRES,ORG02,Juntos por el Peru,28,220,262,14,28,365,contabilizada
M00068-03,D00068,EG2026-PRES,ORG03,Renovacion Popular,56,220,262,14,28,365,contabilizada
M00068-03,D00068,EG2026-PRES,ORG04,Partido del Buen Gobierno,35,220,262,14,28,365,contabilizada
M00068-03,D00068,EG2026-PRES,ORG05,Otros,62,220,262,14,28,365,contabilizada
M00069-01,D00069,EG2026-PRES,ORG01,Fuerza Popular,21,136,166,11,19,220,contabilizada
M00069-01,D00069,EG2026-PRES,ORG02,Juntos por el Peru,29,136,166,11,19,220,contabilizada
M00069-01,D00069,EG2026-PRES,ORG03,Renovacion Popular,10,136,166,11,19,220,contabilizada
M00069-01,D00069,EG2026-PRES,ORG04,Partido del Buen Gobierno,17,136,166,11,19,220,contabilizada
M00069-01,D00069,EG2026-PRES,ORG05,Otros,59,136,166,11,19,220,contabilizada
M00069-02,D00069,EG2026-PRES,ORG01,Fuerza Popular,29,208,248,18,22,411,contabilizada
M00069-02,D00069,EG2026-PRES,ORG02,Juntos por el Peru,41,208,248,18,22,411,contabilizada
M00069-02,D00069,EG2026-PRES,ORG03,Renovacion Popular,15,208,248,18,22,411,contabilizada
M00069-02,D00069,EG2026-PRES,ORG04,Partido del Buen Gobierno,25,208,248,18,22,411,contabilizada
M00069-02,D00069,EG2026-PRES,ORG05,Otros,98,208,248,18,22,411,contabilizada
M00069-03,D00069,EG2026-PRES,ORG01,Fuerza Popular,23,211,249,17,21,329,contabilizada
M00069-03,D00069,EG2026-PRES,ORG02,Juntos por el Peru,43,211,249,17,21,329,contabilizada
M00069-03,D00069,EG2026-PRES,ORG03,Renovacion Popular,14,211,249,17,21,329,contabilizada
M00069-03,D00069,EG2026-PRES,ORG04,Partido del Buen Gobierno,18,211,249,17,21,329,contabilizada
M00069-03,D00069,EG2026-PRES,ORG05,Otros,113,211,249,17,21,329,contabilizada
M00069-04,D00069,EG2026-PRES,ORG01,Fuerza Popular,28,262,304,9,33,341,contabilizada
M00069-04,D00069,EG2026-PRES,ORG02,Juntos por el Peru,55,262,304,9,33,341,contabilizada
M00069-04,D00069,EG2026-PRES,ORG03,Renovacion Popular,22,262,304,9,33,341,contabilizada
M00069-04,D00069,EG2026-PRES,ORG04,Partido del Buen Gobierno,29,262,304,9,33,341,contabilizada
M00069-04,D00069,EG2026-PRES,ORG05,Otros,128,262,304,9,33,341,contabilizada
M00069-05,D00069,EG2026-PRES,ORG01,Fuerza Popular,28,228,268,17,23,333,contabilizada
M00069-05,D00069,EG2026-PRES,ORG02,Juntos por el Peru,49,228,268,17,23,333,contabilizada
M00069-05,D00069,EG2026-PRES,ORG03,Renovacion Popular,23,228,268,17,23,333,contabilizada
M00069-05,D00069,EG2026-PRES,ORG04,Partido del Buen Gobierno,25,228,268,17,23,333,contabilizada
M00069-05,D00069,EG2026-PRES,ORG05,Otros,103,228,268,17,23,333,contabilizada
M00070-01,D00070,EG2026-PRES,ORG01,Fuerza Popular,28,147,166,4,15,268,contabilizada
M00070-01,D00070,EG2026-PRES,ORG02,Juntos por el Peru,16,147,166,4,15,268,contabilizada
M00070-01,D00070,EG2026-PRES,ORG03,Renovacion Popular,15,147,166,4,15,268,contabilizada
M00070-01,D00070,EG2026-PRES,ORG04,Partido del Buen Gobierno,16,147,166,4,15,268,contabilizada
M00070-01,D00070,EG2026-PRES,ORG05,Otros,72,147,166,4,15,268,contabilizada
M00070-02,D00070,EG2026-PRES,ORG01,Fuerza Popular,26,162,209,12,35,295,contabilizada
M00070-02,D00070,EG2026-PRES,ORG02,Juntos por el Peru,21,162,209,12,35,295,contabilizada
M00070-02,D00070,EG2026-PRES,ORG03,Renovacion Popular,27,162,209,12,35,295,contabilizada
M00070-02,D00070,EG2026-PRES,ORG04,Partido del Buen Gobierno,16,162,209,12,35,295,contabilizada
M00070-02,D00070,EG2026-PRES,ORG05,Otros,72,162,209,12,35,295,contabilizada
M00070-03,D00070,EG2026-PRES,ORG01,Fuerza Popular,42,240,267,13,14,320,contabilizada
M00070-03,D00070,EG2026-PRES,ORG02,Juntos por el Peru,47,240,267,13,14,320,contabilizada
M00070-03,D00070,EG2026-PRES,ORG03,Renovacion Popular,30,240,267,13,14,320,contabilizada
M00070-03,D00070,EG2026-PRES,ORG04,Partido del Buen Gobierno,22,240,267,13,14,320,contabilizada
M00070-03,D00070,EG2026-PRES,ORG05,Otros,99,240,267,13,14,320,contabilizada
M00070-04,D00070,EG2026-PRES,ORG01,Fuerza Popular,31,223,255,16,16,336,contabilizada
M00070-04,D00070,EG2026-PRES,ORG02,Juntos por el Peru,31,223,255,16,16,336,contabilizada
M00070-04,D00070,EG2026-PRES,ORG03,Renovacion Popular,40,223,255,16,16,336,contabilizada
M00070-04,D00070,EG2026-PRES,ORG04,Partido del Buen Gobierno,26,223,255,16,16,336,contabilizada
M00070-04,D00070,EG2026-PRES,ORG05,Otros,95,223,255,16,16,336,contabilizada
M00071-01,D00071,EG2026-PRES,ORG01,Fuerza Popular,21,176,203,9,18,241,contabilizada
M00071-01,D00071,EG2026-PRES,ORG02,Juntos por el Peru,45,176,203,9,18,241,contabilizada
M00071-01,D00071,EG2026-PRES,ORG03,Renovacion Popular,16,176,203,9,18,241,contabilizada
M00071-01,D00071,EG2026-PRES,ORG04,Partido del Buen Gobierno,22,176,203,9,18,241,contabilizada
M00071-01,D00071,EG2026-PRES,ORG05,Otros,72,176,203,9,18,241,contabilizada
M00071-02,D00071,EG2026-PRES,ORG01,Fuerza Popular,15,172,200,13,15,227,contabilizada
M00071-02,D00071,EG2026-PRES,ORG02,Juntos por el Peru,37,172,200,13,15,227,contabilizada
M00071-02,D00071,EG2026-PRES,ORG03,Renovacion Popular,13,172,200,13,15,227,contabilizada
M00071-02,D00071,EG2026-PRES,ORG04,Partido del Buen Gobierno,20,172,200,13,15,227,contabilizada
M00071-02,D00071,EG2026-PRES,ORG05,Otros,87,172,200,13,15,227,contabilizada
M00071-03,D00071,EG2026-PRES,ORG01,Fuerza Popular,26,184,218,9,25,315,contabilizada
M00071-03,D00071,EG2026-PRES,ORG02,Juntos por el Peru,52,184,218,9,25,315,contabilizada
M00071-03,D00071,EG2026-PRES,ORG03,Renovacion Popular,14,184,218,9,25,315,contabilizada
M00071-03,D00071,EG2026-PRES,ORG04,Partido del Buen Gobierno,20,184,218,9,25,315,contabilizada
M00071-03,D00071,EG2026-PRES,ORG05,Otros,72,184,218,9,25,315,contabilizada
M00072-01,D00072,EG2026-PRES,ORG01,Fuerza Popular,21,111,130,4,15,182,contabilizada
M00072-01,D00072,EG2026-PRES,ORG02,Juntos por el Peru,25,111,130,4,15,182,contabilizada
M00072-01,D00072,EG2026-PRES,ORG03,Renovacion Popular,16,111,130,4,15,182,contabilizada
M00072-01,D00072,EG2026-PRES,ORG04,Partido del Buen Gobierno,15,111,130,4,15,182,contabilizada
M00072-01,D00072,EG2026-PRES,ORG05,Otros,34,111,130,4,15,182,contabilizada
M00072-02,D00072,EG2026-PRES,ORG01,Fuerza Popular,26,131,163,13,19,239,observada
M00072-02,D00072,EG2026-PRES,ORG02,Juntos por el Peru,15,131,163,13,19,239,observada
M00072-02,D00072,EG2026-PRES,ORG03,Renovacion Popular,13,131,163,13,19,239,observada
M00072-02,D00072,EG2026-PRES,ORG04,Partido del Buen Gobierno,12,131,163,13,19,239,observada
M00072-02,D00072,EG2026-PRES,ORG05,Otros,65,131,163,13,19,239,observada
M00072-03,D00072,EG2026-PRES,ORG01,Fuerza Popular,39,194,230,15,21,356,contabilizada
M00072-03,D00072,EG2026-PRES,ORG02,Juntos por el Peru,30,194,230,15,21,356,contabilizada
M00072-03,D00072,EG2026-PRES,ORG03,Renovacion Popular,18,194,230,15,21,356,contabilizada
M00072-03,D00072,EG2026-PRES,ORG04,Partido del Buen Gobierno,33,194,230,15,21,356,contabilizada
M00072-03,D00072,EG2026-PRES,ORG05,Otros,74,194,230,15,21,356,contabilizada
M00072-04,D00072,EG2026-PRES,ORG01,Fuerza Popular,25,160,178,4,14,216,contabilizada
M00072-04,D00072,EG2026-PRES,ORG02,Juntos por el Peru,21,160,178,4,14,216,contabilizada
M00072-04,D00072,EG2026-PRES,ORG03,Renovacion Popular,19,160,178,4,14,216,contabilizada
M00072-04,D00072,EG2026-PRES,ORG04,Partido del Buen Gobierno,22,160,178,4,14,216,contabilizada
M00072-04,D00072,EG2026-PRES,ORG05,Otros,73,160,178,4,14,216,contabilizada
M00073-01,D00073,EG2026-PRES,ORG01,Fuerza Popular,14,197,218,14,7,290,contabilizada
M00073-01,D00073,EG2026-PRES,ORG02,Juntos por el Peru,51,197,218,14,7,290,contabilizada
M00073-01,D00073,EG2026-PRES,ORG03,Renovacion Popular,14,197,218,14,7,290,contabilizada
M00073-01,D00073,EG2026-PRES,ORG04,Partido del Buen Gobierno,23,197,218,14,7,290,contabilizada
M00073-01,D00073,EG2026-PRES,ORG05,Otros,95,197,218,14,7,290,contabilizada
M00073-02,D00073,EG2026-PRES,ORG01,Fuerza Popular,25,222,256,14,20,357,contabilizada
M00073-02,D00073,EG2026-PRES,ORG02,Juntos por el Peru,47,222,256,14,20,357,contabilizada
M00073-02,D00073,EG2026-PRES,ORG03,Renovacion Popular,17,222,256,14,20,357,contabilizada
M00073-02,D00073,EG2026-PRES,ORG04,Partido del Buen Gobierno,26,222,256,14,20,357,contabilizada
M00073-02,D00073,EG2026-PRES,ORG05,Otros,107,222,256,14,20,357,contabilizada
M00073-03,D00073,EG2026-PRES,ORG01,Fuerza Popular,28,199,223,10,14,338,contabilizada
M00073-03,D00073,EG2026-PRES,ORG02,Juntos por el Peru,59,199,223,10,14,338,contabilizada
M00073-03,D00073,EG2026-PRES,ORG03,Renovacion Popular,18,199,223,10,14,338,contabilizada
M00073-03,D00073,EG2026-PRES,ORG04,Partido del Buen Gobierno,21,199,223,10,14,338,contabilizada
M00073-03,D00073,EG2026-PRES,ORG05,Otros,73,199,223,10,14,338,contabilizada
M00073-04,D00073,EG2026-PRES,ORG01,Fuerza Popular,25,182,210,11,17,238,contabilizada
M00073-04,D00073,EG2026-PRES,ORG02,Juntos por el Peru,39,182,210,11,17,238,contabilizada
M00073-04,D00073,EG2026-PRES,ORG03,Renovacion Popular,15,182,210,11,17,238,contabilizada
M00073-04,D00073,EG2026-PRES,ORG04,Partido del Buen Gobierno,19,182,210,11,17,238,contabilizada
M00073-04,D00073,EG2026-PRES,ORG05,Otros,84,182,210,11,17,238,contabilizada
M00074-01,D00074,EG2026-PRES,ORG01,Fuerza Popular,25,199,238,20,19,315,contabilizada
M00074-01,D00074,EG2026-PRES,ORG02,Juntos por el Peru,44,199,238,20,19,315,contabilizada
M00074-01,D00074,EG2026-PRES,ORG03,Renovacion Popular,14,199,238,20,19,315,contabilizada
M00074-01,D00074,EG2026-PRES,ORG04,Partido del Buen Gobierno,25,199,238,20,19,315,contabilizada
M00074-01,D00074,EG2026-PRES,ORG05,Otros,91,199,238,20,19,315,contabilizada
M00074-02,D00074,EG2026-PRES,ORG01,Fuerza Popular,38,238,290,19,33,361,contabilizada
M00074-02,D00074,EG2026-PRES,ORG02,Juntos por el Peru,52,238,290,19,33,361,contabilizada
M00074-02,D00074,EG2026-PRES,ORG03,Renovacion Popular,22,238,290,19,33,361,contabilizada
M00074-02,D00074,EG2026-PRES,ORG04,Partido del Buen Gobierno,21,238,290,19,33,361,contabilizada
M00074-02,D00074,EG2026-PRES,ORG05,Otros,105,238,290,19,33,361,contabilizada
M00074-03,D00074,EG2026-PRES,ORG01,Fuerza Popular,25,194,210,10,6,280,contabilizada
M00074-03,D00074,EG2026-PRES,ORG02,Juntos por el Peru,48,194,210,10,6,280,contabilizada
M00074-03,D00074,EG2026-PRES,ORG03,Renovacion Popular,14,194,210,10,6,280,contabilizada
M00074-03,D00074,EG2026-PRES,ORG04,Partido del Buen Gobierno,23,194,210,10,6,280,contabilizada
M00074-03,D00074,EG2026-PRES,ORG05,Otros,84,194,210,10,6,280,contabilizada
M00074-04,D00074,EG2026-PRES,ORG01,Fuerza Popular,20,152,183,9,22,238,contabilizada
M00074-04,D00074,EG2026-PRES,ORG02,Juntos por el Peru,38,152,183,9,22,238,contabilizada
M00074-04,D00074,EG2026-PRES,ORG03,Renovacion Popular,12,152,183,9,22,238,contabilizada
M00074-04,D00074,EG2026-PRES,ORG04,Partido del Buen Gobierno,19,152,183,9,22,238,contabilizada
M00074-04,D00074,EG2026-PRES,ORG05,Otros,63,152,183,9,22,238,contabilizada
M00074-05,D00074,EG2026-PRES,ORG01,Fuerza Popular,28,196,228,8,24,348,contabilizada
M00074-05,D00074,EG2026-PRES,ORG02,Juntos por el Peru,44,196,228,8,24,348,contabilizada
M00074-05,D00074,EG2026-PRES,ORG03,Renovacion Popular,13,196,228,8,24,348,contabilizada
M00074-05,D00074,EG2026-PRES,ORG04,Partido del Buen Gobierno,25,196,228,8,24,348,contabilizada
M00074-05,D00074,EG2026-PRES,ORG05,Otros,86,196,228,8,24,348,contabilizada
M00075-01,D00075,EG2026-PRES,ORG01,Fuerza Popular,20,168,198,9,21,306,contabilizada
M00075-01,D00075,EG2026-PRES,ORG02,Juntos por el Peru,20,168,198,9,21,306,contabilizada
M00075-01,D00075,EG2026-PRES,ORG03,Renovacion Popular,26,168,198,9,21,306,contabilizada
M00075-01,D00075,EG2026-PRES,ORG04,Partido del Buen Gobierno,18,168,198,9,21,306,contabilizada
M00075-01,D00075,EG2026-PRES,ORG05,Otros,84,168,198,9,21,306,contabilizada
M00075-02,D00075,EG2026-PRES,ORG01,Fuerza Popular,30,194,233,20,19,347,contabilizada
M00075-02,D00075,EG2026-PRES,ORG02,Juntos por el Peru,25,194,233,20,19,347,contabilizada
M00075-02,D00075,EG2026-PRES,ORG03,Renovacion Popular,29,194,233,20,19,347,contabilizada
M00075-02,D00075,EG2026-PRES,ORG04,Partido del Buen Gobierno,26,194,233,20,19,347,contabilizada
M00075-02,D00075,EG2026-PRES,ORG05,Otros,84,194,233,20,19,347,contabilizada
M00075-03,D00075,EG2026-PRES,ORG01,Fuerza Popular,37,167,206,14,25,261,contabilizada
M00075-03,D00075,EG2026-PRES,ORG02,Juntos por el Peru,21,167,206,14,25,261,contabilizada
M00075-03,D00075,EG2026-PRES,ORG03,Renovacion Popular,29,167,206,14,25,261,contabilizada
M00075-03,D00075,EG2026-PRES,ORG04,Partido del Buen Gobierno,18,167,206,14,25,261,contabilizada
M00075-03,D00075,EG2026-PRES,ORG05,Otros,62,167,206,14,25,261,contabilizada
M00076-01,D00076,EG2026-PRES,ORG01,Fuerza Popular,22,111,133,9,13,198,contabilizada
M00076-01,D00076,EG2026-PRES,ORG02,Juntos por el Peru,19,111,133,9,13,198,contabilizada
M00076-01,D00076,EG2026-PRES,ORG03,Renovacion Popular,17,111,133,9,13,198,contabilizada
M00076-01,D00076,EG2026-PRES,ORG04,Partido del Buen Gobierno,9,111,133,9,13,198,contabilizada
M00076-01,D00076,EG2026-PRES,ORG05,Otros,44,111,133,9,13,198,contabilizada
M00076-02,D00076,EG2026-PRES,ORG01,Fuerza Popular,37,203,236,13,20,298,contabilizada
M00076-02,D00076,EG2026-PRES,ORG02,Juntos por el Peru,27,203,236,13,20,298,contabilizada
M00076-02,D00076,EG2026-PRES,ORG03,Renovacion Popular,23,203,236,13,20,298,contabilizada
M00076-02,D00076,EG2026-PRES,ORG04,Partido del Buen Gobierno,24,203,236,13,20,298,contabilizada
M00076-02,D00076,EG2026-PRES,ORG05,Otros,92,203,236,13,20,298,contabilizada
M00076-03,D00076,EG2026-PRES,ORG01,Fuerza Popular,27,197,240,20,23,328,contabilizada
M00076-03,D00076,EG2026-PRES,ORG02,Juntos por el Peru,31,197,240,20,23,328,contabilizada
M00076-03,D00076,EG2026-PRES,ORG03,Renovacion Popular,20,197,240,20,23,328,contabilizada
M00076-03,D00076,EG2026-PRES,ORG04,Partido del Buen Gobierno,21,197,240,20,23,328,contabilizada
M00076-03,D00076,EG2026-PRES,ORG05,Otros,98,197,240,20,23,328,contabilizada
M00076-04,D00076,EG2026-PRES,ORG01,Fuerza Popular,24,127,150,6,17,213,contabilizada
M00076-04,D00076,EG2026-PRES,ORG02,Juntos por el Peru,17,127,150,6,17,213,contabilizada
M00076-04,D00076,EG2026-PRES,ORG03,Renovacion Popular,14,127,150,6,17,213,contabilizada
M00076-04,D00076,EG2026-PRES,ORG04,Partido del Buen Gobierno,18,127,150,6,17,213,contabilizada
M00076-04,D00076,EG2026-PRES,ORG05,Otros,54,127,150,6,17,213,contabilizada
M00076-05,D00076,EG2026-PRES,ORG01,Fuerza Popular,16,97,112,7,8,188,contabilizada
M00076-05,D00076,EG2026-PRES,ORG02,Juntos por el Peru,15,97,112,7,8,188,contabilizada
M00076-05,D00076,EG2026-PRES,ORG03,Renovacion Popular,14,97,112,7,8,188,contabilizada
M00076-05,D00076,EG2026-PRES,ORG04,Partido del Buen Gobierno,12,97,112,7,8,188,contabilizada
M00076-05,D00076,EG2026-PRES,ORG05,Otros,40,97,112,7,8,188,contabilizada
M00077-01,D00077,EG2026-PRES,ORG01,Fuerza Popular,29,190,210,5,15,297,contabilizada
M00077-01,D00077,EG2026-PRES,ORG02,Juntos por el Peru,45,190,210,5,15,297,contabilizada
M00077-01,D00077,EG2026-PRES,ORG03,Renovacion Popular,11,190,210,5,15,297,contabilizada
M00077-01,D00077,EG2026-PRES,ORG04,Partido del Buen Gobierno,26,190,210,5,15,297,contabilizada
M00077-01,D00077,EG2026-PRES,ORG05,Otros,79,190,210,5,15,297,contabilizada
M00077-02,D00077,EG2026-PRES,ORG01,Fuerza Popular,12,181,215,8,26,276,contabilizada
M00077-02,D00077,EG2026-PRES,ORG02,Juntos por el Peru,40,181,215,8,26,276,contabilizada
M00077-02,D00077,EG2026-PRES,ORG03,Renovacion Popular,12,181,215,8,26,276,contabilizada
M00077-02,D00077,EG2026-PRES,ORG04,Partido del Buen Gobierno,21,181,215,8,26,276,contabilizada
M00077-02,D00077,EG2026-PRES,ORG05,Otros,96,181,215,8,26,276,contabilizada
M00077-03,D00077,EG2026-PRES,ORG01,Fuerza Popular,15,143,172,10,19,204,contabilizada
M00077-03,D00077,EG2026-PRES,ORG02,Juntos por el Peru,28,143,172,10,19,204,contabilizada
M00077-03,D00077,EG2026-PRES,ORG03,Renovacion Popular,14,143,172,10,19,204,contabilizada
M00077-03,D00077,EG2026-PRES,ORG04,Partido del Buen Gobierno,13,143,172,10,19,204,contabilizada
M00077-03,D00077,EG2026-PRES,ORG05,Otros,73,143,172,10,19,204,contabilizada
M00077-04,D00077,EG2026-PRES,ORG01,Fuerza Popular,29,235,272,21,16,355,contabilizada
M00077-04,D00077,EG2026-PRES,ORG02,Juntos por el Peru,63,235,272,21,16,355,contabilizada
M00077-04,D00077,EG2026-PRES,ORG03,Renovacion Popular,22,235,272,21,16,355,contabilizada
M00077-04,D00077,EG2026-PRES,ORG04,Partido del Buen Gobierno,32,235,272,21,16,355,contabilizada
M00077-04,D00077,EG2026-PRES,ORG05,Otros,89,235,272,21,16,355,contabilizada
M00077-05,D00077,EG2026-PRES,ORG01,Fuerza Popular,35,226,258,6,26,326,contabilizada
M00077-05,D00077,EG2026-PRES,ORG02,Juntos por el Peru,54,226,258,6,26,326,contabilizada
M00077-05,D00077,EG2026-PRES,ORG03,Renovacion Popular,13,226,258,6,26,326,contabilizada
M00077-05,D00077,EG2026-PRES,ORG04,Partido del Buen Gobierno,30,226,258,6,26,326,contabilizada
M00077-05,D00077,EG2026-PRES,ORG05,Otros,94,226,258,6,26,326,contabilizada
M00077-06,D00077,EG2026-PRES,ORG01,Fuerza Popular,19,169,195,6,20,259,contabilizada
M00077-06,D00077,EG2026-PRES,ORG02,Juntos por el Peru,40,169,195,6,20,259,contabilizada
M00077-06,D00077,EG2026-PRES,ORG03,Renovacion Popular,18,169,195,6,20,259,contabilizada
M00077-06,D00077,EG2026-PRES,ORG04,Partido del Buen Gobierno,23,169,195,6,20,259,contabilizada
M00077-06,D00077,EG2026-PRES,ORG05,Otros,69,169,195,6,20,259,contabilizada
M00078-01,D00078,EG2026-PRES,ORG01,Fuerza Popular,44,246,276,11,19,418,contabilizada
M00078-01,D00078,EG2026-PRES,ORG02,Juntos por el Peru,35,246,276,11,19,418,contabilizada
M00078-01,D00078,EG2026-PRES,ORG03,Renovacion Popular,40,246,276,11,19,418,contabilizada
M00078-01,D00078,EG2026-PRES,ORG04,Partido del Buen Gobierno,38,246,276,11,19,418,contabilizada
M00078-01,D00078,EG2026-PRES,ORG05,Otros,89,246,276,11,19,418,contabilizada
M00078-02,D00078,EG2026-PRES,ORG01,Fuerza Popular,11,116,134,7,11,207,contabilizada
M00078-02,D00078,EG2026-PRES,ORG02,Juntos por el Peru,15,116,134,7,11,207,contabilizada
M00078-02,D00078,EG2026-PRES,ORG03,Renovacion Popular,14,116,134,7,11,207,contabilizada
M00078-02,D00078,EG2026-PRES,ORG04,Partido del Buen Gobierno,15,116,134,7,11,207,contabilizada
M00078-02,D00078,EG2026-PRES,ORG05,Otros,61,116,134,7,11,207,contabilizada
M00078-03,D00078,EG2026-PRES,ORG01,Fuerza Popular,37,228,271,17,26,354,contabilizada
M00078-03,D00078,EG2026-PRES,ORG02,Juntos por el Peru,35,228,271,17,26,354,contabilizada
M00078-03,D00078,EG2026-PRES,ORG03,Renovacion Popular,27,228,271,17,26,354,contabilizada
M00078-03,D00078,EG2026-PRES,ORG04,Partido del Buen Gobierno,24,228,271,17,26,354,contabilizada
M00078-03,D00078,EG2026-PRES,ORG05,Otros,105,228,271,17,26,354,contabilizada
M00078-04,D00078,EG2026-PRES,ORG01,Fuerza Popular,38,197,238,13,28,363,contabilizada
M00078-04,D00078,EG2026-PRES,ORG02,Juntos por el Peru,28,197,238,13,28,363,contabilizada
M00078-04,D00078,EG2026-PRES,ORG03,Renovacion Popular,28,197,238,13,28,363,contabilizada
M00078-04,D00078,EG2026-PRES,ORG04,Partido del Buen Gobierno,20,197,238,13,28,363,contabilizada
M00078-04,D00078,EG2026-PRES,ORG05,Otros,83,197,238,13,28,363,contabilizada
M00079-01,D00079,EG2026-PRES,ORG01,Fuerza Popular,49,296,335,14,25,410,contabilizada
M00079-01,D00079,EG2026-PRES,ORG02,Juntos por el Peru,49,296,335,14,25,410,contabilizada
M00079-01,D00079,EG2026-PRES,ORG03,Renovacion Popular,38,296,335,14,25,410,contabilizada
M00079-01,D00079,EG2026-PRES,ORG04,Partido del Buen Gobierno,41,296,335,14,25,410,contabilizada
M00079-01,D00079,EG2026-PRES,ORG05,Otros,119,296,335,14,25,410,contabilizada
M00079-02,D00079,EG2026-PRES,ORG01,Fuerza Popular,50,268,311,6,37,398,contabilizada
M00079-02,D00079,EG2026-PRES,ORG02,Juntos por el Peru,36,268,311,6,37,398,contabilizada
M00079-02,D00079,EG2026-PRES,ORG03,Renovacion Popular,24,268,311,6,37,398,contabilizada
M00079-02,D00079,EG2026-PRES,ORG04,Partido del Buen Gobierno,44,268,311,6,37,398,contabilizada
M00079-02,D00079,EG2026-PRES,ORG05,Otros,114,268,311,6,37,398,contabilizada
M00079-03,D00079,EG2026-PRES,ORG01,Fuerza Popular,24,190,240,15,35,368,contabilizada
M00079-03,D00079,EG2026-PRES,ORG02,Juntos por el Peru,28,190,240,15,35,368,contabilizada
M00079-03,D00079,EG2026-PRES,ORG03,Renovacion Popular,35,190,240,15,35,368,contabilizada
M00079-03,D00079,EG2026-PRES,ORG04,Partido del Buen Gobierno,26,190,240,15,35,368,contabilizada
M00079-03,D00079,EG2026-PRES,ORG05,Otros,77,190,240,15,35,368,contabilizada
M00080-01,D00080,EG2026-PRES,ORG01,Fuerza Popular,18,132,159,9,18,188,contabilizada
M00080-01,D00080,EG2026-PRES,ORG02,Juntos por el Peru,29,132,159,9,18,188,contabilizada
M00080-01,D00080,EG2026-PRES,ORG03,Renovacion Popular,10,132,159,9,18,188,contabilizada
M00080-01,D00080,EG2026-PRES,ORG04,Partido del Buen Gobierno,14,132,159,9,18,188,contabilizada
M00080-01,D00080,EG2026-PRES,ORG05,Otros,61,132,159,9,18,188,contabilizada
M00080-02,D00080,EG2026-PRES,ORG01,Fuerza Popular,33,248,289,14,27,342,contabilizada
M00080-02,D00080,EG2026-PRES,ORG02,Juntos por el Peru,38,248,289,14,27,342,contabilizada
M00080-02,D00080,EG2026-PRES,ORG03,Renovacion Popular,19,248,289,14,27,342,contabilizada
M00080-02,D00080,EG2026-PRES,ORG04,Partido del Buen Gobierno,34,248,289,14,27,342,contabilizada
M00080-02,D00080,EG2026-PRES,ORG05,Otros,124,248,289,14,27,342,contabilizada
M00080-03,D00080,EG2026-PRES,ORG01,Fuerza Popular,23,240,291,12,39,398,contabilizada
M00080-03,D00080,EG2026-PRES,ORG02,Juntos por el Peru,45,240,291,12,39,398,contabilizada
M00080-03,D00080,EG2026-PRES,ORG03,Renovacion Popular,20,240,291,12,39,398,contabilizada
M00080-03,D00080,EG2026-PRES,ORG04,Partido del Buen Gobierno,29,240,291,12,39,398,contabilizada
M00080-03,D00080,EG2026-PRES,ORG05,Otros,123,240,291,12,39,398,contabilizada
M00080-04,D00080,EG2026-PRES,ORG01,Fuerza Popular,18,132,151,6,13,218,observada
M00080-04,D00080,EG2026-PRES,ORG02,Juntos por el Peru,19,132,151,6,13,218,observada
M00080-04,D00080,EG2026-PRES,ORG03,Renovacion Popular,11,132,151,6,13,218,observada
M00080-04,D00080,EG2026-PRES,ORG04,Partido del Buen Gobierno,16,132,151,6,13,218,observada
M00080-04,D00080,EG2026-PRES,ORG05,Otros,68,132,151,6,13,218,observada
M00081-01,D00081,EG2026-PRES,ORG01,Fuerza Popular,19,203,232,14,15,287,contabilizada
M00081-01,D00081,EG2026-PRES,ORG02,Juntos por el Peru,51,203,232,14,15,287,contabilizada
M00081-01,D00081,EG2026-PRES,ORG03,Renovacion Popular,16,203,232,14,15,287,contabilizada
M00081-01,D00081,EG2026-PRES,ORG04,Partido del Buen Gobierno,31,203,232,14,15,287,contabilizada
M00081-01,D00081,EG2026-PRES,ORG05,Otros,86,203,232,14,15,287,contabilizada
M00081-02,D00081,EG2026-PRES,ORG01,Fuerza Popular,27,239,277,9,29,379,contabilizada
M00081-02,D00081,EG2026-PRES,ORG02,Juntos por el Peru,47,239,277,9,29,379,contabilizada
M00081-02,D00081,EG2026-PRES,ORG03,Renovacion Popular,19,239,277,9,29,379,contabilizada
M00081-02,D00081,EG2026-PRES,ORG04,Partido del Buen Gobierno,27,239,277,9,29,379,contabilizada
M00081-02,D00081,EG2026-PRES,ORG05,Otros,119,239,277,9,29,379,contabilizada
M00081-03,D00081,EG2026-PRES,ORG01,Fuerza Popular,33,234,284,17,33,371,contabilizada
M00081-03,D00081,EG2026-PRES,ORG02,Juntos por el Peru,44,234,284,17,33,371,contabilizada
M00081-03,D00081,EG2026-PRES,ORG03,Renovacion Popular,24,234,284,17,33,371,contabilizada
M00081-03,D00081,EG2026-PRES,ORG04,Partido del Buen Gobierno,20,234,284,17,33,371,contabilizada
M00081-03,D00081,EG2026-PRES,ORG05,Otros,113,234,284,17,33,371,contabilizada
M00081-04,D00081,EG2026-PRES,ORG01,Fuerza Popular,15,122,138,7,9,197,contabilizada
M00081-04,D00081,EG2026-PRES,ORG02,Juntos por el Peru,22,122,138,7,9,197,contabilizada
M00081-04,D00081,EG2026-PRES,ORG03,Renovacion Popular,14,122,138,7,9,197,contabilizada
M00081-04,D00081,EG2026-PRES,ORG04,Partido del Buen Gobierno,13,122,138,7,9,197,contabilizada
M00081-04,D00081,EG2026-PRES,ORG05,Otros,58,122,138,7,9,197,contabilizada
M00081-05,D00081,EG2026-PRES,ORG01,Fuerza Popular,14,227,267,9,31,337,contabilizada
M00081-05,D00081,EG2026-PRES,ORG02,Juntos por el Peru,58,227,267,9,31,337,contabilizada
M00081-05,D00081,EG2026-PRES,ORG03,Renovacion Popular,21,227,267,9,31,337,contabilizada
M00081-05,D00081,EG2026-PRES,ORG04,Partido del Buen Gobierno,39,227,267,9,31,337,contabilizada
M00081-05,D00081,EG2026-PRES,ORG05,Otros,95,227,267,9,31,337,contabilizada
M00082-01,D00082,EG2026-PRES,ORG01,Fuerza Popular,22,151,170,3,16,242,contabilizada
M00082-01,D00082,EG2026-PRES,ORG02,Juntos por el Peru,12,151,170,3,16,242,contabilizada
M00082-01,D00082,EG2026-PRES,ORG03,Renovacion Popular,27,151,170,3,16,242,contabilizada
M00082-01,D00082,EG2026-PRES,ORG04,Partido del Buen Gobierno,21,151,170,3,16,242,contabilizada
M00082-01,D00082,EG2026-PRES,ORG05,Otros,69,151,170,3,16,242,contabilizada
M00082-02,D00082,EG2026-PRES,ORG01,Fuerza Popular,47,273,320,16,31,391,contabilizada
M00082-02,D00082,EG2026-PRES,ORG02,Juntos por el Peru,32,273,320,16,31,391,contabilizada
M00082-02,D00082,EG2026-PRES,ORG03,Renovacion Popular,37,273,320,16,31,391,contabilizada
M00082-02,D00082,EG2026-PRES,ORG04,Partido del Buen Gobierno,31,273,320,16,31,391,contabilizada
M00082-02,D00082,EG2026-PRES,ORG05,Otros,126,273,320,16,31,391,contabilizada
M00082-03,D00082,EG2026-PRES,ORG01,Fuerza Popular,27,107,133,9,17,187,contabilizada
M00082-03,D00082,EG2026-PRES,ORG02,Juntos por el Peru,14,107,133,9,17,187,contabilizada
M00082-03,D00082,EG2026-PRES,ORG03,Renovacion Popular,15,107,133,9,17,187,contabilizada
M00082-03,D00082,EG2026-PRES,ORG04,Partido del Buen Gobierno,15,107,133,9,17,187,contabilizada
M00082-03,D00082,EG2026-PRES,ORG05,Otros,36,107,133,9,17,187,contabilizada
M00082-04,D00082,EG2026-PRES,ORG01,Fuerza Popular,32,148,180,12,20,265,observada
M00082-04,D00082,EG2026-PRES,ORG02,Juntos por el Peru,24,148,180,12,20,265,observada
M00082-04,D00082,EG2026-PRES,ORG03,Renovacion Popular,19,148,180,12,20,265,observada
M00082-04,D00082,EG2026-PRES,ORG04,Partido del Buen Gobierno,13,148,180,12,20,265,observada
M00082-04,D00082,EG2026-PRES,ORG05,Otros,60,148,180,12,20,265,observada
M00082-05,D00082,EG2026-PRES,ORG01,Fuerza Popular,25,153,176,10,13,212,contabilizada
M00082-05,D00082,EG2026-PRES,ORG02,Juntos por el Peru,22,153,176,10,13,212,contabilizada
M00082-05,D00082,EG2026-PRES,ORG03,Renovacion Popular,18,153,176,10,13,212,contabilizada
M00082-05,D00082,EG2026-PRES,ORG04,Partido del Buen Gobierno,21,153,176,10,13,212,contabilizada
M00082-05,D00082,EG2026-PRES,ORG05,Otros,67,153,176,10,13,212,contabilizada
M00083-01,D00083,EG2026-PRES,ORG01,Fuerza Popular,44,218,255,15,22,289,pendiente
M00083-01,D00083,EG2026-PRES,ORG02,Juntos por el Peru,23,218,255,15,22,289,pendiente
M00083-01,D00083,EG2026-PRES,ORG03,Renovacion Popular,24,218,255,15,22,289,pendiente
M00083-01,D00083,EG2026-PRES,ORG04,Partido del Buen Gobierno,29,218,255,15,22,289,pendiente
M00083-01,D00083,EG2026-PRES,ORG05,Otros,98,218,255,15,22,289,pendiente
M00083-02,D00083,EG2026-PRES,ORG01,Fuerza Popular,12,106,124,5,13,182,contabilizada
M00083-02,D00083,EG2026-PRES,ORG02,Juntos por el Peru,15,106,124,5,13,182,contabilizada
M00083-02,D00083,EG2026-PRES,ORG03,Renovacion Popular,17,106,124,5,13,182,contabilizada
M00083-02,D00083,EG2026-PRES,ORG04,Partido del Buen Gobierno,13,106,124,5,13,182,contabilizada
M00083-02,D00083,EG2026-PRES,ORG05,Otros,49,106,124,5,13,182,contabilizada
M00084-01,D00084,EG2026-PRES,ORG01,Fuerza Popular,41,242,301,15,44,381,contabilizada
M00084-01,D00084,EG2026-PRES,ORG02,Juntos por el Peru,38,242,301,15,44,381,contabilizada
M00084-01,D00084,EG2026-PRES,ORG03,Renovacion Popular,37,242,301,15,44,381,contabilizada
M00084-01,D00084,EG2026-PRES,ORG04,Partido del Buen Gobierno,36,242,301,15,44,381,contabilizada
M00084-01,D00084,EG2026-PRES,ORG05,Otros,90,242,301,15,44,381,contabilizada
M00084-02,D00084,EG2026-PRES,ORG01,Fuerza Popular,13,114,130,7,9,201,observada
M00084-02,D00084,EG2026-PRES,ORG02,Juntos por el Peru,12,114,130,7,9,201,observada
M00084-02,D00084,EG2026-PRES,ORG03,Renovacion Popular,17,114,130,7,9,201,observada
M00084-02,D00084,EG2026-PRES,ORG04,Partido del Buen Gobierno,13,114,130,7,9,201,observada
M00084-02,D00084,EG2026-PRES,ORG05,Otros,59,114,130,7,9,201,observada
M00084-03,D00084,EG2026-PRES,ORG01,Fuerza Popular,28,154,182,8,20,327,contabilizada
M00084-03,D00084,EG2026-PRES,ORG02,Juntos por el Peru,24,154,182,8,20,327,contabilizada
M00084-03,D00084,EG2026-PRES,ORG03,Renovacion Popular,23,154,182,8,20,327,contabilizada
M00084-03,D00084,EG2026-PRES,ORG04,Partido del Buen Gobierno,14,154,182,8,20,327,contabilizada
M00084-03,D00084,EG2026-PRES,ORG05,Otros,65,154,182,8,20,327,contabilizada
M00084-04,D00084,EG2026-PRES,ORG01,Fuerza Popular,23,150,173,5,18,259,contabilizada
M00084-04,D00084,EG2026-PRES,ORG02,Juntos por el Peru,22,150,173,5,18,259,contabilizada
M00084-04,D00084,EG2026-PRES,ORG03,Renovacion Popular,17,150,173,5,18,259,contabilizada
M00084-04,D00084,EG2026-PRES,ORG04,Partido del Buen Gobierno,22,150,173,5,18,259,contabilizada
M00084-04,D00084,EG2026-PRES,ORG05,Otros,66,150,173,5,18,259,contabilizada
M00084-05,D00084,EG2026-PRES,ORG01,Fuerza Popular,51,220,247,8,19,363,contabilizada
M00084-05,D00084,EG2026-PRES,ORG02,Juntos por el Peru,33,220,247,8,19,363,contabilizada
M00084-05,D00084,EG2026-PRES,ORG03,Renovacion Popular,28,220,247,8,19,363,contabilizada
M00084-05,D00084,EG2026-PRES,ORG04,Partido del Buen Gobierno,23,220,247,8,19,363,contabilizada
M00084-05,D00084,EG2026-PRES,ORG05,Otros,85,220,247,8,19,363,contabilizada
M00085-01,D00085,EG2026-PRES,ORG01,Fuerza Popular,40,251,312,27,34,394,contabilizada
M00085-01,D00085,EG2026-PRES,ORG02,Juntos por el Peru,39,251,312,27,34,394,contabilizada
M00085-01,D00085,EG2026-PRES,ORG03,Renovacion Popular,40,251,312,27,34,394,contabilizada
M00085-01,D00085,EG2026-PRES,ORG04,Partido del Buen Gobierno,30,251,312,27,34,394,contabilizada
M00085-01,D00085,EG2026-PRES,ORG05,Otros,102,251,312,27,34,394,contabilizada
M00085-02,D00085,EG2026-PRES,ORG01,Fuerza Popular,30,191,222,9,22,315,contabilizada
M00085-02,D00085,EG2026-PRES,ORG02,Juntos por el Peru,15,191,222,9,22,315,contabilizada
M00085-02,D00085,EG2026-PRES,ORG03,Renovacion Popular,29,191,222,9,22,315,contabilizada
M00085-02,D00085,EG2026-PRES,ORG04,Partido del Buen Gobierno,22,191,222,9,22,315,contabilizada
M00085-02,D00085,EG2026-PRES,ORG05,Otros,95,191,222,9,22,315,contabilizada
M00085-03,D00085,EG2026-PRES,ORG01,Fuerza Popular,39,149,174,9,16,218,pendiente
M00085-03,D00085,EG2026-PRES,ORG02,Juntos por el Peru,22,149,174,9,16,218,pendiente
M00085-03,D00085,EG2026-PRES,ORG03,Renovacion Popular,20,149,174,9,16,218,pendiente
M00085-03,D00085,EG2026-PRES,ORG04,Partido del Buen Gobierno,19,149,174,9,16,218,pendiente
M00085-03,D00085,EG2026-PRES,ORG05,Otros,49,149,174,9,16,218,pendiente
M00085-04,D00085,EG2026-PRES,ORG01,Fuerza Popular,60,305,329,7,17,393,contabilizada
M00085-04,D00085,EG2026-PRES,ORG02,Juntos por el Peru,22,305,329,7,17,393,contabilizada
M00085-04,D00085,EG2026-PRES,ORG03,Renovacion Popular,46,305,329,7,17,393,contabilizada
M00085-04,D00085,EG2026-PRES,ORG04,Partido del Buen Gobierno,34,305,329,7,17,393,contabilizada
M00085-04,D00085,EG2026-PRES,ORG05,Otros,143,305,329,7,17,393,contabilizada
M00085-05,D00085,EG2026-PRES,ORG01,Fuerza Popular,28,163,197,11,23,256,contabilizada
M00085-05,D00085,EG2026-PRES,ORG02,Juntos por el Peru,22,163,197,11,23,256,contabilizada
M00085-05,D00085,EG2026-PRES,ORG03,Renovacion Popular,18,163,197,11,23,256,contabilizada
M00085-05,D00085,EG2026-PRES,ORG04,Partido del Buen Gobierno,24,163,197,11,23,256,contabilizada
M00085-05,D00085,EG2026-PRES,ORG05,Otros,71,163,197,11,23,256,contabilizada
M00085-06,D00085,EG2026-PRES,ORG01,Fuerza Popular,61,313,337,10,14,411,contabilizada
M00085-06,D00085,EG2026-PRES,ORG02,Juntos por el Peru,25,313,337,10,14,411,contabilizada
M00085-06,D00085,EG2026-PRES,ORG03,Renovacion Popular,45,313,337,10,14,411,contabilizada
M00085-06,D00085,EG2026-PRES,ORG04,Partido del Buen Gobierno,43,313,337,10,14,411,contabilizada
M00085-06,D00085,EG2026-PRES,ORG05,Otros,139,313,337,10,14,411,contabilizada
M00086-01,D00086,EG2026-PRES,ORG01,Fuerza Popular,28,241,277,14,22,317,contabilizada
M00086-01,D00086,EG2026-PRES,ORG02,Juntos por el Peru,51,241,277,14,22,317,contabilizada
M00086-01,D00086,EG2026-PRES,ORG03,Renovacion Popular,23,241,277,14,22,317,contabilizada
M00086-01,D00086,EG2026-PRES,ORG04,Partido del Buen Gobierno,33,241,277,14,22,317,contabilizada
M00086-01,D00086,EG2026-PRES,ORG05,Otros,106,241,277,14,22,317,contabilizada
M00086-02,D00086,EG2026-PRES,ORG01,Fuerza Popular,29,208,248,14,26,308,contabilizada
M00086-02,D00086,EG2026-PRES,ORG02,Juntos por el Peru,47,208,248,14,26,308,contabilizada
M00086-02,D00086,EG2026-PRES,ORG03,Renovacion Popular,17,208,248,14,26,308,contabilizada
M00086-02,D00086,EG2026-PRES,ORG04,Partido del Buen Gobierno,21,208,248,14,26,308,contabilizada
M00086-02,D00086,EG2026-PRES,ORG05,Otros,94,208,248,14,26,308,contabilizada
M00087-01,D00087,EG2026-PRES,ORG01,Fuerza Popular,33,203,236,14,19,355,contabilizada
M00087-01,D00087,EG2026-PRES,ORG02,Juntos por el Peru,30,203,236,14,19,355,contabilizada
M00087-01,D00087,EG2026-PRES,ORG03,Renovacion Popular,32,203,236,14,19,355,contabilizada
M00087-01,D00087,EG2026-PRES,ORG04,Partido del Buen Gobierno,22,203,236,14,19,355,contabilizada
M00087-01,D00087,EG2026-PRES,ORG05,Otros,86,203,236,14,19,355,contabilizada
M00087-02,D00087,EG2026-PRES,ORG01,Fuerza Popular,30,164,186,7,15,254,contabilizada
M00087-02,D00087,EG2026-PRES,ORG02,Juntos por el Peru,18,164,186,7,15,254,contabilizada
M00087-02,D00087,EG2026-PRES,ORG03,Renovacion Popular,17,164,186,7,15,254,contabilizada
M00087-02,D00087,EG2026-PRES,ORG04,Partido del Buen Gobierno,22,164,186,7,15,254,contabilizada
M00087-02,D00087,EG2026-PRES,ORG05,Otros,77,164,186,7,15,254,contabilizada
M00087-03,D00087,EG2026-PRES,ORG01,Fuerza Popular,37,240,275,14,21,376,contabilizada
M00087-03,D00087,EG2026-PRES,ORG02,Juntos por el Peru,30,240,275,14,21,376,contabilizada
M00087-03,D00087,EG2026-PRES,ORG03,Renovacion Popular,36,240,275,14,21,376,contabilizada
M00087-03,D00087,EG2026-PRES,ORG04,Partido del Buen Gobierno,26,240,275,14,21,376,contabilizada
M00087-03,D00087,EG2026-PRES,ORG05,Otros,111,240,275,14,21,376,contabilizada
M00088-01,D00088,EG2026-PRES,ORG01,Fuerza Popular,28,142,167,8,17,200,contabilizada
M00088-01,D00088,EG2026-PRES,ORG02,Juntos por el Peru,37,142,167,8,17,200,contabilizada
M00088-01,D00088,EG2026-PRES,ORG03,Renovacion Popular,13,142,167,8,17,200,contabilizada
M00088-01,D00088,EG2026-PRES,ORG04,Partido del Buen Gobierno,18,142,167,8,17,200,contabilizada
M00088-01,D00088,EG2026-PRES,ORG05,Otros,46,142,167,8,17,200,contabilizada
M00088-02,D00088,EG2026-PRES,ORG01,Fuerza Popular,24,165,194,10,19,288,contabilizada
M00088-02,D00088,EG2026-PRES,ORG02,Juntos por el Peru,44,165,194,10,19,288,contabilizada
M00088-02,D00088,EG2026-PRES,ORG03,Renovacion Popular,10,165,194,10,19,288,contabilizada
M00088-02,D00088,EG2026-PRES,ORG04,Partido del Buen Gobierno,13,165,194,10,19,288,contabilizada
M00088-02,D00088,EG2026-PRES,ORG05,Otros,74,165,194,10,19,288,contabilizada
M00089-01,D00089,EG2026-PRES,ORG01,Fuerza Popular,28,157,174,3,14,200,contabilizada
M00089-01,D00089,EG2026-PRES,ORG02,Juntos por el Peru,20,157,174,3,14,200,contabilizada
M00089-01,D00089,EG2026-PRES,ORG03,Renovacion Popular,22,157,174,3,14,200,contabilizada
M00089-01,D00089,EG2026-PRES,ORG04,Partido del Buen Gobierno,17,157,174,3,14,200,contabilizada
M00089-01,D00089,EG2026-PRES,ORG05,Otros,70,157,174,3,14,200,contabilizada
M00089-02,D00089,EG2026-PRES,ORG01,Fuerza Popular,22,193,225,15,17,287,contabilizada
M00089-02,D00089,EG2026-PRES,ORG02,Juntos por el Peru,37,193,225,15,17,287,contabilizada
M00089-02,D00089,EG2026-PRES,ORG03,Renovacion Popular,30,193,225,15,17,287,contabilizada
M00089-02,D00089,EG2026-PRES,ORG04,Partido del Buen Gobierno,25,193,225,15,17,287,contabilizada
M00089-02,D00089,EG2026-PRES,ORG05,Otros,79,193,225,15,17,287,contabilizada
M00089-03,D00089,EG2026-PRES,ORG01,Fuerza Popular,28,171,201,11,19,301,contabilizada
M00089-03,D00089,EG2026-PRES,ORG02,Juntos por el Peru,24,171,201,11,19,301,contabilizada
M00089-03,D00089,EG2026-PRES,ORG03,Renovacion Popular,18,171,201,11,19,301,contabilizada
M00089-03,D00089,EG2026-PRES,ORG04,Partido del Buen Gobierno,13,171,201,11,19,301,contabilizada
M00089-03,D00089,EG2026-PRES,ORG05,Otros,88,171,201,11,19,301,contabilizada
M00089-04,D00089,EG2026-PRES,ORG01,Fuerza Popular,38,168,201,12,21,255,contabilizada
M00089-04,D00089,EG2026-PRES,ORG02,Juntos por el Peru,22,168,201,12,21,255,contabilizada
M00089-04,D00089,EG2026-PRES,ORG03,Renovacion Popular,22,168,201,12,21,255,contabilizada
M00089-04,D00089,EG2026-PRES,ORG04,Partido del Buen Gobierno,19,168,201,12,21,255,contabilizada
M00089-04,D00089,EG2026-PRES,ORG05,Otros,67,168,201,12,21,255,contabilizada
M00090-01,D00090,EG2026-PRES,ORG01,Fuerza Popular,14,98,116,5,13,181,contabilizada
M00090-01,D00090,EG2026-PRES,ORG02,Juntos por el Peru,24,98,116,5,13,181,contabilizada
M00090-01,D00090,EG2026-PRES,ORG03,Renovacion Popular,9,98,116,5,13,181,contabilizada
M00090-01,D00090,EG2026-PRES,ORG04,Partido del Buen Gobierno,10,98,116,5,13,181,contabilizada
M00090-01,D00090,EG2026-PRES,ORG05,Otros,41,98,116,5,13,181,contabilizada
M00090-02,D00090,EG2026-PRES,ORG01,Fuerza Popular,20,174,209,9,26,283,observada
M00090-02,D00090,EG2026-PRES,ORG02,Juntos por el Peru,38,174,209,9,26,283,observada
M00090-02,D00090,EG2026-PRES,ORG03,Renovacion Popular,13,174,209,9,26,283,observada
M00090-02,D00090,EG2026-PRES,ORG04,Partido del Buen Gobierno,19,174,209,9,26,283,observada
M00090-02,D00090,EG2026-PRES,ORG05,Otros,84,174,209,9,26,283,observada
M00090-03,D00090,EG2026-PRES,ORG01,Fuerza Popular,38,221,245,10,14,311,contabilizada
M00090-03,D00090,EG2026-PRES,ORG02,Juntos por el Peru,41,221,245,10,14,311,contabilizada
M00090-03,D00090,EG2026-PRES,ORG03,Renovacion Popular,23,221,245,10,14,311,contabilizada
M00090-03,D00090,EG2026-PRES,ORG04,Partido del Buen Gobierno,26,221,245,10,14,311,contabilizada
M00090-03,D00090,EG2026-PRES,ORG05,Otros,93,221,245,10,14,311,contabilizada
M00090-04,D00090,EG2026-PRES,ORG01,Fuerza Popular,25,166,201,12,23,239,contabilizada
M00090-04,D00090,EG2026-PRES,ORG02,Juntos por el Peru,35,166,201,12,23,239,contabilizada
M00090-04,D00090,EG2026-PRES,ORG03,Renovacion Popular,16,166,201,12,23,239,contabilizada
M00090-04,D00090,EG2026-PRES,ORG04,Partido del Buen Gobierno,23,166,201,12,23,239,contabilizada
M00090-04,D00090,EG2026-PRES,ORG05,Otros,67,166,201,12,23,239,contabilizada
M00090-05,D00090,EG2026-PRES,ORG01,Fuerza Popular,36,246,309,15,48,377,contabilizada
M00090-05,D00090,EG2026-PRES,ORG02,Juntos por el Peru,53,246,309,15,48,377,contabilizada
M00090-05,D00090,EG2026-PRES,ORG03,Renovacion Popular,21,246,309,15,48,377,contabilizada
M00090-05,D00090,EG2026-PRES,ORG04,Partido del Buen Gobierno,32,246,309,15,48,377,contabilizada
M00090-05,D00090,EG2026-PRES,ORG05,Otros,104,246,309,15,48,377,contabilizada
M00091-01,D00091,EG2026-PRES,ORG01,Fuerza Popular,27,136,166,11,19,226,observada
M00091-01,D00091,EG2026-PRES,ORG02,Juntos por el Peru,13,136,166,11,19,226,observada
M00091-01,D00091,EG2026-PRES,ORG03,Renovacion Popular,24,136,166,11,19,226,observada
M00091-01,D00091,EG2026-PRES,ORG04,Partido del Buen Gobierno,16,136,166,11,19,226,observada
M00091-01,D00091,EG2026-PRES,ORG05,Otros,56,136,166,11,19,226,observada
M00091-02,D00091,EG2026-PRES,ORG01,Fuerza Popular,25,152,170,3,15,225,contabilizada
M00091-02,D00091,EG2026-PRES,ORG02,Juntos por el Peru,22,152,170,3,15,225,contabilizada
M00091-02,D00091,EG2026-PRES,ORG03,Renovacion Popular,22,152,170,3,15,225,contabilizada
M00091-02,D00091,EG2026-PRES,ORG04,Partido del Buen Gobierno,27,152,170,3,15,225,contabilizada
M00091-02,D00091,EG2026-PRES,ORG05,Otros,56,152,170,3,15,225,contabilizada
M00092-01,D00092,EG2026-PRES,ORG01,Fuerza Popular,33,235,271,10,26,326,contabilizada
M00092-01,D00092,EG2026-PRES,ORG02,Juntos por el Peru,60,235,271,10,26,326,contabilizada
M00092-01,D00092,EG2026-PRES,ORG03,Renovacion Popular,17,235,271,10,26,326,contabilizada
M00092-01,D00092,EG2026-PRES,ORG04,Partido del Buen Gobierno,29,235,271,10,26,326,contabilizada
M00092-01,D00092,EG2026-PRES,ORG05,Otros,96,235,271,10,26,326,contabilizada
M00092-02,D00092,EG2026-PRES,ORG01,Fuerza Popular,34,183,201,5,13,238,contabilizada
M00092-02,D00092,EG2026-PRES,ORG02,Juntos por el Peru,44,183,201,5,13,238,contabilizada
M00092-02,D00092,EG2026-PRES,ORG03,Renovacion Popular,20,183,201,5,13,238,contabilizada
M00092-02,D00092,EG2026-PRES,ORG04,Partido del Buen Gobierno,18,183,201,5,13,238,contabilizada
M00092-02,D00092,EG2026-PRES,ORG05,Otros,67,183,201,5,13,238,contabilizada
M00092-03,D00092,EG2026-PRES,ORG01,Fuerza Popular,35,264,319,23,32,393,observada
M00092-03,D00092,EG2026-PRES,ORG02,Juntos por el Peru,67,264,319,23,32,393,observada
M00092-03,D00092,EG2026-PRES,ORG03,Renovacion Popular,18,264,319,23,32,393,observada
M00092-03,D00092,EG2026-PRES,ORG04,Partido del Buen Gobierno,25,264,319,23,32,393,observada
M00092-03,D00092,EG2026-PRES,ORG05,Otros,119,264,319,23,32,393,observada
M00092-04,D00092,EG2026-PRES,ORG01,Fuerza Popular,15,137,148,6,5,188,contabilizada
M00092-04,D00092,EG2026-PRES,ORG02,Juntos por el Peru,31,137,148,6,5,188,contabilizada
M00092-04,D00092,EG2026-PRES,ORG03,Renovacion Popular,12,137,148,6,5,188,contabilizada
M00092-04,D00092,EG2026-PRES,ORG04,Partido del Buen Gobierno,12,137,148,6,5,188,contabilizada
M00092-04,D00092,EG2026-PRES,ORG05,Otros,67,137,148,6,5,188,contabilizada
M00092-05,D00092,EG2026-PRES,ORG01,Fuerza Popular,23,234,287,17,36,361,contabilizada
M00092-05,D00092,EG2026-PRES,ORG02,Juntos por el Peru,50,234,287,17,36,361,contabilizada
M00092-05,D00092,EG2026-PRES,ORG03,Renovacion Popular,9,234,287,17,36,361,contabilizada
M00092-05,D00092,EG2026-PRES,ORG04,Partido del Buen Gobierno,20,234,287,17,36,361,contabilizada
M00092-05,D00092,EG2026-PRES,ORG05,Otros,132,234,287,17,36,361,contabilizada
M00093-01,D00093,EG2026-PRES,ORG01,Fuerza Popular,25,121,145,9,15,182,pendiente
M00093-01,D00093,EG2026-PRES,ORG02,Juntos por el Peru,15,121,145,9,15,182,pendiente
M00093-01,D00093,EG2026-PRES,ORG03,Renovacion Popular,11,121,145,9,15,182,pendiente
M00093-01,D00093,EG2026-PRES,ORG04,Partido del Buen Gobierno,17,121,145,9,15,182,pendiente
M00093-01,D00093,EG2026-PRES,ORG05,Otros,53,121,145,9,15,182,pendiente
M00093-02,D00093,EG2026-PRES,ORG01,Fuerza Popular,34,209,224,4,11,330,contabilizada
M00093-02,D00093,EG2026-PRES,ORG02,Juntos por el Peru,28,209,224,4,11,330,contabilizada
M00093-02,D00093,EG2026-PRES,ORG03,Renovacion Popular,26,209,224,4,11,330,contabilizada
M00093-02,D00093,EG2026-PRES,ORG04,Partido del Buen Gobierno,36,209,224,4,11,330,contabilizada
M00093-02,D00093,EG2026-PRES,ORG05,Otros,85,209,224,4,11,330,contabilizada
M00094-01,D00094,EG2026-PRES,ORG01,Fuerza Popular,42,241,275,8,26,348,contabilizada
M00094-01,D00094,EG2026-PRES,ORG02,Juntos por el Peru,35,241,275,8,26,348,contabilizada
M00094-01,D00094,EG2026-PRES,ORG03,Renovacion Popular,40,241,275,8,26,348,contabilizada
M00094-01,D00094,EG2026-PRES,ORG04,Partido del Buen Gobierno,26,241,275,8,26,348,contabilizada
M00094-01,D00094,EG2026-PRES,ORG05,Otros,98,241,275,8,26,348,contabilizada
M00094-02,D00094,EG2026-PRES,ORG01,Fuerza Popular,48,237,273,7,29,357,contabilizada
M00094-02,D00094,EG2026-PRES,ORG02,Juntos por el Peru,24,237,273,7,29,357,contabilizada
M00094-02,D00094,EG2026-PRES,ORG03,Renovacion Popular,28,237,273,7,29,357,contabilizada
M00094-02,D00094,EG2026-PRES,ORG04,Partido del Buen Gobierno,34,237,273,7,29,357,contabilizada
M00094-02,D00094,EG2026-PRES,ORG05,Otros,103,237,273,7,29,357,contabilizada
M00094-03,D00094,EG2026-PRES,ORG01,Fuerza Popular,35,213,255,14,28,334,contabilizada
M00094-03,D00094,EG2026-PRES,ORG02,Juntos por el Peru,32,213,255,14,28,334,contabilizada
M00094-03,D00094,EG2026-PRES,ORG03,Renovacion Popular,19,213,255,14,28,334,contabilizada
M00094-03,D00094,EG2026-PRES,ORG04,Partido del Buen Gobierno,23,213,255,14,28,334,contabilizada
M00094-03,D00094,EG2026-PRES,ORG05,Otros,104,213,255,14,28,334,contabilizada
M00094-04,D00094,EG2026-PRES,ORG01,Fuerza Popular,23,226,258,5,27,317,contabilizada
M00094-04,D00094,EG2026-PRES,ORG02,Juntos por el Peru,24,226,258,5,27,317,contabilizada
M00094-04,D00094,EG2026-PRES,ORG03,Renovacion Popular,24,226,258,5,27,317,contabilizada
M00094-04,D00094,EG2026-PRES,ORG04,Partido del Buen Gobierno,37,226,258,5,27,317,contabilizada
M00094-04,D00094,EG2026-PRES,ORG05,Otros,118,226,258,5,27,317,contabilizada
M00095-01,D00095,EG2026-PRES,ORG01,Fuerza Popular,27,204,231,5,22,277,contabilizada
M00095-01,D00095,EG2026-PRES,ORG02,Juntos por el Peru,53,204,231,5,22,277,contabilizada
M00095-01,D00095,EG2026-PRES,ORG03,Renovacion Popular,11,204,231,5,22,277,contabilizada
M00095-01,D00095,EG2026-PRES,ORG04,Partido del Buen Gobierno,24,204,231,5,22,277,contabilizada
M00095-01,D00095,EG2026-PRES,ORG05,Otros,89,204,231,5,22,277,contabilizada
M00095-02,D00095,EG2026-PRES,ORG01,Fuerza Popular,16,125,142,8,9,185,contabilizada
M00095-02,D00095,EG2026-PRES,ORG02,Juntos por el Peru,28,125,142,8,9,185,contabilizada
M00095-02,D00095,EG2026-PRES,ORG03,Renovacion Popular,13,125,142,8,9,185,contabilizada
M00095-02,D00095,EG2026-PRES,ORG04,Partido del Buen Gobierno,20,125,142,8,9,185,contabilizada
M00095-02,D00095,EG2026-PRES,ORG05,Otros,48,125,142,8,9,185,contabilizada
M00095-03,D00095,EG2026-PRES,ORG01,Fuerza Popular,11,100,121,6,15,191,contabilizada
M00095-03,D00095,EG2026-PRES,ORG02,Juntos por el Peru,21,100,121,6,15,191,contabilizada
M00095-03,D00095,EG2026-PRES,ORG03,Renovacion Popular,8,100,121,6,15,191,contabilizada
M00095-03,D00095,EG2026-PRES,ORG04,Partido del Buen Gobierno,12,100,121,6,15,191,contabilizada
M00095-03,D00095,EG2026-PRES,ORG05,Otros,48,100,121,6,15,191,contabilizada
M00096-01,D00096,EG2026-PRES,ORG01,Fuerza Popular,20,166,193,11,16,302,observada
M00096-01,D00096,EG2026-PRES,ORG02,Juntos por el Peru,34,166,193,11,16,302,observada
M00096-01,D00096,EG2026-PRES,ORG03,Renovacion Popular,19,166,193,11,16,302,observada
M00096-01,D00096,EG2026-PRES,ORG04,Partido del Buen Gobierno,22,166,193,11,16,302,observada
M00096-01,D00096,EG2026-PRES,ORG05,Otros,71,166,193,11,16,302,observada
M00096-02,D00096,EG2026-PRES,ORG01,Fuerza Popular,22,197,238,13,28,344,contabilizada
M00096-02,D00096,EG2026-PRES,ORG02,Juntos por el Peru,56,197,238,13,28,344,contabilizada
M00096-02,D00096,EG2026-PRES,ORG03,Renovacion Popular,18,197,238,13,28,344,contabilizada
M00096-02,D00096,EG2026-PRES,ORG04,Partido del Buen Gobierno,25,197,238,13,28,344,contabilizada
M00096-02,D00096,EG2026-PRES,ORG05,Otros,76,197,238,13,28,344,contabilizada
M00097-01,D00097,EG2026-PRES,ORG01,Fuerza Popular,40,200,231,14,17,297,contabilizada
M00097-01,D00097,EG2026-PRES,ORG02,Juntos por el Peru,26,200,231,14,17,297,contabilizada
M00097-01,D00097,EG2026-PRES,ORG03,Renovacion Popular,26,200,231,14,17,297,contabilizada
M00097-01,D00097,EG2026-PRES,ORG04,Partido del Buen Gobierno,24,200,231,14,17,297,contabilizada
M00097-01,D00097,EG2026-PRES,ORG05,Otros,84,200,231,14,17,297,contabilizada
M00097-02,D00097,EG2026-PRES,ORG01,Fuerza Popular,36,224,268,17,27,350,contabilizada
M00097-02,D00097,EG2026-PRES,ORG02,Juntos por el Peru,19,224,268,17,27,350,contabilizada
M00097-02,D00097,EG2026-PRES,ORG03,Renovacion Popular,31,224,268,17,27,350,contabilizada
M00097-02,D00097,EG2026-PRES,ORG04,Partido del Buen Gobierno,34,224,268,17,27,350,contabilizada
M00097-02,D00097,EG2026-PRES,ORG05,Otros,104,224,268,17,27,350,contabilizada
M00097-03,D00097,EG2026-PRES,ORG01,Fuerza Popular,39,263,310,13,34,395,contabilizada
M00097-03,D00097,EG2026-PRES,ORG02,Juntos por el Peru,33,263,310,13,34,395,contabilizada
M00097-03,D00097,EG2026-PRES,ORG03,Renovacion Popular,33,263,310,13,34,395,contabilizada
M00097-03,D00097,EG2026-PRES,ORG04,Partido del Buen Gobierno,30,263,310,13,34,395,contabilizada
M00097-03,D00097,EG2026-PRES,ORG05,Otros,128,263,310,13,34,395,contabilizada
M00097-04,D00097,EG2026-PRES,ORG01,Fuerza Popular,54,246,285,11,28,367,contabilizada
M00097-04,D00097,EG2026-PRES,ORG02,Juntos por el Peru,31,246,285,11,28,367,contabilizada
M00097-04,D00097,EG2026-PRES,ORG03,Renovacion Popular,27,246,285,11,28,367,contabilizada
M00097-04,D00097,EG2026-PRES,ORG04,Partido del Buen Gobierno,27,246,285,11,28,367,contabilizada
M00097-04,D00097,EG2026-PRES,ORG05,Otros,107,246,285,11,28,367,contabilizada
M00098-01,D00098,EG2026-PRES,ORG01,Fuerza Popular,27,142,176,15,19,245,contabilizada
M00098-01,D00098,EG2026-PRES,ORG02,Juntos por el Peru,25,142,176,15,19,245,contabilizada
M00098-01,D00098,EG2026-PRES,ORG03,Renovacion Popular,13,142,176,15,19,245,contabilizada
M00098-01,D00098,EG2026-PRES,ORG04,Partido del Buen Gobierno,15,142,176,15,19,245,contabilizada
M00098-01,D00098,EG2026-PRES,ORG05,Otros,62,142,176,15,19,245,contabilizada
M00098-02,D00098,EG2026-PRES,ORG01,Fuerza Popular,35,220,252,8,24,284,contabilizada
M00098-02,D00098,EG2026-PRES,ORG02,Juntos por el Peru,30,220,252,8,24,284,contabilizada
M00098-02,D00098,EG2026-PRES,ORG03,Renovacion Popular,17,220,252,8,24,284,contabilizada
M00098-02,D00098,EG2026-PRES,ORG04,Partido del Buen Gobierno,29,220,252,8,24,284,contabilizada
M00098-02,D00098,EG2026-PRES,ORG05,Otros,109,220,252,8,24,284,contabilizada
M00098-03,D00098,EG2026-PRES,ORG01,Fuerza Popular,31,204,250,18,28,330,pendiente
M00098-03,D00098,EG2026-PRES,ORG02,Juntos por el Peru,41,204,250,18,28,330,pendiente
M00098-03,D00098,EG2026-PRES,ORG03,Renovacion Popular,15,204,250,18,28,330,pendiente
M00098-03,D00098,EG2026-PRES,ORG04,Partido del Buen Gobierno,17,204,250,18,28,330,pendiente
M00098-03,D00098,EG2026-PRES,ORG05,Otros,100,204,250,18,28,330,pendiente
M00099-01,D00099,EG2026-PRES,ORG01,Fuerza Popular,34,254,297,23,20,394,contabilizada
M00099-01,D00099,EG2026-PRES,ORG02,Juntos por el Peru,40,254,297,23,20,394,contabilizada
M00099-01,D00099,EG2026-PRES,ORG03,Renovacion Popular,30,254,297,23,20,394,contabilizada
M00099-01,D00099,EG2026-PRES,ORG04,Partido del Buen Gobierno,33,254,297,23,20,394,contabilizada
M00099-01,D00099,EG2026-PRES,ORG05,Otros,117,254,297,23,20,394,contabilizada
M00099-02,D00099,EG2026-PRES,ORG01,Fuerza Popular,21,138,156,3,15,182,contabilizada
M00099-02,D00099,EG2026-PRES,ORG02,Juntos por el Peru,22,138,156,3,15,182,contabilizada
M00099-02,D00099,EG2026-PRES,ORG03,Renovacion Popular,18,138,156,3,15,182,contabilizada
M00099-02,D00099,EG2026-PRES,ORG04,Partido del Buen Gobierno,13,138,156,3,15,182,contabilizada
M00099-02,D00099,EG2026-PRES,ORG05,Otros,64,138,156,3,15,182,contabilizada
M00100-01,D00100,EG2026-PRES,ORG01,Fuerza Popular,32,232,285,15,38,343,contabilizada
M00100-01,D00100,EG2026-PRES,ORG02,Juntos por el Peru,53,232,285,15,38,343,contabilizada
M00100-01,D00100,EG2026-PRES,ORG03,Renovacion Popular,21,232,285,15,38,343,contabilizada
M00100-01,D00100,EG2026-PRES,ORG04,Partido del Buen Gobierno,28,232,285,15,38,343,contabilizada
M00100-01,D00100,EG2026-PRES,ORG05,Otros,98,232,285,15,38,343,contabilizada
M00100-02,D00100,EG2026-PRES,ORG01,Fuerza Popular,16,147,170,8,15,228,contabilizada
M00100-02,D00100,EG2026-PRES,ORG02,Juntos por el Peru,31,147,170,8,15,228,contabilizada
M00100-02,D00100,EG2026-PRES,ORG03,Renovacion Popular,13,147,170,8,15,228,contabilizada
M00100-02,D00100,EG2026-PRES,ORG04,Partido del Buen Gobierno,18,147,170,8,15,228,contabilizada
M00100-02,D00100,EG2026-PRES,ORG05,Otros,69,147,170,8,15,228,contabilizada
M00100-03,D00100,EG2026-PRES,ORG01,Fuerza Popular,25,200,248,21,27,315,contabilizada
M00100-03,D00100,EG2026-PRES,ORG02,Juntos por el Peru,47,200,248,21,27,315,contabilizada
M00100-03,D00100,EG2026-PRES,ORG03,Renovacion Popular,14,200,248,21,27,315,contabilizada
M00100-03,D00100,EG2026-PRES,ORG04,Partido del Buen Gobierno,26,200,248,21,27,315,contabilizada
M00100-03,D00100,EG2026-PRES,ORG05,Otros,88,200,248,21,27,315,contabilizada
M00100-04,D00100,EG2026-PRES,ORG01,Fuerza Popular,17,138,165,11,16,205,contabilizada
M00100-04,D00100,EG2026-PRES,ORG02,Juntos por el Peru,32,138,165,11,16,205,contabilizada
M00100-04,D00100,EG2026-PRES,ORG03,Renovacion Popular,11,138,165,11,16,205,contabilizada
M00100-04,D00100,EG2026-PRES,ORG04,Partido del Buen Gobierno,16,138,165,11,16,205,contabilizada
M00100-04,D00100,EG2026-PRES,ORG05,Otros,62,138,165,11,16,205,contabilizada
M00100-05,D00100,EG2026-PRES,ORG01,Fuerza Popular,30,193,223,13,17,273,contabilizada
M00100-05,D00100,EG2026-PRES,ORG02,Juntos por el Peru,50,193,223,13,17,273,contabilizada
M00100-05,D00100,EG2026-PRES,ORG03,Renovacion Popular,13,193,223,13,17,273,contabilizada
M00100-05,D00100,EG2026-PRES,ORG04,Partido del Buen Gobierno,19,193,223,13,17,273,contabilizada
M00100-05,D00100,EG2026-PRES,ORG05,Otros,81,193,223,13,17,273,contabilizada
M00101-01,D00101,EG2026-PRES,ORG01,Fuerza Popular,30,194,218,5,19,336,contabilizada
M00101-01,D00101,EG2026-PRES,ORG02,Juntos por el Peru,27,194,218,5,19,336,contabilizada
M00101-01,D00101,EG2026-PRES,ORG03,Renovacion Popular,35,194,218,5,19,336,contabilizada
M00101-01,D00101,EG2026-PRES,ORG04,Partido del Buen Gobierno,15,194,218,5,19,336,contabilizada
M00101-01,D00101,EG2026-PRES,ORG05,Otros,87,194,218,5,19,336,contabilizada
M00101-02,D00101,EG2026-PRES,ORG01,Fuerza Popular,28,126,144,5,13,233,contabilizada
M00101-02,D00101,EG2026-PRES,ORG02,Juntos por el Peru,17,126,144,5,13,233,contabilizada
M00101-02,D00101,EG2026-PRES,ORG03,Renovacion Popular,17,126,144,5,13,233,contabilizada
M00101-02,D00101,EG2026-PRES,ORG04,Partido del Buen Gobierno,17,126,144,5,13,233,contabilizada
M00101-02,D00101,EG2026-PRES,ORG05,Otros,47,126,144,5,13,233,contabilizada
M00102-01,D00102,EG2026-PRES,ORG01,Fuerza Popular,11,142,173,9,22,232,observada
M00102-01,D00102,EG2026-PRES,ORG02,Juntos por el Peru,28,142,173,9,22,232,observada
M00102-01,D00102,EG2026-PRES,ORG03,Renovacion Popular,15,142,173,9,22,232,observada
M00102-01,D00102,EG2026-PRES,ORG04,Partido del Buen Gobierno,18,142,173,9,22,232,observada
M00102-01,D00102,EG2026-PRES,ORG05,Otros,70,142,173,9,22,232,observada
M00102-02,D00102,EG2026-PRES,ORG01,Fuerza Popular,13,105,130,8,17,200,contabilizada
M00102-02,D00102,EG2026-PRES,ORG02,Juntos por el Peru,17,105,130,8,17,200,contabilizada
M00102-02,D00102,EG2026-PRES,ORG03,Renovacion Popular,8,105,130,8,17,200,contabilizada
M00102-02,D00102,EG2026-PRES,ORG04,Partido del Buen Gobierno,9,105,130,8,17,200,contabilizada
M00102-02,D00102,EG2026-PRES,ORG05,Otros,58,105,130,8,17,200,contabilizada
M00102-03,D00102,EG2026-PRES,ORG01,Fuerza Popular,20,185,221,16,20,308,contabilizada
M00102-03,D00102,EG2026-PRES,ORG02,Juntos por el Peru,38,185,221,16,20,308,contabilizada
M00102-03,D00102,EG2026-PRES,ORG03,Renovacion Popular,13,185,221,16,20,308,contabilizada
M00102-03,D00102,EG2026-PRES,ORG04,Partido del Buen Gobierno,20,185,221,16,20,308,contabilizada
M00102-03,D00102,EG2026-PRES,ORG05,Otros,94,185,221,16,20,308,contabilizada
M00102-04,D00102,EG2026-PRES,ORG01,Fuerza Popular,16,122,153,15,16,190,contabilizada
M00102-04,D00102,EG2026-PRES,ORG02,Juntos por el Peru,26,122,153,15,16,190,contabilizada
M00102-04,D00102,EG2026-PRES,ORG03,Renovacion Popular,11,122,153,15,16,190,contabilizada
M00102-04,D00102,EG2026-PRES,ORG04,Partido del Buen Gobierno,10,122,153,15,16,190,contabilizada
M00102-04,D00102,EG2026-PRES,ORG05,Otros,59,122,153,15,16,190,contabilizada
M00103-01,D00103,EG2026-PRES,ORG01,Fuerza Popular,37,202,231,16,13,306,contabilizada
M00103-01,D00103,EG2026-PRES,ORG02,Juntos por el Peru,29,202,231,16,13,306,contabilizada
M00103-01,D00103,EG2026-PRES,ORG03,Renovacion Popular,29,202,231,16,13,306,contabilizada
M00103-01,D00103,EG2026-PRES,ORG04,Partido del Buen Gobierno,19,202,231,16,13,306,contabilizada
M00103-01,D00103,EG2026-PRES,ORG05,Otros,88,202,231,16,13,306,contabilizada
M00103-02,D00103,EG2026-PRES,ORG01,Fuerza Popular,38,192,226,12,22,366,contabilizada
M00103-02,D00103,EG2026-PRES,ORG02,Juntos por el Peru,32,192,226,12,22,366,contabilizada
M00103-02,D00103,EG2026-PRES,ORG03,Renovacion Popular,20,192,226,12,22,366,contabilizada
M00103-02,D00103,EG2026-PRES,ORG04,Partido del Buen Gobierno,18,192,226,12,22,366,contabilizada
M00103-02,D00103,EG2026-PRES,ORG05,Otros,84,192,226,12,22,366,contabilizada
M00103-03,D00103,EG2026-PRES,ORG01,Fuerza Popular,22,143,171,6,22,225,contabilizada
M00103-03,D00103,EG2026-PRES,ORG02,Juntos por el Peru,25,143,171,6,22,225,contabilizada
M00103-03,D00103,EG2026-PRES,ORG03,Renovacion Popular,22,143,171,6,22,225,contabilizada
M00103-03,D00103,EG2026-PRES,ORG04,Partido del Buen Gobierno,14,143,171,6,22,225,contabilizada
M00103-03,D00103,EG2026-PRES,ORG05,Otros,60,143,171,6,22,225,contabilizada
M00104-01,D00104,EG2026-PRES,ORG01,Fuerza Popular,17,211,258,23,24,340,contabilizada
M00104-01,D00104,EG2026-PRES,ORG02,Juntos por el Peru,41,211,258,23,24,340,contabilizada
M00104-01,D00104,EG2026-PRES,ORG03,Renovacion Popular,14,211,258,23,24,340,contabilizada
M00104-01,D00104,EG2026-PRES,ORG04,Partido del Buen Gobierno,19,211,258,23,24,340,contabilizada
M00104-01,D00104,EG2026-PRES,ORG05,Otros,120,211,258,23,24,340,contabilizada
M00104-02,D00104,EG2026-PRES,ORG01,Fuerza Popular,28,247,283,15,21,345,contabilizada
M00104-02,D00104,EG2026-PRES,ORG02,Juntos por el Peru,40,247,283,15,21,345,contabilizada
M00104-02,D00104,EG2026-PRES,ORG03,Renovacion Popular,16,247,283,15,21,345,contabilizada
M00104-02,D00104,EG2026-PRES,ORG04,Partido del Buen Gobierno,29,247,283,15,21,345,contabilizada
M00104-02,D00104,EG2026-PRES,ORG05,Otros,134,247,283,15,21,345,contabilizada
M00104-03,D00104,EG2026-PRES,ORG01,Fuerza Popular,16,134,153,5,14,181,contabilizada
M00104-03,D00104,EG2026-PRES,ORG02,Juntos por el Peru,28,134,153,5,14,181,contabilizada
M00104-03,D00104,EG2026-PRES,ORG03,Renovacion Popular,9,134,153,5,14,181,contabilizada
M00104-03,D00104,EG2026-PRES,ORG04,Partido del Buen Gobierno,8,134,153,5,14,181,contabilizada
M00104-03,D00104,EG2026-PRES,ORG05,Otros,73,134,153,5,14,181,contabilizada
M00104-04,D00104,EG2026-PRES,ORG01,Fuerza Popular,37,260,307,14,33,389,contabilizada
M00104-04,D00104,EG2026-PRES,ORG02,Juntos por el Peru,55,260,307,14,33,389,contabilizada
M00104-04,D00104,EG2026-PRES,ORG03,Renovacion Popular,21,260,307,14,33,389,contabilizada
M00104-04,D00104,EG2026-PRES,ORG04,Partido del Buen Gobierno,25,260,307,14,33,389,contabilizada
M00104-04,D00104,EG2026-PRES,ORG05,Otros,122,260,307,14,33,389,contabilizada
M00105-01,D00105,EG2026-PRES,ORG01,Fuerza Popular,26,159,184,13,12,239,observada
M00105-01,D00105,EG2026-PRES,ORG02,Juntos por el Peru,24,159,184,13,12,239,observada
M00105-01,D00105,EG2026-PRES,ORG03,Renovacion Popular,20,159,184,13,12,239,observada
M00105-01,D00105,EG2026-PRES,ORG04,Partido del Buen Gobierno,18,159,184,13,12,239,observada
M00105-01,D00105,EG2026-PRES,ORG05,Otros,71,159,184,13,12,239,observada
M00105-02,D00105,EG2026-PRES,ORG01,Fuerza Popular,25,124,145,10,11,201,contabilizada
M00105-02,D00105,EG2026-PRES,ORG02,Juntos por el Peru,19,124,145,10,11,201,contabilizada
M00105-02,D00105,EG2026-PRES,ORG03,Renovacion Popular,18,124,145,10,11,201,contabilizada
M00105-02,D00105,EG2026-PRES,ORG04,Partido del Buen Gobierno,17,124,145,10,11,201,contabilizada
M00105-02,D00105,EG2026-PRES,ORG05,Otros,45,124,145,10,11,201,contabilizada
M00105-03,D00105,EG2026-PRES,ORG01,Fuerza Popular,19,129,161,10,22,214,contabilizada
M00105-03,D00105,EG2026-PRES,ORG02,Juntos por el Peru,16,129,161,10,22,214,contabilizada
M00105-03,D00105,EG2026-PRES,ORG03,Renovacion Popular,21,129,161,10,22,214,contabilizada
M00105-03,D00105,EG2026-PRES,ORG04,Partido del Buen Gobierno,19,129,161,10,22,214,contabilizada
M00105-03,D00105,EG2026-PRES,ORG05,Otros,54,129,161,10,22,214,contabilizada
M00106-01,D00106,EG2026-PRES,ORG01,Fuerza Popular,23,141,163,11,11,210,contabilizada
M00106-01,D00106,EG2026-PRES,ORG02,Juntos por el Peru,21,141,163,11,11,210,contabilizada
M00106-01,D00106,EG2026-PRES,ORG03,Renovacion Popular,16,141,163,11,11,210,contabilizada
M00106-01,D00106,EG2026-PRES,ORG04,Partido del Buen Gobierno,17,141,163,11,11,210,contabilizada
M00106-01,D00106,EG2026-PRES,ORG05,Otros,64,141,163,11,11,210,contabilizada
M00106-02,D00106,EG2026-PRES,ORG01,Fuerza Popular,28,195,242,10,37,328,observada
M00106-02,D00106,EG2026-PRES,ORG02,Juntos por el Peru,33,195,242,10,37,328,observada
M00106-02,D00106,EG2026-PRES,ORG03,Renovacion Popular,19,195,242,10,37,328,observada
M00106-02,D00106,EG2026-PRES,ORG04,Partido del Buen Gobierno,20,195,242,10,37,328,observada
M00106-02,D00106,EG2026-PRES,ORG05,Otros,95,195,242,10,37,328,observada
M00106-03,D00106,EG2026-PRES,ORG01,Fuerza Popular,20,126,157,9,22,197,observada
M00106-03,D00106,EG2026-PRES,ORG02,Juntos por el Peru,14,126,157,9,22,197,observada
M00106-03,D00106,EG2026-PRES,ORG03,Renovacion Popular,16,126,157,9,22,197,observada
M00106-03,D00106,EG2026-PRES,ORG04,Partido del Buen Gobierno,18,126,157,9,22,197,observada
M00106-03,D00106,EG2026-PRES,ORG05,Otros,58,126,157,9,22,197,observada
M00106-04,D00106,EG2026-PRES,ORG01,Fuerza Popular,44,197,215,6,12,331,contabilizada
M00106-04,D00106,EG2026-PRES,ORG02,Juntos por el Peru,29,197,215,6,12,331,contabilizada
M00106-04,D00106,EG2026-PRES,ORG03,Renovacion Popular,18,197,215,6,12,331,contabilizada
M00106-04,D00106,EG2026-PRES,ORG04,Partido del Buen Gobierno,26,197,215,6,12,331,contabilizada
M00106-04,D00106,EG2026-PRES,ORG05,Otros,80,197,215,6,12,331,contabilizada
M00106-05,D00106,EG2026-PRES,ORG01,Fuerza Popular,29,167,200,11,22,250,contabilizada
M00106-05,D00106,EG2026-PRES,ORG02,Juntos por el Peru,19,167,200,11,22,250,contabilizada
M00106-05,D00106,EG2026-PRES,ORG03,Renovacion Popular,24,167,200,11,22,250,contabilizada
M00106-05,D00106,EG2026-PRES,ORG04,Partido del Buen Gobierno,21,167,200,11,22,250,contabilizada
M00106-05,D00106,EG2026-PRES,ORG05,Otros,74,167,200,11,22,250,contabilizada
M00107-01,D00107,EG2026-PRES,ORG01,Fuerza Popular,27,179,220,14,27,287,contabilizada
M00107-01,D00107,EG2026-PRES,ORG02,Juntos por el Peru,49,179,220,14,27,287,contabilizada
M00107-01,D00107,EG2026-PRES,ORG03,Renovacion Popular,10,179,220,14,27,287,contabilizada
M00107-01,D00107,EG2026-PRES,ORG04,Partido del Buen Gobierno,17,179,220,14,27,287,contabilizada
M00107-01,D00107,EG2026-PRES,ORG05,Otros,76,179,220,14,27,287,contabilizada
M00107-02,D00107,EG2026-PRES,ORG01,Fuerza Popular,26,192,213,4,17,247,contabilizada
M00107-02,D00107,EG2026-PRES,ORG02,Juntos por el Peru,44,192,213,4,17,247,contabilizada
M00107-02,D00107,EG2026-PRES,ORG03,Renovacion Popular,13,192,213,4,17,247,contabilizada
M00107-02,D00107,EG2026-PRES,ORG04,Partido del Buen Gobierno,20,192,213,4,17,247,contabilizada
M00107-02,D00107,EG2026-PRES,ORG05,Otros,89,192,213,4,17,247,contabilizada
M00107-03,D00107,EG2026-PRES,ORG01,Fuerza Popular,31,217,268,14,37,317,contabilizada
M00107-03,D00107,EG2026-PRES,ORG02,Juntos por el Peru,30,217,268,14,37,317,contabilizada
M00107-03,D00107,EG2026-PRES,ORG03,Renovacion Popular,23,217,268,14,37,317,contabilizada
M00107-03,D00107,EG2026-PRES,ORG04,Partido del Buen Gobierno,20,217,268,14,37,317,contabilizada
M00107-03,D00107,EG2026-PRES,ORG05,Otros,113,217,268,14,37,317,contabilizada
M00107-04,D00107,EG2026-PRES,ORG01,Fuerza Popular,27,184,212,9,19,310,contabilizada
M00107-04,D00107,EG2026-PRES,ORG02,Juntos por el Peru,42,184,212,9,19,310,contabilizada
M00107-04,D00107,EG2026-PRES,ORG03,Renovacion Popular,10,184,212,9,19,310,contabilizada
M00107-04,D00107,EG2026-PRES,ORG04,Partido del Buen Gobierno,18,184,212,9,19,310,contabilizada
M00107-04,D00107,EG2026-PRES,ORG05,Otros,87,184,212,9,19,310,contabilizada
M00107-05,D00107,EG2026-PRES,ORG01,Fuerza Popular,24,247,284,16,21,348,contabilizada
M00107-05,D00107,EG2026-PRES,ORG02,Juntos por el Peru,38,247,284,16,21,348,contabilizada
M00107-05,D00107,EG2026-PRES,ORG03,Renovacion Popular,20,247,284,16,21,348,contabilizada
M00107-05,D00107,EG2026-PRES,ORG04,Partido del Buen Gobierno,25,247,284,16,21,348,contabilizada
M00107-05,D00107,EG2026-PRES,ORG05,Otros,140,247,284,16,21,348,contabilizada
M00107-06,D00107,EG2026-PRES,ORG01,Fuerza Popular,49,302,343,15,26,414,contabilizada
M00107-06,D00107,EG2026-PRES,ORG02,Juntos por el Peru,96,302,343,15,26,414,contabilizada
M00107-06,D00107,EG2026-PRES,ORG03,Renovacion Popular,18,302,343,15,26,414,contabilizada
M00107-06,D00107,EG2026-PRES,ORG04,Partido del Buen Gobierno,30,302,343,15,26,414,contabilizada
M00107-06,D00107,EG2026-PRES,ORG05,Otros,109,302,343,15,26,414,contabilizada
M00108-01,D00108,EG2026-PRES,ORG01,Fuerza Popular,28,158,181,15,8,310,contabilizada
M00108-01,D00108,EG2026-PRES,ORG02,Juntos por el Peru,18,158,181,15,8,310,contabilizada
M00108-01,D00108,EG2026-PRES,ORG03,Renovacion Popular,29,158,181,15,8,310,contabilizada
M00108-01,D00108,EG2026-PRES,ORG04,Partido del Buen Gobierno,22,158,181,15,8,310,contabilizada
M00108-01,D00108,EG2026-PRES,ORG05,Otros,61,158,181,15,8,310,contabilizada
M00108-02,D00108,EG2026-PRES,ORG01,Fuerza Popular,32,284,317,14,19,409,contabilizada
M00108-02,D00108,EG2026-PRES,ORG02,Juntos por el Peru,38,284,317,14,19,409,contabilizada
M00108-02,D00108,EG2026-PRES,ORG03,Renovacion Popular,55,284,317,14,19,409,contabilizada
M00108-02,D00108,EG2026-PRES,ORG04,Partido del Buen Gobierno,34,284,317,14,19,409,contabilizada
M00108-02,D00108,EG2026-PRES,ORG05,Otros,125,284,317,14,19,409,contabilizada
M00108-03,D00108,EG2026-PRES,ORG01,Fuerza Popular,31,172,193,5,16,229,contabilizada
M00108-03,D00108,EG2026-PRES,ORG02,Juntos por el Peru,21,172,193,5,16,229,contabilizada
M00108-03,D00108,EG2026-PRES,ORG03,Renovacion Popular,33,172,193,5,16,229,contabilizada
M00108-03,D00108,EG2026-PRES,ORG04,Partido del Buen Gobierno,27,172,193,5,16,229,contabilizada
M00108-03,D00108,EG2026-PRES,ORG05,Otros,60,172,193,5,16,229,contabilizada
M00108-04,D00108,EG2026-PRES,ORG01,Fuerza Popular,41,188,228,12,28,293,contabilizada
M00108-04,D00108,EG2026-PRES,ORG02,Juntos por el Peru,22,188,228,12,28,293,contabilizada
M00108-04,D00108,EG2026-PRES,ORG03,Renovacion Popular,32,188,228,12,28,293,contabilizada
M00108-04,D00108,EG2026-PRES,ORG04,Partido del Buen Gobierno,21,188,228,12,28,293,contabilizada
M00108-04,D00108,EG2026-PRES,ORG05,Otros,72,188,228,12,28,293,contabilizada
M00108-05,D00108,EG2026-PRES,ORG01,Fuerza Popular,17,151,183,9,23,245,contabilizada
M00108-05,D00108,EG2026-PRES,ORG02,Juntos por el Peru,16,151,183,9,23,245,contabilizada
M00108-05,D00108,EG2026-PRES,ORG03,Renovacion Popular,27,151,183,9,23,245,contabilizada
M00108-05,D00108,EG2026-PRES,ORG04,Partido del Buen Gobierno,17,151,183,9,23,245,contabilizada
M00108-05,D00108,EG2026-PRES,ORG05,Otros,74,151,183,9,23,245,contabilizada
M00108-06,D00108,EG2026-PRES,ORG01,Fuerza Popular,49,223,271,17,31,394,contabilizada
M00108-06,D00108,EG2026-PRES,ORG02,Juntos por el Peru,29,223,271,17,31,394,contabilizada
M00108-06,D00108,EG2026-PRES,ORG03,Renovacion Popular,29,223,271,17,31,394,contabilizada
M00108-06,D00108,EG2026-PRES,ORG04,Partido del Buen Gobierno,23,223,271,17,31,394,contabilizada
M00108-06,D00108,EG2026-PRES,ORG05,Otros,93,223,271,17,31,394,contabilizada
M00109-01,D00109,EG2026-PRES,ORG01,Fuerza Popular,42,284,343,26,33,417,contabilizada
M00109-01,D00109,EG2026-PRES,ORG02,Juntos por el Peru,43,284,343,26,33,417,contabilizada
M00109-01,D00109,EG2026-PRES,ORG03,Renovacion Popular,48,284,343,26,33,417,contabilizada
M00109-01,D00109,EG2026-PRES,ORG04,Partido del Buen Gobierno,34,284,343,26,33,417,contabilizada
M00109-01,D00109,EG2026-PRES,ORG05,Otros,117,284,343,26,33,417,contabilizada
M00109-02,D00109,EG2026-PRES,ORG01,Fuerza Popular,15,121,134,3,10,205,contabilizada
M00109-02,D00109,EG2026-PRES,ORG02,Juntos por el Peru,20,121,134,3,10,205,contabilizada
M00109-02,D00109,EG2026-PRES,ORG03,Renovacion Popular,17,121,134,3,10,205,contabilizada
M00109-02,D00109,EG2026-PRES,ORG04,Partido del Buen Gobierno,13,121,134,3,10,205,contabilizada
M00109-02,D00109,EG2026-PRES,ORG05,Otros,56,121,134,3,10,205,contabilizada
M00109-03,D00109,EG2026-PRES,ORG01,Fuerza Popular,46,202,242,13,27,298,contabilizada
M00109-03,D00109,EG2026-PRES,ORG02,Juntos por el Peru,31,202,242,13,27,298,contabilizada
M00109-03,D00109,EG2026-PRES,ORG03,Renovacion Popular,23,202,242,13,27,298,contabilizada
M00109-03,D00109,EG2026-PRES,ORG04,Partido del Buen Gobierno,26,202,242,13,27,298,contabilizada
M00109-03,D00109,EG2026-PRES,ORG05,Otros,76,202,242,13,27,298,contabilizada
M00110-01,D00110,EG2026-PRES,ORG01,Fuerza Popular,17,112,140,10,18,188,contabilizada
M00110-01,D00110,EG2026-PRES,ORG02,Juntos por el Peru,21,112,140,10,18,188,contabilizada
M00110-01,D00110,EG2026-PRES,ORG03,Renovacion Popular,10,112,140,10,18,188,contabilizada
M00110-01,D00110,EG2026-PRES,ORG04,Partido del Buen Gobierno,14,112,140,10,18,188,contabilizada
M00110-01,D00110,EG2026-PRES,ORG05,Otros,50,112,140,10,18,188,contabilizada
M00110-02,D00110,EG2026-PRES,ORG01,Fuerza Popular,25,200,243,15,28,344,contabilizada
M00110-02,D00110,EG2026-PRES,ORG02,Juntos por el Peru,40,200,243,15,28,344,contabilizada
M00110-02,D00110,EG2026-PRES,ORG03,Renovacion Popular,12,200,243,15,28,344,contabilizada
M00110-02,D00110,EG2026-PRES,ORG04,Partido del Buen Gobierno,19,200,243,15,28,344,contabilizada
M00110-02,D00110,EG2026-PRES,ORG05,Otros,104,200,243,15,28,344,contabilizada
M00110-03,D00110,EG2026-PRES,ORG01,Fuerza Popular,15,140,182,15,27,220,contabilizada
M00110-03,D00110,EG2026-PRES,ORG02,Juntos por el Peru,30,140,182,15,27,220,contabilizada
M00110-03,D00110,EG2026-PRES,ORG03,Renovacion Popular,12,140,182,15,27,220,contabilizada
M00110-03,D00110,EG2026-PRES,ORG04,Partido del Buen Gobierno,16,140,182,15,27,220,contabilizada
M00110-03,D00110,EG2026-PRES,ORG05,Otros,67,140,182,15,27,220,contabilizada
M00110-04,D00110,EG2026-PRES,ORG01,Fuerza Popular,26,152,179,9,18,216,contabilizada
M00110-04,D00110,EG2026-PRES,ORG02,Juntos por el Peru,38,152,179,9,18,216,contabilizada
M00110-04,D00110,EG2026-PRES,ORG03,Renovacion Popular,12,152,179,9,18,216,contabilizada
M00110-04,D00110,EG2026-PRES,ORG04,Partido del Buen Gobierno,10,152,179,9,18,216,contabilizada
M00110-04,D00110,EG2026-PRES,ORG05,Otros,66,152,179,9,18,216,contabilizada
M00111-01,D00111,EG2026-PRES,ORG01,Fuerza Popular,22,176,210,12,22,292,contabilizada
M00111-01,D00111,EG2026-PRES,ORG02,Juntos por el Peru,23,176,210,12,22,292,contabilizada
M00111-01,D00111,EG2026-PRES,ORG03,Renovacion Popular,22,176,210,12,22,292,contabilizada
M00111-01,D00111,EG2026-PRES,ORG04,Partido del Buen Gobierno,21,176,210,12,22,292,contabilizada
M00111-01,D00111,EG2026-PRES,ORG05,Otros,88,176,210,12,22,292,contabilizada
M00111-02,D00111,EG2026-PRES,ORG01,Fuerza Popular,34,213,237,9,15,327,contabilizada
M00111-02,D00111,EG2026-PRES,ORG02,Juntos por el Peru,28,213,237,9,15,327,contabilizada
M00111-02,D00111,EG2026-PRES,ORG03,Renovacion Popular,31,213,237,9,15,327,contabilizada
M00111-02,D00111,EG2026-PRES,ORG04,Partido del Buen Gobierno,24,213,237,9,15,327,contabilizada
M00111-02,D00111,EG2026-PRES,ORG05,Otros,96,213,237,9,15,327,contabilizada
M00111-03,D00111,EG2026-PRES,ORG01,Fuerza Popular,20,126,143,7,10,197,contabilizada
M00111-03,D00111,EG2026-PRES,ORG02,Juntos por el Peru,21,126,143,7,10,197,contabilizada
M00111-03,D00111,EG2026-PRES,ORG03,Renovacion Popular,18,126,143,7,10,197,contabilizada
M00111-03,D00111,EG2026-PRES,ORG04,Partido del Buen Gobierno,19,126,143,7,10,197,contabilizada
M00111-03,D00111,EG2026-PRES,ORG05,Otros,48,126,143,7,10,197,contabilizada
M00111-04,D00111,EG2026-PRES,ORG01,Fuerza Popular,27,208,232,11,13,337,contabilizada
M00111-04,D00111,EG2026-PRES,ORG02,Juntos por el Peru,26,208,232,11,13,337,contabilizada
M00111-04,D00111,EG2026-PRES,ORG03,Renovacion Popular,25,208,232,11,13,337,contabilizada
M00111-04,D00111,EG2026-PRES,ORG04,Partido del Buen Gobierno,21,208,232,11,13,337,contabilizada
M00111-04,D00111,EG2026-PRES,ORG05,Otros,109,208,232,11,13,337,contabilizada
M00111-05,D00111,EG2026-PRES,ORG01,Fuerza Popular,28,195,222,8,19,353,contabilizada
M00111-05,D00111,EG2026-PRES,ORG02,Juntos por el Peru,22,195,222,8,19,353,contabilizada
M00111-05,D00111,EG2026-PRES,ORG03,Renovacion Popular,30,195,222,8,19,353,contabilizada
M00111-05,D00111,EG2026-PRES,ORG04,Partido del Buen Gobierno,23,195,222,8,19,353,contabilizada
M00111-05,D00111,EG2026-PRES,ORG05,Otros,92,195,222,8,19,353,contabilizada
M00112-01,D00112,EG2026-PRES,ORG01,Fuerza Popular,26,132,162,11,19,250,contabilizada
M00112-01,D00112,EG2026-PRES,ORG02,Juntos por el Peru,15,132,162,11,19,250,contabilizada
M00112-01,D00112,EG2026-PRES,ORG03,Renovacion Popular,14,132,162,11,19,250,contabilizada
M00112-01,D00112,EG2026-PRES,ORG04,Partido del Buen Gobierno,16,132,162,11,19,250,contabilizada
M00112-01,D00112,EG2026-PRES,ORG05,Otros,61,132,162,11,19,250,contabilizada
M00112-02,D00112,EG2026-PRES,ORG01,Fuerza Popular,21,157,189,10,22,221,contabilizada
M00112-02,D00112,EG2026-PRES,ORG02,Juntos por el Peru,25,157,189,10,22,221,contabilizada
M00112-02,D00112,EG2026-PRES,ORG03,Renovacion Popular,21,157,189,10,22,221,contabilizada
M00112-02,D00112,EG2026-PRES,ORG04,Partido del Buen Gobierno,17,157,189,10,22,221,contabilizada
M00112-02,D00112,EG2026-PRES,ORG05,Otros,73,157,189,10,22,221,contabilizada
M00112-03,D00112,EG2026-PRES,ORG01,Fuerza Popular,22,119,147,7,21,206,contabilizada
M00112-03,D00112,EG2026-PRES,ORG02,Juntos por el Peru,14,119,147,7,21,206,contabilizada
M00112-03,D00112,EG2026-PRES,ORG03,Renovacion Popular,21,119,147,7,21,206,contabilizada
M00112-03,D00112,EG2026-PRES,ORG04,Partido del Buen Gobierno,16,119,147,7,21,206,contabilizada
M00112-03,D00112,EG2026-PRES,ORG05,Otros,46,119,147,7,21,206,contabilizada
M00112-04,D00112,EG2026-PRES,ORG01,Fuerza Popular,17,115,133,7,11,187,contabilizada
M00112-04,D00112,EG2026-PRES,ORG02,Juntos por el Peru,18,115,133,7,11,187,contabilizada
M00112-04,D00112,EG2026-PRES,ORG03,Renovacion Popular,13,115,133,7,11,187,contabilizada
M00112-04,D00112,EG2026-PRES,ORG04,Partido del Buen Gobierno,16,115,133,7,11,187,contabilizada
M00112-04,D00112,EG2026-PRES,ORG05,Otros,51,115,133,7,11,187,contabilizada
M00113-01,D00113,EG2026-PRES,ORG01,Fuerza Popular,34,203,243,20,20,306,contabilizada
M00113-01,D00113,EG2026-PRES,ORG02,Juntos por el Peru,52,203,243,20,20,306,contabilizada
M00113-01,D00113,EG2026-PRES,ORG03,Renovacion Popular,18,203,243,20,20,306,contabilizada
M00113-01,D00113,EG2026-PRES,ORG04,Partido del Buen Gobierno,16,203,243,20,20,306,contabilizada
M00113-01,D00113,EG2026-PRES,ORG05,Otros,83,203,243,20,20,306,contabilizada
M00113-02,D00113,EG2026-PRES,ORG01,Fuerza Popular,21,199,239,15,25,305,contabilizada
M00113-02,D00113,EG2026-PRES,ORG02,Juntos por el Peru,38,199,239,15,25,305,contabilizada
M00113-02,D00113,EG2026-PRES,ORG03,Renovacion Popular,15,199,239,15,25,305,contabilizada
M00113-02,D00113,EG2026-PRES,ORG04,Partido del Buen Gobierno,23,199,239,15,25,305,contabilizada
M00113-02,D00113,EG2026-PRES,ORG05,Otros,102,199,239,15,25,305,contabilizada
M00114-01,D00114,EG2026-PRES,ORG01,Fuerza Popular,20,154,189,18,17,287,contabilizada
M00114-01,D00114,EG2026-PRES,ORG02,Juntos por el Peru,29,154,189,18,17,287,contabilizada
M00114-01,D00114,EG2026-PRES,ORG03,Renovacion Popular,14,154,189,18,17,287,contabilizada
M00114-01,D00114,EG2026-PRES,ORG04,Partido del Buen Gobierno,16,154,189,18,17,287,contabilizada
M00114-01,D00114,EG2026-PRES,ORG05,Otros,75,154,189,18,17,287,contabilizada
M00114-02,D00114,EG2026-PRES,ORG01,Fuerza Popular,21,176,206,9,21,262,contabilizada
M00114-02,D00114,EG2026-PRES,ORG02,Juntos por el Peru,35,176,206,9,21,262,contabilizada
M00114-02,D00114,EG2026-PRES,ORG03,Renovacion Popular,13,176,206,9,21,262,contabilizada
M00114-02,D00114,EG2026-PRES,ORG04,Partido del Buen Gobierno,17,176,206,9,21,262,contabilizada
M00114-02,D00114,EG2026-PRES,ORG05,Otros,90,176,206,9,21,262,contabilizada
M00114-03,D00114,EG2026-PRES,ORG01,Fuerza Popular,19,179,208,11,18,261,contabilizada
M00114-03,D00114,EG2026-PRES,ORG02,Juntos por el Peru,32,179,208,11,18,261,contabilizada
M00114-03,D00114,EG2026-PRES,ORG03,Renovacion Popular,16,179,208,11,18,261,contabilizada
M00114-03,D00114,EG2026-PRES,ORG04,Partido del Buen Gobierno,15,179,208,11,18,261,contabilizada
M00114-03,D00114,EG2026-PRES,ORG05,Otros,97,179,208,11,18,261,contabilizada
M00114-04,D00114,EG2026-PRES,ORG01,Fuerza Popular,19,157,189,9,23,210,contabilizada
M00114-04,D00114,EG2026-PRES,ORG02,Juntos por el Peru,28,157,189,9,23,210,contabilizada
M00114-04,D00114,EG2026-PRES,ORG03,Renovacion Popular,15,157,189,9,23,210,contabilizada
M00114-04,D00114,EG2026-PRES,ORG04,Partido del Buen Gobierno,22,157,189,9,23,210,contabilizada
M00114-04,D00114,EG2026-PRES,ORG05,Otros,73,157,189,9,23,210,contabilizada
M00115-01,D00115,EG2026-PRES,ORG01,Fuerza Popular,28,191,237,13,33,342,contabilizada
M00115-01,D00115,EG2026-PRES,ORG02,Juntos por el Peru,47,191,237,13,33,342,contabilizada
M00115-01,D00115,EG2026-PRES,ORG03,Renovacion Popular,17,191,237,13,33,342,contabilizada
M00115-01,D00115,EG2026-PRES,ORG04,Partido del Buen Gobierno,28,191,237,13,33,342,contabilizada
M00115-01,D00115,EG2026-PRES,ORG05,Otros,71,191,237,13,33,342,contabilizada
M00115-02,D00115,EG2026-PRES,ORG01,Fuerza Popular,27,176,206,11,19,300,contabilizada
M00115-02,D00115,EG2026-PRES,ORG02,Juntos por el Peru,44,176,206,11,19,300,contabilizada
M00115-02,D00115,EG2026-PRES,ORG03,Renovacion Popular,18,176,206,11,19,300,contabilizada
M00115-02,D00115,EG2026-PRES,ORG04,Partido del Buen Gobierno,18,176,206,11,19,300,contabilizada
M00115-02,D00115,EG2026-PRES,ORG05,Otros,69,176,206,11,19,300,contabilizada
M00116-01,D00116,EG2026-PRES,ORG01,Fuerza Popular,22,252,286,21,13,337,contabilizada
M00116-01,D00116,EG2026-PRES,ORG02,Juntos por el Peru,61,252,286,21,13,337,contabilizada
M00116-01,D00116,EG2026-PRES,ORG03,Renovacion Popular,32,252,286,21,13,337,contabilizada
M00116-01,D00116,EG2026-PRES,ORG04,Partido del Buen Gobierno,32,252,286,21,13,337,contabilizada
M00116-01,D00116,EG2026-PRES,ORG05,Otros,105,252,286,21,13,337,contabilizada
M00116-02,D00116,EG2026-PRES,ORG01,Fuerza Popular,30,220,259,16,23,296,contabilizada
M00116-02,D00116,EG2026-PRES,ORG02,Juntos por el Peru,54,220,259,16,23,296,contabilizada
M00116-02,D00116,EG2026-PRES,ORG03,Renovacion Popular,17,220,259,16,23,296,contabilizada
M00116-02,D00116,EG2026-PRES,ORG04,Partido del Buen Gobierno,24,220,259,16,23,296,contabilizada
M00116-02,D00116,EG2026-PRES,ORG05,Otros,95,220,259,16,23,296,contabilizada
M00117-01,D00117,EG2026-PRES,ORG01,Fuerza Popular,38,201,219,10,8,292,contabilizada
M00117-01,D00117,EG2026-PRES,ORG02,Juntos por el Peru,35,201,219,10,8,292,contabilizada
M00117-01,D00117,EG2026-PRES,ORG03,Renovacion Popular,35,201,219,10,8,292,contabilizada
M00117-01,D00117,EG2026-PRES,ORG04,Partido del Buen Gobierno,27,201,219,10,8,292,contabilizada
M00117-01,D00117,EG2026-PRES,ORG05,Otros,66,201,219,10,8,292,contabilizada
M00117-02,D00117,EG2026-PRES,ORG01,Fuerza Popular,27,165,192,5,22,305,contabilizada
M00117-02,D00117,EG2026-PRES,ORG02,Juntos por el Peru,20,165,192,5,22,305,contabilizada
M00117-02,D00117,EG2026-PRES,ORG03,Renovacion Popular,17,165,192,5,22,305,contabilizada
M00117-02,D00117,EG2026-PRES,ORG04,Partido del Buen Gobierno,18,165,192,5,22,305,contabilizada
M00117-02,D00117,EG2026-PRES,ORG05,Otros,83,165,192,5,22,305,contabilizada
M00117-03,D00117,EG2026-PRES,ORG01,Fuerza Popular,30,189,222,8,25,307,observada
M00117-03,D00117,EG2026-PRES,ORG02,Juntos por el Peru,33,189,222,8,25,307,observada
M00117-03,D00117,EG2026-PRES,ORG03,Renovacion Popular,28,189,222,8,25,307,observada
M00117-03,D00117,EG2026-PRES,ORG04,Partido del Buen Gobierno,21,189,222,8,25,307,observada
M00117-03,D00117,EG2026-PRES,ORG05,Otros,77,189,222,8,25,307,observada
M00117-04,D00117,EG2026-PRES,ORG01,Fuerza Popular,39,250,299,24,25,377,observada
M00117-04,D00117,EG2026-PRES,ORG02,Juntos por el Peru,36,250,299,24,25,377,observada
M00117-04,D00117,EG2026-PRES,ORG03,Renovacion Popular,29,250,299,24,25,377,observada
M00117-04,D00117,EG2026-PRES,ORG04,Partido del Buen Gobierno,29,250,299,24,25,377,observada
M00117-04,D00117,EG2026-PRES,ORG05,Otros,117,250,299,24,25,377,observada
M00117-05,D00117,EG2026-PRES,ORG01,Fuerza Popular,24,167,205,16,22,228,contabilizada
M00117-05,D00117,EG2026-PRES,ORG02,Juntos por el Peru,21,167,205,16,22,228,contabilizada
M00117-05,D00117,EG2026-PRES,ORG03,Renovacion Popular,22,167,205,16,22,228,contabilizada
M00117-05,D00117,EG2026-PRES,ORG04,Partido del Buen Gobierno,22,167,205,16,22,228,contabilizada
M00117-05,D00117,EG2026-PRES,ORG05,Otros,78,167,205,16,22,228,contabilizada
M00117-06,D00117,EG2026-PRES,ORG01,Fuerza Popular,37,203,261,21,37,352,contabilizada
M00117-06,D00117,EG2026-PRES,ORG02,Juntos por el Peru,18,203,261,21,37,352,contabilizada
M00117-06,D00117,EG2026-PRES,ORG03,Renovacion Popular,22,203,261,21,37,352,contabilizada
M00117-06,D00117,EG2026-PRES,ORG04,Partido del Buen Gobierno,22,203,261,21,37,352,contabilizada
M00117-06,D00117,EG2026-PRES,ORG05,Otros,104,203,261,21,37,352,contabilizada
M00118-01,D00118,EG2026-PRES,ORG01,Fuerza Popular,46,204,247,19,24,302,contabilizada
M00118-01,D00118,EG2026-PRES,ORG02,Juntos por el Peru,22,204,247,19,24,302,contabilizada
M00118-01,D00118,EG2026-PRES,ORG03,Renovacion Popular,32,204,247,19,24,302,contabilizada
M00118-01,D00118,EG2026-PRES,ORG04,Partido del Buen Gobierno,27,204,247,19,24,302,contabilizada
M00118-01,D00118,EG2026-PRES,ORG05,Otros,77,204,247,19,24,302,contabilizada
M00118-02,D00118,EG2026-PRES,ORG01,Fuerza Popular,55,235,276,16,25,339,contabilizada
M00118-02,D00118,EG2026-PRES,ORG02,Juntos por el Peru,14,235,276,16,25,339,contabilizada
M00118-02,D00118,EG2026-PRES,ORG03,Renovacion Popular,39,235,276,16,25,339,contabilizada
M00118-02,D00118,EG2026-PRES,ORG04,Partido del Buen Gobierno,41,235,276,16,25,339,contabilizada
M00118-02,D00118,EG2026-PRES,ORG05,Otros,86,235,276,16,25,339,contabilizada
M00119-01,D00119,EG2026-PRES,ORG01,Fuerza Popular,20,195,235,18,22,311,contabilizada
M00119-01,D00119,EG2026-PRES,ORG02,Juntos por el Peru,26,195,235,18,22,311,contabilizada
M00119-01,D00119,EG2026-PRES,ORG03,Renovacion Popular,24,195,235,18,22,311,contabilizada
M00119-01,D00119,EG2026-PRES,ORG04,Partido del Buen Gobierno,25,195,235,18,22,311,contabilizada
M00119-01,D00119,EG2026-PRES,ORG05,Otros,100,195,235,18,22,311,contabilizada
M00119-02,D00119,EG2026-PRES,ORG01,Fuerza Popular,27,177,210,10,23,296,contabilizada
M00119-02,D00119,EG2026-PRES,ORG02,Juntos por el Peru,30,177,210,10,23,296,contabilizada
M00119-02,D00119,EG2026-PRES,ORG03,Renovacion Popular,22,177,210,10,23,296,contabilizada
M00119-02,D00119,EG2026-PRES,ORG04,Partido del Buen Gobierno,20,177,210,10,23,296,contabilizada
M00119-02,D00119,EG2026-PRES,ORG05,Otros,78,177,210,10,23,296,contabilizada
M00120-01,D00120,EG2026-PRES,ORG01,Fuerza Popular,54,207,233,12,14,300,observada
M00120-01,D00120,EG2026-PRES,ORG02,Juntos por el Peru,19,207,233,12,14,300,observada
M00120-01,D00120,EG2026-PRES,ORG03,Renovacion Popular,40,207,233,12,14,300,observada
M00120-01,D00120,EG2026-PRES,ORG04,Partido del Buen Gobierno,23,207,233,12,14,300,observada
M00120-01,D00120,EG2026-PRES,ORG05,Otros,71,207,233,12,14,300,observada
M00120-02,D00120,EG2026-PRES,ORG01,Fuerza Popular,25,125,147,7,15,227,contabilizada
M00120-02,D00120,EG2026-PRES,ORG02,Juntos por el Peru,11,125,147,7,15,227,contabilizada
M00120-02,D00120,EG2026-PRES,ORG03,Renovacion Popular,21,125,147,7,15,227,contabilizada
M00120-02,D00120,EG2026-PRES,ORG04,Partido del Buen Gobierno,15,125,147,7,15,227,contabilizada
M00120-02,D00120,EG2026-PRES,ORG05,Otros,53,125,147,7,15,227,contabilizada
M00120-03,D00120,EG2026-PRES,ORG01,Fuerza Popular,34,150,178,12,16,276,contabilizada
M00120-03,D00120,EG2026-PRES,ORG02,Juntos por el Peru,18,150,178,12,16,276,contabilizada
M00120-03,D00120,EG2026-PRES,ORG03,Renovacion Popular,25,150,178,12,16,276,contabilizada
M00120-03,D00120,EG2026-PRES,ORG04,Partido del Buen Gobierno,24,150,178,12,16,276,contabilizada
M00120-03,D00120,EG2026-PRES,ORG05,Otros,49,150,178,12,16,276,contabilizada
M00120-04,D00120,EG2026-PRES,ORG01,Fuerza Popular,42,220,255,21,14,398,contabilizada
M00120-04,D00120,EG2026-PRES,ORG02,Juntos por el Peru,26,220,255,21,14,398,contabilizada
M00120-04,D00120,EG2026-PRES,ORG03,Renovacion Popular,26,220,255,21,14,398,contabilizada
M00120-04,D00120,EG2026-PRES,ORG04,Partido del Buen Gobierno,35,220,255,21,14,398,contabilizada
M00120-04,D00120,EG2026-PRES,ORG05,Otros,91,220,255,21,14,398,contabilizada
M00120-05,D00120,EG2026-PRES,ORG01,Fuerza Popular,38,148,180,9,23,262,contabilizada
M00120-05,D00120,EG2026-PRES,ORG02,Juntos por el Peru,17,148,180,9,23,262,contabilizada
M00120-05,D00120,EG2026-PRES,ORG03,Renovacion Popular,28,148,180,9,23,262,contabilizada
M00120-05,D00120,EG2026-PRES,ORG04,Partido del Buen Gobierno,15,148,180,9,23,262,contabilizada
M00120-05,D00120,EG2026-PRES,ORG05,Otros,50,148,180,9,23,262,contabilizada
M00120-06,D00120,EG2026-PRES,ORG01,Fuerza Popular,40,175,214,13,26,312,contabilizada
M00120-06,D00120,EG2026-PRES,ORG02,Juntos por el Peru,16,175,214,13,26,312,contabilizada
M00120-06,D00120,EG2026-PRES,ORG03,Renovacion Popular,32,175,214,13,26,312,contabilizada
M00120-06,D00120,EG2026-PRES,ORG04,Partido del Buen Gobierno,22,175,214,13,26,312,contabilizada
M00120-06,D00120,EG2026-PRES,ORG05,Otros,65,175,214,13,26,312,contabilizada
M00121-01,D00121,EG2026-PRES,ORG01,Fuerza Popular,31,193,214,9,12,337,contabilizada
M00121-01,D00121,EG2026-PRES,ORG02,Juntos por el Peru,22,193,214,9,12,337,contabilizada
M00121-01,D00121,EG2026-PRES,ORG03,Renovacion Popular,27,193,214,9,12,337,contabilizada
M00121-01,D00121,EG2026-PRES,ORG04,Partido del Buen Gobierno,24,193,214,9,12,337,contabilizada
M00121-01,D00121,EG2026-PRES,ORG05,Otros,89,193,214,9,12,337,contabilizada
M00121-02,D00121,EG2026-PRES,ORG01,Fuerza Popular,29,159,191,9,23,252,contabilizada
M00121-02,D00121,EG2026-PRES,ORG02,Juntos por el Peru,29,159,191,9,23,252,contabilizada
M00121-02,D00121,EG2026-PRES,ORG03,Renovacion Popular,16,159,191,9,23,252,contabilizada
M00121-02,D00121,EG2026-PRES,ORG04,Partido del Buen Gobierno,24,159,191,9,23,252,contabilizada
M00121-02,D00121,EG2026-PRES,ORG05,Otros,61,159,191,9,23,252,contabilizada
M00121-03,D00121,EG2026-PRES,ORG01,Fuerza Popular,29,182,210,9,19,293,contabilizada
M00121-03,D00121,EG2026-PRES,ORG02,Juntos por el Peru,21,182,210,9,19,293,contabilizada
M00121-03,D00121,EG2026-PRES,ORG03,Renovacion Popular,29,182,210,9,19,293,contabilizada
M00121-03,D00121,EG2026-PRES,ORG04,Partido del Buen Gobierno,19,182,210,9,19,293,contabilizada
M00121-03,D00121,EG2026-PRES,ORG05,Otros,84,182,210,9,19,293,contabilizada
M00122-01,D00122,EG2026-PRES,ORG01,Fuerza Popular,30,164,197,14,19,255,contabilizada
M00122-01,D00122,EG2026-PRES,ORG02,Juntos por el Peru,17,164,197,14,19,255,contabilizada
M00122-01,D00122,EG2026-PRES,ORG03,Renovacion Popular,27,164,197,14,19,255,contabilizada
M00122-01,D00122,EG2026-PRES,ORG04,Partido del Buen Gobierno,21,164,197,14,19,255,contabilizada
M00122-01,D00122,EG2026-PRES,ORG05,Otros,69,164,197,14,19,255,contabilizada
M00122-02,D00122,EG2026-PRES,ORG01,Fuerza Popular,24,132,157,7,18,237,contabilizada
M00122-02,D00122,EG2026-PRES,ORG02,Juntos por el Peru,18,132,157,7,18,237,contabilizada
M00122-02,D00122,EG2026-PRES,ORG03,Renovacion Popular,26,132,157,7,18,237,contabilizada
M00122-02,D00122,EG2026-PRES,ORG04,Partido del Buen Gobierno,14,132,157,7,18,237,contabilizada
M00122-02,D00122,EG2026-PRES,ORG05,Otros,50,132,157,7,18,237,contabilizada
M00123-01,D00123,EG2026-PRES,ORG01,Fuerza Popular,25,289,344,21,34,382,contabilizada
M00123-01,D00123,EG2026-PRES,ORG02,Juntos por el Peru,66,289,344,21,34,382,contabilizada
M00123-01,D00123,EG2026-PRES,ORG03,Renovacion Popular,19,289,344,21,34,382,contabilizada
M00123-01,D00123,EG2026-PRES,ORG04,Partido del Buen Gobierno,40,289,344,21,34,382,contabilizada
M00123-01,D00123,EG2026-PRES,ORG05,Otros,139,289,344,21,34,382,contabilizada
M00123-02,D00123,EG2026-PRES,ORG01,Fuerza Popular,34,257,305,19,29,374,observada
M00123-02,D00123,EG2026-PRES,ORG02,Juntos por el Peru,61,257,305,19,29,374,observada
M00123-02,D00123,EG2026-PRES,ORG03,Renovacion Popular,14,257,305,19,29,374,observada
M00123-02,D00123,EG2026-PRES,ORG04,Partido del Buen Gobierno,26,257,305,19,29,374,observada
M00123-02,D00123,EG2026-PRES,ORG05,Otros,122,257,305,19,29,374,observada
M00123-03,D00123,EG2026-PRES,ORG01,Fuerza Popular,35,256,299,19,24,390,contabilizada
M00123-03,D00123,EG2026-PRES,ORG02,Juntos por el Peru,61,256,299,19,24,390,contabilizada
M00123-03,D00123,EG2026-PRES,ORG03,Renovacion Popular,21,256,299,19,24,390,contabilizada
M00123-03,D00123,EG2026-PRES,ORG04,Partido del Buen Gobierno,25,256,299,19,24,390,contabilizada
M00123-03,D00123,EG2026-PRES,ORG05,Otros,114,256,299,19,24,390,contabilizada
M00123-04,D00123,EG2026-PRES,ORG01,Fuerza Popular,17,167,198,12,19,263,observada
M00123-04,D00123,EG2026-PRES,ORG02,Juntos por el Peru,39,167,198,12,19,263,observada
M00123-04,D00123,EG2026-PRES,ORG03,Renovacion Popular,12,167,198,12,19,263,observada
M00123-04,D00123,EG2026-PRES,ORG04,Partido del Buen Gobierno,15,167,198,12,19,263,observada
M00123-04,D00123,EG2026-PRES,ORG05,Otros,84,167,198,12,19,263,observada
M00124-01,D00124,EG2026-PRES,ORG01,Fuerza Popular,38,225,263,16,22,357,contabilizada
M00124-01,D00124,EG2026-PRES,ORG02,Juntos por el Peru,29,225,263,16,22,357,contabilizada
M00124-01,D00124,EG2026-PRES,ORG03,Renovacion Popular,34,225,263,16,22,357,contabilizada
M00124-01,D00124,EG2026-PRES,ORG04,Partido del Buen Gobierno,33,225,263,16,22,357,contabilizada
M00124-01,D00124,EG2026-PRES,ORG05,Otros,91,225,263,16,22,357,contabilizada
M00124-02,D00124,EG2026-PRES,ORG01,Fuerza Popular,39,252,313,24,37,397,contabilizada
M00124-02,D00124,EG2026-PRES,ORG02,Juntos por el Peru,33,252,313,24,37,397,contabilizada
M00124-02,D00124,EG2026-PRES,ORG03,Renovacion Popular,38,252,313,24,37,397,contabilizada
M00124-02,D00124,EG2026-PRES,ORG04,Partido del Buen Gobierno,21,252,313,24,37,397,contabilizada
M00124-02,D00124,EG2026-PRES,ORG05,Otros,121,252,313,24,37,397,contabilizada
M00124-03,D00124,EG2026-PRES,ORG01,Fuerza Popular,37,183,200,7,10,288,contabilizada
M00124-03,D00124,EG2026-PRES,ORG02,Juntos por el Peru,21,183,200,7,10,288,contabilizada
M00124-03,D00124,EG2026-PRES,ORG03,Renovacion Popular,22,183,200,7,10,288,contabilizada
M00124-03,D00124,EG2026-PRES,ORG04,Partido del Buen Gobierno,23,183,200,7,10,288,contabilizada
M00124-03,D00124,EG2026-PRES,ORG05,Otros,80,183,200,7,10,288,contabilizada
M00124-04,D00124,EG2026-PRES,ORG01,Fuerza Popular,24,129,146,8,9,197,contabilizada
M00124-04,D00124,EG2026-PRES,ORG02,Juntos por el Peru,20,129,146,8,9,197,contabilizada
M00124-04,D00124,EG2026-PRES,ORG03,Renovacion Popular,15,129,146,8,9,197,contabilizada
M00124-04,D00124,EG2026-PRES,ORG04,Partido del Buen Gobierno,14,129,146,8,9,197,contabilizada
M00124-04,D00124,EG2026-PRES,ORG05,Otros,56,129,146,8,9,197,contabilizada
M00124-05,D00124,EG2026-PRES,ORG01,Fuerza Popular,43,261,302,12,29,417,contabilizada
M00124-05,D00124,EG2026-PRES,ORG02,Juntos por el Peru,32,261,302,12,29,417,contabilizada
M00124-05,D00124,EG2026-PRES,ORG03,Renovacion Popular,38,261,302,12,29,417,contabilizada
M00124-05,D00124,EG2026-PRES,ORG04,Partido del Buen Gobierno,28,261,302,12,29,417,contabilizada
M00124-05,D00124,EG2026-PRES,ORG05,Otros,120,261,302,12,29,417,contabilizada
M00124-06,D00124,EG2026-PRES,ORG01,Fuerza Popular,18,109,132,9,14,193,contabilizada
M00124-06,D00124,EG2026-PRES,ORG02,Juntos por el Peru,13,109,132,9,14,193,contabilizada
M00124-06,D00124,EG2026-PRES,ORG03,Renovacion Popular,11,109,132,9,14,193,contabilizada
M00124-06,D00124,EG2026-PRES,ORG04,Partido del Buen Gobierno,12,109,132,9,14,193,contabilizada
M00124-06,D00124,EG2026-PRES,ORG05,Otros,55,109,132,9,14,193,contabilizada
M00125-01,D00125,EG2026-PRES,ORG01,Fuerza Popular,21,161,192,10,21,257,contabilizada
M00125-01,D00125,EG2026-PRES,ORG02,Juntos por el Peru,19,161,192,10,21,257,contabilizada
M00125-01,D00125,EG2026-PRES,ORG03,Renovacion Popular,19,161,192,10,21,257,contabilizada
M00125-01,D00125,EG2026-PRES,ORG04,Partido del Buen Gobierno,15,161,192,10,21,257,contabilizada
M00125-01,D00125,EG2026-PRES,ORG05,Otros,87,161,192,10,21,257,contabilizada
M00125-02,D00125,EG2026-PRES,ORG01,Fuerza Popular,32,214,247,11,22,361,contabilizada
M00125-02,D00125,EG2026-PRES,ORG02,Juntos por el Peru,23,214,247,11,22,361,contabilizada
M00125-02,D00125,EG2026-PRES,ORG03,Renovacion Popular,25,214,247,11,22,361,contabilizada
M00125-02,D00125,EG2026-PRES,ORG04,Partido del Buen Gobierno,24,214,247,11,22,361,contabilizada
M00125-02,D00125,EG2026-PRES,ORG05,Otros,110,214,247,11,22,361,contabilizada
M00125-03,D00125,EG2026-PRES,ORG01,Fuerza Popular,28,175,205,7,23,303,contabilizada
M00125-03,D00125,EG2026-PRES,ORG02,Juntos por el Peru,29,175,205,7,23,303,contabilizada
M00125-03,D00125,EG2026-PRES,ORG03,Renovacion Popular,20,175,205,7,23,303,contabilizada
M00125-03,D00125,EG2026-PRES,ORG04,Partido del Buen Gobierno,19,175,205,7,23,303,contabilizada
M00125-03,D00125,EG2026-PRES,ORG05,Otros,79,175,205,7,23,303,contabilizada
M00125-04,D00125,EG2026-PRES,ORG01,Fuerza Popular,38,202,240,10,28,347,contabilizada
M00125-04,D00125,EG2026-PRES,ORG02,Juntos por el Peru,27,202,240,10,28,347,contabilizada
M00125-04,D00125,EG2026-PRES,ORG03,Renovacion Popular,20,202,240,10,28,347,contabilizada
M00125-04,D00125,EG2026-PRES,ORG04,Partido del Buen Gobierno,27,202,240,10,28,347,contabilizada
M00125-04,D00125,EG2026-PRES,ORG05,Otros,90,202,240,10,28,347,contabilizada
M00125-05,D00125,EG2026-PRES,ORG01,Fuerza Popular,17,138,159,10,11,261,contabilizada
M00125-05,D00125,EG2026-PRES,ORG02,Juntos por el Peru,16,138,159,10,11,261,contabilizada
M00125-05,D00125,EG2026-PRES,ORG03,Renovacion Popular,18,138,159,10,11,261,contabilizada
M00125-05,D00125,EG2026-PRES,ORG04,Partido del Buen Gobierno,16,138,159,10,11,261,contabilizada
M00125-05,D00125,EG2026-PRES,ORG05,Otros,71,138,159,10,11,261,contabilizada
M00126-01,D00126,EG2026-PRES,ORG01,Fuerza Popular,48,257,292,18,17,356,contabilizada
M00126-01,D00126,EG2026-PRES,ORG02,Juntos por el Peru,41,257,292,18,17,356,contabilizada
M00126-01,D00126,EG2026-PRES,ORG03,Renovacion Popular,41,257,292,18,17,356,contabilizada
M00126-01,D00126,EG2026-PRES,ORG04,Partido del Buen Gobierno,21,257,292,18,17,356,contabilizada
M00126-01,D00126,EG2026-PRES,ORG05,Otros,106,257,292,18,17,356,contabilizada
M00126-02,D00126,EG2026-PRES,ORG01,Fuerza Popular,20,109,126,7,10,214,contabilizada
M00126-02,D00126,EG2026-PRES,ORG02,Juntos por el Peru,17,109,126,7,10,214,contabilizada
M00126-02,D00126,EG2026-PRES,ORG03,Renovacion Popular,10,109,126,7,10,214,contabilizada
M00126-02,D00126,EG2026-PRES,ORG04,Partido del Buen Gobierno,12,109,126,7,10,214,contabilizada
M00126-02,D00126,EG2026-PRES,ORG05,Otros,50,109,126,7,10,214,contabilizada
M00126-03,D00126,EG2026-PRES,ORG01,Fuerza Popular,36,216,250,8,26,349,contabilizada
M00126-03,D00126,EG2026-PRES,ORG02,Juntos por el Peru,31,216,250,8,26,349,contabilizada
M00126-03,D00126,EG2026-PRES,ORG03,Renovacion Popular,35,216,250,8,26,349,contabilizada
M00126-03,D00126,EG2026-PRES,ORG04,Partido del Buen Gobierno,24,216,250,8,26,349,contabilizada
M00126-03,D00126,EG2026-PRES,ORG05,Otros,90,216,250,8,26,349,contabilizada
M00126-04,D00126,EG2026-PRES,ORG01,Fuerza Popular,57,259,304,15,30,384,contabilizada
M00126-04,D00126,EG2026-PRES,ORG02,Juntos por el Peru,44,259,304,15,30,384,contabilizada
M00126-04,D00126,EG2026-PRES,ORG03,Renovacion Popular,35,259,304,15,30,384,contabilizada
M00126-04,D00126,EG2026-PRES,ORG04,Partido del Buen Gobierno,32,259,304,15,30,384,contabilizada
M00126-04,D00126,EG2026-PRES,ORG05,Otros,91,259,304,15,30,384,contabilizada
M00126-05,D00126,EG2026-PRES,ORG01,Fuerza Popular,49,279,314,17,18,407,contabilizada
M00126-05,D00126,EG2026-PRES,ORG02,Juntos por el Peru,42,279,314,17,18,407,contabilizada
M00126-05,D00126,EG2026-PRES,ORG03,Renovacion Popular,35,279,314,17,18,407,contabilizada
M00126-05,D00126,EG2026-PRES,ORG04,Partido del Buen Gobierno,40,279,314,17,18,407,contabilizada
M00126-05,D00126,EG2026-PRES,ORG05,Otros,113,279,314,17,18,407,contabilizada
M00126-06,D00126,EG2026-PRES,ORG01,Fuerza Popular,34,213,245,9,23,337,contabilizada
M00126-06,D00126,EG2026-PRES,ORG02,Juntos por el Peru,25,213,245,9,23,337,contabilizada
M00126-06,D00126,EG2026-PRES,ORG03,Renovacion Popular,31,213,245,9,23,337,contabilizada
M00126-06,D00126,EG2026-PRES,ORG04,Partido del Buen Gobierno,23,213,245,9,23,337,contabilizada
M00126-06,D00126,EG2026-PRES,ORG05,Otros,100,213,245,9,23,337,contabilizada
M00127-01,D00127,EG2026-PRES,ORG01,Fuerza Popular,55,259,317,22,36,386,pendiente
M00127-01,D00127,EG2026-PRES,ORG02,Juntos por el Peru,33,259,317,22,36,386,pendiente
M00127-01,D00127,EG2026-PRES,ORG03,Renovacion Popular,39,259,317,22,36,386,pendiente
M00127-01,D00127,EG2026-PRES,ORG04,Partido del Buen Gobierno,25,259,317,22,36,386,pendiente
M00127-01,D00127,EG2026-PRES,ORG05,Otros,107,259,317,22,36,386,pendiente
M00127-02,D00127,EG2026-PRES,ORG01,Fuerza Popular,19,141,165,6,18,220,observada
M00127-02,D00127,EG2026-PRES,ORG02,Juntos por el Peru,21,141,165,6,18,220,observada
M00127-02,D00127,EG2026-PRES,ORG03,Renovacion Popular,25,141,165,6,18,220,observada
M00127-02,D00127,EG2026-PRES,ORG04,Partido del Buen Gobierno,15,141,165,6,18,220,observada
M00127-02,D00127,EG2026-PRES,ORG05,Otros,61,141,165,6,18,220,observada
M00127-03,D00127,EG2026-PRES,ORG01,Fuerza Popular,35,171,204,12,21,279,contabilizada
M00127-03,D00127,EG2026-PRES,ORG02,Juntos por el Peru,24,171,204,12,21,279,contabilizada
M00127-03,D00127,EG2026-PRES,ORG03,Renovacion Popular,23,171,204,12,21,279,contabilizada
M00127-03,D00127,EG2026-PRES,ORG04,Partido del Buen Gobierno,16,171,204,12,21,279,contabilizada
M00127-03,D00127,EG2026-PRES,ORG05,Otros,73,171,204,12,21,279,contabilizada
M00127-04,D00127,EG2026-PRES,ORG01,Fuerza Popular,40,239,297,22,36,414,contabilizada
M00127-04,D00127,EG2026-PRES,ORG02,Juntos por el Peru,35,239,297,22,36,414,contabilizada
M00127-04,D00127,EG2026-PRES,ORG03,Renovacion Popular,38,239,297,22,36,414,contabilizada
M00127-04,D00127,EG2026-PRES,ORG04,Partido del Buen Gobierno,30,239,297,22,36,414,contabilizada
M00127-04,D00127,EG2026-PRES,ORG05,Otros,96,239,297,22,36,414,contabilizada
M00128-01,D00128,EG2026-PRES,ORG01,Fuerza Popular,29,197,233,5,31,362,contabilizada
M00128-01,D00128,EG2026-PRES,ORG02,Juntos por el Peru,44,197,233,5,31,362,contabilizada
M00128-01,D00128,EG2026-PRES,ORG03,Renovacion Popular,11,197,233,5,31,362,contabilizada
M00128-01,D00128,EG2026-PRES,ORG04,Partido del Buen Gobierno,20,197,233,5,31,362,contabilizada
M00128-01,D00128,EG2026-PRES,ORG05,Otros,93,197,233,5,31,362,contabilizada
M00128-02,D00128,EG2026-PRES,ORG01,Fuerza Popular,28,163,186,9,14,243,contabilizada
M00128-02,D00128,EG2026-PRES,ORG02,Juntos por el Peru,27,163,186,9,14,243,contabilizada
M00128-02,D00128,EG2026-PRES,ORG03,Renovacion Popular,17,163,186,9,14,243,contabilizada
M00128-02,D00128,EG2026-PRES,ORG04,Partido del Buen Gobierno,20,163,186,9,14,243,contabilizada
M00128-02,D00128,EG2026-PRES,ORG05,Otros,71,163,186,9,14,243,contabilizada
M00128-03,D00128,EG2026-PRES,ORG01,Fuerza Popular,24,190,221,9,22,264,contabilizada
M00128-03,D00128,EG2026-PRES,ORG02,Juntos por el Peru,29,190,221,9,22,264,contabilizada
M00128-03,D00128,EG2026-PRES,ORG03,Renovacion Popular,12,190,221,9,22,264,contabilizada
M00128-03,D00128,EG2026-PRES,ORG04,Partido del Buen Gobierno,21,190,221,9,22,264,contabilizada
M00128-03,D00128,EG2026-PRES,ORG05,Otros,104,190,221,9,22,264,contabilizada
M00128-04,D00128,EG2026-PRES,ORG01,Fuerza Popular,20,174,206,12,20,277,contabilizada
M00128-04,D00128,EG2026-PRES,ORG02,Juntos por el Peru,56,174,206,12,20,277,contabilizada
M00128-04,D00128,EG2026-PRES,ORG03,Renovacion Popular,16,174,206,12,20,277,contabilizada
M00128-04,D00128,EG2026-PRES,ORG04,Partido del Buen Gobierno,14,174,206,12,20,277,contabilizada
M00128-04,D00128,EG2026-PRES,ORG05,Otros,68,174,206,12,20,277,contabilizada
M00129-01,D00129,EG2026-PRES,ORG01,Fuerza Popular,29,282,325,22,21,411,contabilizada
M00129-01,D00129,EG2026-PRES,ORG02,Juntos por el Peru,67,282,325,22,21,411,contabilizada
M00129-01,D00129,EG2026-PRES,ORG03,Renovacion Popular,24,282,325,22,21,411,contabilizada
M00129-01,D00129,EG2026-PRES,ORG04,Partido del Buen Gobierno,25,282,325,22,21,411,contabilizada
M00129-01,D00129,EG2026-PRES,ORG05,Otros,137,282,325,22,21,411,contabilizada
M00129-02,D00129,EG2026-PRES,ORG01,Fuerza Popular,47,290,331,20,21,404,contabilizada
M00129-02,D00129,EG2026-PRES,ORG02,Juntos por el Peru,50,290,331,20,21,404,contabilizada
M00129-02,D00129,EG2026-PRES,ORG03,Renovacion Popular,28,290,331,20,21,404,contabilizada
M00129-02,D00129,EG2026-PRES,ORG04,Partido del Buen Gobierno,30,290,331,20,21,404,contabilizada
M00129-02,D00129,EG2026-PRES,ORG05,Otros,135,290,331,20,21,404,contabilizada
M00129-03,D00129,EG2026-PRES,ORG01,Fuerza Popular,24,181,192,5,6,226,contabilizada
M00129-03,D00129,EG2026-PRES,ORG02,Juntos por el Peru,45,181,192,5,6,226,contabilizada
M00129-03,D00129,EG2026-PRES,ORG03,Renovacion Popular,15,181,192,5,6,226,contabilizada
M00129-03,D00129,EG2026-PRES,ORG04,Partido del Buen Gobierno,16,181,192,5,6,226,contabilizada
M00129-03,D00129,EG2026-PRES,ORG05,Otros,81,181,192,5,6,226,contabilizada
M00129-04,D00129,EG2026-PRES,ORG01,Fuerza Popular,22,248,293,14,31,377,contabilizada
M00129-04,D00129,EG2026-PRES,ORG02,Juntos por el Peru,64,248,293,14,31,377,contabilizada
M00129-04,D00129,EG2026-PRES,ORG03,Renovacion Popular,15,248,293,14,31,377,contabilizada
M00129-04,D00129,EG2026-PRES,ORG04,Partido del Buen Gobierno,27,248,293,14,31,377,contabilizada
M00129-04,D00129,EG2026-PRES,ORG05,Otros,120,248,293,14,31,377,contabilizada
M00130-01,D00130,EG2026-PRES,ORG01,Fuerza Popular,35,213,245,11,21,307,contabilizada
M00130-01,D00130,EG2026-PRES,ORG02,Juntos por el Peru,26,213,245,11,21,307,contabilizada
M00130-01,D00130,EG2026-PRES,ORG03,Renovacion Popular,27,213,245,11,21,307,contabilizada
M00130-01,D00130,EG2026-PRES,ORG04,Partido del Buen Gobierno,30,213,245,11,21,307,contabilizada
M00130-01,D00130,EG2026-PRES,ORG05,Otros,95,213,245,11,21,307,contabilizada
M00130-02,D00130,EG2026-PRES,ORG01,Fuerza Popular,23,161,187,7,19,226,contabilizada
M00130-02,D00130,EG2026-PRES,ORG02,Juntos por el Peru,26,161,187,7,19,226,contabilizada
M00130-02,D00130,EG2026-PRES,ORG03,Renovacion Popular,15,161,187,7,19,226,contabilizada
M00130-02,D00130,EG2026-PRES,ORG04,Partido del Buen Gobierno,19,161,187,7,19,226,contabilizada
M00130-02,D00130,EG2026-PRES,ORG05,Otros,78,161,187,7,19,226,contabilizada
M00130-03,D00130,EG2026-PRES,ORG01,Fuerza Popular,34,181,216,15,20,296,contabilizada
M00130-03,D00130,EG2026-PRES,ORG02,Juntos por el Peru,28,181,216,15,20,296,contabilizada
M00130-03,D00130,EG2026-PRES,ORG03,Renovacion Popular,23,181,216,15,20,296,contabilizada
M00130-03,D00130,EG2026-PRES,ORG04,Partido del Buen Gobierno,21,181,216,15,20,296,contabilizada
M00130-03,D00130,EG2026-PRES,ORG05,Otros,75,181,216,15,20,296,contabilizada
M00130-04,D00130,EG2026-PRES,ORG01,Fuerza Popular,45,256,293,8,29,377,contabilizada
M00130-04,D00130,EG2026-PRES,ORG02,Juntos por el Peru,36,256,293,8,29,377,contabilizada
M00130-04,D00130,EG2026-PRES,ORG03,Renovacion Popular,31,256,293,8,29,377,contabilizada
M00130-04,D00130,EG2026-PRES,ORG04,Partido del Buen Gobierno,35,256,293,8,29,377,contabilizada
M00130-04,D00130,EG2026-PRES,ORG05,Otros,109,256,293,8,29,377,contabilizada
M00131-01,D00131,EG2026-PRES,ORG01,Fuerza Popular,17,127,150,13,10,236,contabilizada
M00131-01,D00131,EG2026-PRES,ORG02,Juntos por el Peru,18,127,150,13,10,236,contabilizada
M00131-01,D00131,EG2026-PRES,ORG03,Renovacion Popular,13,127,150,13,10,236,contabilizada
M00131-01,D00131,EG2026-PRES,ORG04,Partido del Buen Gobierno,15,127,150,13,10,236,contabilizada
M00131-01,D00131,EG2026-PRES,ORG05,Otros,64,127,150,13,10,236,contabilizada
M00131-02,D00131,EG2026-PRES,ORG01,Fuerza Popular,26,146,183,11,26,248,contabilizada
M00131-02,D00131,EG2026-PRES,ORG02,Juntos por el Peru,18,146,183,11,26,248,contabilizada
M00131-02,D00131,EG2026-PRES,ORG03,Renovacion Popular,22,146,183,11,26,248,contabilizada
M00131-02,D00131,EG2026-PRES,ORG04,Partido del Buen Gobierno,20,146,183,11,26,248,contabilizada
M00131-02,D00131,EG2026-PRES,ORG05,Otros,60,146,183,11,26,248,contabilizada
M00131-03,D00131,EG2026-PRES,ORG01,Fuerza Popular,12,102,120,5,13,201,contabilizada
M00131-03,D00131,EG2026-PRES,ORG02,Juntos por el Peru,13,102,120,5,13,201,contabilizada
M00131-03,D00131,EG2026-PRES,ORG03,Renovacion Popular,13,102,120,5,13,201,contabilizada
M00131-03,D00131,EG2026-PRES,ORG04,Partido del Buen Gobierno,12,102,120,5,13,201,contabilizada
M00131-03,D00131,EG2026-PRES,ORG05,Otros,52,102,120,5,13,201,contabilizada
M00132-01,D00132,EG2026-PRES,ORG01,Fuerza Popular,36,187,224,14,23,308,contabilizada
M00132-01,D00132,EG2026-PRES,ORG02,Juntos por el Peru,39,187,224,14,23,308,contabilizada
M00132-01,D00132,EG2026-PRES,ORG03,Renovacion Popular,19,187,224,14,23,308,contabilizada
M00132-01,D00132,EG2026-PRES,ORG04,Partido del Buen Gobierno,28,187,224,14,23,308,contabilizada
M00132-01,D00132,EG2026-PRES,ORG05,Otros,65,187,224,14,23,308,contabilizada
M00132-02,D00132,EG2026-PRES,ORG01,Fuerza Popular,36,230,262,9,23,361,contabilizada
M00132-02,D00132,EG2026-PRES,ORG02,Juntos por el Peru,34,230,262,9,23,361,contabilizada
M00132-02,D00132,EG2026-PRES,ORG03,Renovacion Popular,29,230,262,9,23,361,contabilizada
M00132-02,D00132,EG2026-PRES,ORG04,Partido del Buen Gobierno,22,230,262,9,23,361,contabilizada
M00132-02,D00132,EG2026-PRES,ORG05,Otros,109,230,262,9,23,361,contabilizada
M00133-01,D00133,EG2026-PRES,ORG01,Fuerza Popular,31,145,175,10,20,212,contabilizada
M00133-01,D00133,EG2026-PRES,ORG02,Juntos por el Peru,21,145,175,10,20,212,contabilizada
M00133-01,D00133,EG2026-PRES,ORG03,Renovacion Popular,18,145,175,10,20,212,contabilizada
M00133-01,D00133,EG2026-PRES,ORG04,Partido del Buen Gobierno,17,145,175,10,20,212,contabilizada
M00133-01,D00133,EG2026-PRES,ORG05,Otros,58,145,175,10,20,212,contabilizada
M00133-02,D00133,EG2026-PRES,ORG01,Fuerza Popular,22,181,221,14,26,278,contabilizada
M00133-02,D00133,EG2026-PRES,ORG02,Juntos por el Peru,27,181,221,14,26,278,contabilizada
M00133-02,D00133,EG2026-PRES,ORG03,Renovacion Popular,26,181,221,14,26,278,contabilizada
M00133-02,D00133,EG2026-PRES,ORG04,Partido del Buen Gobierno,17,181,221,14,26,278,contabilizada
M00133-02,D00133,EG2026-PRES,ORG05,Otros,89,181,221,14,26,278,contabilizada
M00133-03,D00133,EG2026-PRES,ORG01,Fuerza Popular,19,127,142,8,7,238,contabilizada
M00133-03,D00133,EG2026-PRES,ORG02,Juntos por el Peru,14,127,142,8,7,238,contabilizada
M00133-03,D00133,EG2026-PRES,ORG03,Renovacion Popular,19,127,142,8,7,238,contabilizada
M00133-03,D00133,EG2026-PRES,ORG04,Partido del Buen Gobierno,15,127,142,8,7,238,contabilizada
M00133-03,D00133,EG2026-PRES,ORG05,Otros,60,127,142,8,7,238,contabilizada
M00134-01,D00134,EG2026-PRES,ORG01,Fuerza Popular,48,219,251,20,12,297,contabilizada
M00134-01,D00134,EG2026-PRES,ORG02,Juntos por el Peru,23,219,251,20,12,297,contabilizada
M00134-01,D00134,EG2026-PRES,ORG03,Renovacion Popular,40,219,251,20,12,297,contabilizada
M00134-01,D00134,EG2026-PRES,ORG04,Partido del Buen Gobierno,31,219,251,20,12,297,contabilizada
M00134-01,D00134,EG2026-PRES,ORG05,Otros,77,219,251,20,12,297,contabilizada
M00134-02,D00134,EG2026-PRES,ORG01,Fuerza Popular,26,131,154,8,15,204,contabilizada
M00134-02,D00134,EG2026-PRES,ORG02,Juntos por el Peru,16,131,154,8,15,204,contabilizada
M00134-02,D00134,EG2026-PRES,ORG03,Renovacion Popular,23,131,154,8,15,204,contabilizada
M00134-02,D00134,EG2026-PRES,ORG04,Partido del Buen Gobierno,13,131,154,8,15,204,contabilizada
M00134-02,D00134,EG2026-PRES,ORG05,Otros,53,131,154,8,15,204,contabilizada
M00134-03,D00134,EG2026-PRES,ORG01,Fuerza Popular,44,222,272,22,28,374,contabilizada
M00134-03,D00134,EG2026-PRES,ORG02,Juntos por el Peru,25,222,272,22,28,374,contabilizada
M00134-03,D00134,EG2026-PRES,ORG03,Renovacion Popular,40,222,272,22,28,374,contabilizada
M00134-03,D00134,EG2026-PRES,ORG04,Partido del Buen Gobierno,26,222,272,22,28,374,contabilizada
M00134-03,D00134,EG2026-PRES,ORG05,Otros,87,222,272,22,28,374,contabilizada
M00134-04,D00134,EG2026-PRES,ORG01,Fuerza Popular,40,171,204,12,21,252,contabilizada
M00134-04,D00134,EG2026-PRES,ORG02,Juntos por el Peru,13,171,204,12,21,252,contabilizada
M00134-04,D00134,EG2026-PRES,ORG03,Renovacion Popular,23,171,204,12,21,252,contabilizada
M00134-04,D00134,EG2026-PRES,ORG04,Partido del Buen Gobierno,19,171,204,12,21,252,contabilizada
M00134-04,D00134,EG2026-PRES,ORG05,Otros,76,171,204,12,21,252,contabilizada
M00134-05,D00134,EG2026-PRES,ORG01,Fuerza Popular,26,126,141,5,10,213,contabilizada
M00134-05,D00134,EG2026-PRES,ORG02,Juntos por el Peru,12,126,141,5,10,213,contabilizada
M00134-05,D00134,EG2026-PRES,ORG03,Renovacion Popular,24,126,141,5,10,213,contabilizada
M00134-05,D00134,EG2026-PRES,ORG04,Partido del Buen Gobierno,19,126,141,5,10,213,contabilizada
M00134-05,D00134,EG2026-PRES,ORG05,Otros,45,126,141,5,10,213,contabilizada
M00135-01,D00135,EG2026-PRES,ORG01,Fuerza Popular,16,117,140,8,15,196,contabilizada
M00135-01,D00135,EG2026-PRES,ORG02,Juntos por el Peru,16,117,140,8,15,196,contabilizada
M00135-01,D00135,EG2026-PRES,ORG03,Renovacion Popular,17,117,140,8,15,196,contabilizada
M00135-01,D00135,EG2026-PRES,ORG04,Partido del Buen Gobierno,13,117,140,8,15,196,contabilizada
M00135-01,D00135,EG2026-PRES,ORG05,Otros,55,117,140,8,15,196,contabilizada
M00135-02,D00135,EG2026-PRES,ORG01,Fuerza Popular,31,211,252,12,29,329,contabilizada
M00135-02,D00135,EG2026-PRES,ORG02,Juntos por el Peru,26,211,252,12,29,329,contabilizada
M00135-02,D00135,EG2026-PRES,ORG03,Renovacion Popular,30,211,252,12,29,329,contabilizada
M00135-02,D00135,EG2026-PRES,ORG04,Partido del Buen Gobierno,27,211,252,12,29,329,contabilizada
M00135-02,D00135,EG2026-PRES,ORG05,Otros,97,211,252,12,29,329,contabilizada
M00135-03,D00135,EG2026-PRES,ORG01,Fuerza Popular,21,139,158,3,16,191,observada
M00135-03,D00135,EG2026-PRES,ORG02,Juntos por el Peru,21,139,158,3,16,191,observada
M00135-03,D00135,EG2026-PRES,ORG03,Renovacion Popular,16,139,158,3,16,191,observada
M00135-03,D00135,EG2026-PRES,ORG04,Partido del Buen Gobierno,18,139,158,3,16,191,observada
M00135-03,D00135,EG2026-PRES,ORG05,Otros,63,139,158,3,16,191,observada
M00135-04,D00135,EG2026-PRES,ORG01,Fuerza Popular,26,153,166,6,7,234,contabilizada
M00135-04,D00135,EG2026-PRES,ORG02,Juntos por el Peru,19,153,166,6,7,234,contabilizada
M00135-04,D00135,EG2026-PRES,ORG03,Renovacion Popular,22,153,166,6,7,234,contabilizada
M00135-04,D00135,EG2026-PRES,ORG04,Partido del Buen Gobierno,17,153,166,6,7,234,contabilizada
M00135-04,D00135,EG2026-PRES,ORG05,Otros,69,153,166,6,7,234,contabilizada
M00135-05,D00135,EG2026-PRES,ORG01,Fuerza Popular,26,182,222,15,25,267,observada
M00135-05,D00135,EG2026-PRES,ORG02,Juntos por el Peru,24,182,222,15,25,267,observada
M00135-05,D00135,EG2026-PRES,ORG03,Renovacion Popular,23,182,222,15,25,267,observada
M00135-05,D00135,EG2026-PRES,ORG04,Partido del Buen Gobierno,26,182,222,15,25,267,observada
M00135-05,D00135,EG2026-PRES,ORG05,Otros,83,182,222,15,25,267,observada
M00136-01,D00136,EG2026-PRES,ORG01,Fuerza Popular,41,277,321,18,26,371,contabilizada
M00136-01,D00136,EG2026-PRES,ORG02,Juntos por el Peru,32,277,321,18,26,371,contabilizada
M00136-01,D00136,EG2026-PRES,ORG03,Renovacion Popular,49,277,321,18,26,371,contabilizada
M00136-01,D00136,EG2026-PRES,ORG04,Partido del Buen Gobierno,37,277,321,18,26,371,contabilizada
M00136-01,D00136,EG2026-PRES,ORG05,Otros,118,277,321,18,26,371,contabilizada
M00136-02,D00136,EG2026-PRES,ORG01,Fuerza Popular,37,197,243,21,25,346,contabilizada
M00136-02,D00136,EG2026-PRES,ORG02,Juntos por el Peru,28,197,243,21,25,346,contabilizada
M00136-02,D00136,EG2026-PRES,ORG03,Renovacion Popular,30,197,243,21,25,346,contabilizada
M00136-02,D00136,EG2026-PRES,ORG04,Partido del Buen Gobierno,25,197,243,21,25,346,contabilizada
M00136-02,D00136,EG2026-PRES,ORG05,Otros,77,197,243,21,25,346,contabilizada
M00137-01,D00137,EG2026-PRES,ORG01,Fuerza Popular,33,238,290,18,34,358,contabilizada
M00137-01,D00137,EG2026-PRES,ORG02,Juntos por el Peru,41,238,290,18,34,358,contabilizada
M00137-01,D00137,EG2026-PRES,ORG03,Renovacion Popular,19,238,290,18,34,358,contabilizada
M00137-01,D00137,EG2026-PRES,ORG04,Partido del Buen Gobierno,28,238,290,18,34,358,contabilizada
M00137-01,D00137,EG2026-PRES,ORG05,Otros,117,238,290,18,34,358,contabilizada
M00137-02,D00137,EG2026-PRES,ORG01,Fuerza Popular,21,184,208,11,13,265,contabilizada
M00137-02,D00137,EG2026-PRES,ORG02,Juntos por el Peru,28,184,208,11,13,265,contabilizada
M00137-02,D00137,EG2026-PRES,ORG03,Renovacion Popular,15,184,208,11,13,265,contabilizada
M00137-02,D00137,EG2026-PRES,ORG04,Partido del Buen Gobierno,25,184,208,11,13,265,contabilizada
M00137-02,D00137,EG2026-PRES,ORG05,Otros,95,184,208,11,13,265,contabilizada
M00137-03,D00137,EG2026-PRES,ORG01,Fuerza Popular,28,211,246,6,29,341,contabilizada
M00137-03,D00137,EG2026-PRES,ORG02,Juntos por el Peru,57,211,246,6,29,341,contabilizada
M00137-03,D00137,EG2026-PRES,ORG03,Renovacion Popular,22,211,246,6,29,341,contabilizada
M00137-03,D00137,EG2026-PRES,ORG04,Partido del Buen Gobierno,16,211,246,6,29,341,contabilizada
M00137-03,D00137,EG2026-PRES,ORG05,Otros,88,211,246,6,29,341,contabilizada
M00137-04,D00137,EG2026-PRES,ORG01,Fuerza Popular,38,209,251,14,28,362,contabilizada
M00137-04,D00137,EG2026-PRES,ORG02,Juntos por el Peru,50,209,251,14,28,362,contabilizada
M00137-04,D00137,EG2026-PRES,ORG03,Renovacion Popular,22,209,251,14,28,362,contabilizada
M00137-04,D00137,EG2026-PRES,ORG04,Partido del Buen Gobierno,20,209,251,14,28,362,contabilizada
M00137-04,D00137,EG2026-PRES,ORG05,Otros,79,209,251,14,28,362,contabilizada
M00138-01,D00138,EG2026-PRES,ORG01,Fuerza Popular,22,151,179,12,16,235,contabilizada
M00138-01,D00138,EG2026-PRES,ORG02,Juntos por el Peru,35,151,179,12,16,235,contabilizada
M00138-01,D00138,EG2026-PRES,ORG03,Renovacion Popular,13,151,179,12,16,235,contabilizada
M00138-01,D00138,EG2026-PRES,ORG04,Partido del Buen Gobierno,15,151,179,12,16,235,contabilizada
M00138-01,D00138,EG2026-PRES,ORG05,Otros,66,151,179,12,16,235,contabilizada
M00138-02,D00138,EG2026-PRES,ORG01,Fuerza Popular,14,158,189,13,18,290,contabilizada
M00138-02,D00138,EG2026-PRES,ORG02,Juntos por el Peru,38,158,189,13,18,290,contabilizada
M00138-02,D00138,EG2026-PRES,ORG03,Renovacion Popular,16,158,189,13,18,290,contabilizada
M00138-02,D00138,EG2026-PRES,ORG04,Partido del Buen Gobierno,20,158,189,13,18,290,contabilizada
M00138-02,D00138,EG2026-PRES,ORG05,Otros,70,158,189,13,18,290,contabilizada
M00138-03,D00138,EG2026-PRES,ORG01,Fuerza Popular,18,141,160,10,9,203,contabilizada
M00138-03,D00138,EG2026-PRES,ORG02,Juntos por el Peru,29,141,160,10,9,203,contabilizada
M00138-03,D00138,EG2026-PRES,ORG03,Renovacion Popular,15,141,160,10,9,203,contabilizada
M00138-03,D00138,EG2026-PRES,ORG04,Partido del Buen Gobierno,19,141,160,10,9,203,contabilizada
M00138-03,D00138,EG2026-PRES,ORG05,Otros,60,141,160,10,9,203,contabilizada
M00138-04,D00138,EG2026-PRES,ORG01,Fuerza Popular,35,202,246,15,29,295,contabilizada
M00138-04,D00138,EG2026-PRES,ORG02,Juntos por el Peru,49,202,246,15,29,295,contabilizada
M00138-04,D00138,EG2026-PRES,ORG03,Renovacion Popular,21,202,246,15,29,295,contabilizada
M00138-04,D00138,EG2026-PRES,ORG04,Partido del Buen Gobierno,21,202,246,15,29,295,contabilizada
M00138-04,D00138,EG2026-PRES,ORG05,Otros,76,202,246,15,29,295,contabilizada
M00138-05,D00138,EG2026-PRES,ORG01,Fuerza Popular,15,179,216,12,25,308,contabilizada
M00138-05,D00138,EG2026-PRES,ORG02,Juntos por el Peru,46,179,216,12,25,308,contabilizada
M00138-05,D00138,EG2026-PRES,ORG03,Renovacion Popular,16,179,216,12,25,308,contabilizada
M00138-05,D00138,EG2026-PRES,ORG04,Partido del Buen Gobierno,13,179,216,12,25,308,contabilizada
M00138-05,D00138,EG2026-PRES,ORG05,Otros,89,179,216,12,25,308,contabilizada
M00138-06,D00138,EG2026-PRES,ORG01,Fuerza Popular,28,179,223,20,24,275,contabilizada
M00138-06,D00138,EG2026-PRES,ORG02,Juntos por el Peru,32,179,223,20,24,275,contabilizada
M00138-06,D00138,EG2026-PRES,ORG03,Renovacion Popular,18,179,223,20,24,275,contabilizada
M00138-06,D00138,EG2026-PRES,ORG04,Partido del Buen Gobierno,12,179,223,20,24,275,contabilizada
M00138-06,D00138,EG2026-PRES,ORG05,Otros,89,179,223,20,24,275,contabilizada
M00139-01,D00139,EG2026-PRES,ORG01,Fuerza Popular,40,283,336,26,27,375,contabilizada
M00139-01,D00139,EG2026-PRES,ORG02,Juntos por el Peru,69,283,336,26,27,375,contabilizada
M00139-01,D00139,EG2026-PRES,ORG03,Renovacion Popular,26,283,336,26,27,375,contabilizada
M00139-01,D00139,EG2026-PRES,ORG04,Partido del Buen Gobierno,40,283,336,26,27,375,contabilizada
M00139-01,D00139,EG2026-PRES,ORG05,Otros,108,283,336,26,27,375,contabilizada
M00139-02,D00139,EG2026-PRES,ORG01,Fuerza Popular,25,172,194,12,10,288,contabilizada
M00139-02,D00139,EG2026-PRES,ORG02,Juntos por el Peru,41,172,194,12,10,288,contabilizada
M00139-02,D00139,EG2026-PRES,ORG03,Renovacion Popular,10,172,194,12,10,288,contabilizada
M00139-02,D00139,EG2026-PRES,ORG04,Partido del Buen Gobierno,19,172,194,12,10,288,contabilizada
M00139-02,D00139,EG2026-PRES,ORG05,Otros,77,172,194,12,10,288,contabilizada
M00139-03,D00139,EG2026-PRES,ORG01,Fuerza Popular,16,93,114,11,10,186,contabilizada
M00139-03,D00139,EG2026-PRES,ORG02,Juntos por el Peru,21,93,114,11,10,186,contabilizada
M00139-03,D00139,EG2026-PRES,ORG03,Renovacion Popular,7,93,114,11,10,186,contabilizada
M00139-03,D00139,EG2026-PRES,ORG04,Partido del Buen Gobierno,14,93,114,11,10,186,contabilizada
M00139-03,D00139,EG2026-PRES,ORG05,Otros,35,93,114,11,10,186,contabilizada
M00139-04,D00139,EG2026-PRES,ORG01,Fuerza Popular,26,178,207,9,20,267,contabilizada
M00139-04,D00139,EG2026-PRES,ORG02,Juntos por el Peru,41,178,207,9,20,267,contabilizada
M00139-04,D00139,EG2026-PRES,ORG03,Renovacion Popular,12,178,207,9,20,267,contabilizada
M00139-04,D00139,EG2026-PRES,ORG04,Partido del Buen Gobierno,22,178,207,9,20,267,contabilizada
M00139-04,D00139,EG2026-PRES,ORG05,Otros,77,178,207,9,20,267,contabilizada
M00140-01,D00140,EG2026-PRES,ORG01,Fuerza Popular,67,303,350,26,21,396,contabilizada
M00140-01,D00140,EG2026-PRES,ORG02,Juntos por el Peru,39,303,350,26,21,396,contabilizada
M00140-01,D00140,EG2026-PRES,ORG03,Renovacion Popular,38,303,350,26,21,396,contabilizada
M00140-01,D00140,EG2026-PRES,ORG04,Partido del Buen Gobierno,37,303,350,26,21,396,contabilizada
M00140-01,D00140,EG2026-PRES,ORG05,Otros,122,303,350,26,21,396,contabilizada
M00140-02,D00140,EG2026-PRES,ORG01,Fuerza Popular,23,133,145,4,8,188,pendiente
M00140-02,D00140,EG2026-PRES,ORG02,Juntos por el Peru,22,133,145,4,8,188,pendiente
M00140-02,D00140,EG2026-PRES,ORG03,Renovacion Popular,16,133,145,4,8,188,pendiente
M00140-02,D00140,EG2026-PRES,ORG04,Partido del Buen Gobierno,17,133,145,4,8,188,pendiente
M00140-02,D00140,EG2026-PRES,ORG05,Otros,55,133,145,4,8,188,pendiente
M00140-03,D00140,EG2026-PRES,ORG01,Fuerza Popular,21,140,156,4,12,193,contabilizada
M00140-03,D00140,EG2026-PRES,ORG02,Juntos por el Peru,25,140,156,4,12,193,contabilizada
M00140-03,D00140,EG2026-PRES,ORG03,Renovacion Popular,23,140,156,4,12,193,contabilizada
M00140-03,D00140,EG2026-PRES,ORG04,Partido del Buen Gobierno,20,140,156,4,12,193,contabilizada
M00140-03,D00140,EG2026-PRES,ORG05,Otros,51,140,156,4,12,193,contabilizada
M00140-04,D00140,EG2026-PRES,ORG01,Fuerza Popular,46,226,287,23,38,364,contabilizada
M00140-04,D00140,EG2026-PRES,ORG02,Juntos por el Peru,28,226,287,23,38,364,contabilizada
M00140-04,D00140,EG2026-PRES,ORG03,Renovacion Popular,31,226,287,23,38,364,contabilizada
M00140-04,D00140,EG2026-PRES,ORG04,Partido del Buen Gobierno,28,226,287,23,38,364,contabilizada
M00140-04,D00140,EG2026-PRES,ORG05,Otros,93,226,287,23,38,364,contabilizada
M00140-05,D00140,EG2026-PRES,ORG01,Fuerza Popular,31,189,229,8,32,284,contabilizada
M00140-05,D00140,EG2026-PRES,ORG02,Juntos por el Peru,26,189,229,8,32,284,contabilizada
M00140-05,D00140,EG2026-PRES,ORG03,Renovacion Popular,21,189,229,8,32,284,contabilizada
M00140-05,D00140,EG2026-PRES,ORG04,Partido del Buen Gobierno,19,189,229,8,32,284,contabilizada
M00140-05,D00140,EG2026-PRES,ORG05,Otros,92,189,229,8,32,284,contabilizada
M00141-01,D00141,EG2026-PRES,ORG01,Fuerza Popular,24,171,191,6,14,298,contabilizada
M00141-01,D00141,EG2026-PRES,ORG02,Juntos por el Peru,24,171,191,6,14,298,contabilizada
M00141-01,D00141,EG2026-PRES,ORG03,Renovacion Popular,22,171,191,6,14,298,contabilizada
M00141-01,D00141,EG2026-PRES,ORG04,Partido del Buen Gobierno,20,171,191,6,14,298,contabilizada
M00141-01,D00141,EG2026-PRES,ORG05,Otros,81,171,191,6,14,298,contabilizada
M00141-02,D00141,EG2026-PRES,ORG01,Fuerza Popular,27,189,213,7,17,293,observada
M00141-02,D00141,EG2026-PRES,ORG02,Juntos por el Peru,31,189,213,7,17,293,observada
M00141-02,D00141,EG2026-PRES,ORG03,Renovacion Popular,26,189,213,7,17,293,observada
M00141-02,D00141,EG2026-PRES,ORG04,Partido del Buen Gobierno,23,189,213,7,17,293,observada
M00141-02,D00141,EG2026-PRES,ORG05,Otros,82,189,213,7,17,293,observada
M00141-03,D00141,EG2026-PRES,ORG01,Fuerza Popular,17,126,142,7,9,202,contabilizada
M00141-03,D00141,EG2026-PRES,ORG02,Juntos por el Peru,22,126,142,7,9,202,contabilizada
M00141-03,D00141,EG2026-PRES,ORG03,Renovacion Popular,14,126,142,7,9,202,contabilizada
M00141-03,D00141,EG2026-PRES,ORG04,Partido del Buen Gobierno,14,126,142,7,9,202,contabilizada
M00141-03,D00141,EG2026-PRES,ORG05,Otros,59,126,142,7,9,202,contabilizada
M00142-01,D00142,EG2026-PRES,ORG01,Fuerza Popular,40,247,284,15,22,367,contabilizada
M00142-01,D00142,EG2026-PRES,ORG02,Juntos por el Peru,25,247,284,15,22,367,contabilizada
M00142-01,D00142,EG2026-PRES,ORG03,Renovacion Popular,29,247,284,15,22,367,contabilizada
M00142-01,D00142,EG2026-PRES,ORG04,Partido del Buen Gobierno,30,247,284,15,22,367,contabilizada
M00142-01,D00142,EG2026-PRES,ORG05,Otros,123,247,284,15,22,367,contabilizada
M00142-02,D00142,EG2026-PRES,ORG01,Fuerza Popular,17,114,132,6,12,196,contabilizada
M00142-02,D00142,EG2026-PRES,ORG02,Juntos por el Peru,14,114,132,6,12,196,contabilizada
M00142-02,D00142,EG2026-PRES,ORG03,Renovacion Popular,13,114,132,6,12,196,contabilizada
M00142-02,D00142,EG2026-PRES,ORG04,Partido del Buen Gobierno,11,114,132,6,12,196,contabilizada
M00142-02,D00142,EG2026-PRES,ORG05,Otros,59,114,132,6,12,196,contabilizada
M00142-03,D00142,EG2026-PRES,ORG01,Fuerza Popular,23,128,148,6,14,218,contabilizada
M00142-03,D00142,EG2026-PRES,ORG02,Juntos por el Peru,21,128,148,6,14,218,contabilizada
M00142-03,D00142,EG2026-PRES,ORG03,Renovacion Popular,13,128,148,6,14,218,contabilizada
M00142-03,D00142,EG2026-PRES,ORG04,Partido del Buen Gobierno,17,128,148,6,14,218,contabilizada
M00142-03,D00142,EG2026-PRES,ORG05,Otros,54,128,148,6,14,218,contabilizada
M00142-04,D00142,EG2026-PRES,ORG01,Fuerza Popular,32,172,197,4,21,263,contabilizada
M00142-04,D00142,EG2026-PRES,ORG02,Juntos por el Peru,30,172,197,4,21,263,contabilizada
M00142-04,D00142,EG2026-PRES,ORG03,Renovacion Popular,26,172,197,4,21,263,contabilizada
M00142-04,D00142,EG2026-PRES,ORG04,Partido del Buen Gobierno,11,172,197,4,21,263,contabilizada
M00142-04,D00142,EG2026-PRES,ORG05,Otros,73,172,197,4,21,263,contabilizada
M00142-05,D00142,EG2026-PRES,ORG01,Fuerza Popular,37,168,215,15,32,330,contabilizada
M00142-05,D00142,EG2026-PRES,ORG02,Juntos por el Peru,26,168,215,15,32,330,contabilizada
M00142-05,D00142,EG2026-PRES,ORG03,Renovacion Popular,27,168,215,15,32,330,contabilizada
M00142-05,D00142,EG2026-PRES,ORG04,Partido del Buen Gobierno,22,168,215,15,32,330,contabilizada
M00142-05,D00142,EG2026-PRES,ORG05,Otros,56,168,215,15,32,330,contabilizada
M00143-01,D00143,EG2026-PRES,ORG01,Fuerza Popular,23,145,171,9,17,211,contabilizada
M00143-01,D00143,EG2026-PRES,ORG02,Juntos por el Peru,30,145,171,9,17,211,contabilizada
M00143-01,D00143,EG2026-PRES,ORG03,Renovacion Popular,10,145,171,9,17,211,contabilizada
M00143-01,D00143,EG2026-PRES,ORG04,Partido del Buen Gobierno,15,145,171,9,17,211,contabilizada
M00143-01,D00143,EG2026-PRES,ORG05,Otros,67,145,171,9,17,211,contabilizada
M00143-02,D00143,EG2026-PRES,ORG01,Fuerza Popular,28,162,205,14,29,267,observada
M00143-02,D00143,EG2026-PRES,ORG02,Juntos por el Peru,39,162,205,14,29,267,observada
M00143-02,D00143,EG2026-PRES,ORG03,Renovacion Popular,18,162,205,14,29,267,observada
M00143-02,D00143,EG2026-PRES,ORG04,Partido del Buen Gobierno,17,162,205,14,29,267,observada
M00143-02,D00143,EG2026-PRES,ORG05,Otros,60,162,205,14,29,267,observada
M00143-03,D00143,EG2026-PRES,ORG01,Fuerza Popular,26,168,202,17,17,279,contabilizada
M00143-03,D00143,EG2026-PRES,ORG02,Juntos por el Peru,19,168,202,17,17,279,contabilizada
M00143-03,D00143,EG2026-PRES,ORG03,Renovacion Popular,13,168,202,17,17,279,contabilizada
M00143-03,D00143,EG2026-PRES,ORG04,Partido del Buen Gobierno,20,168,202,17,17,279,contabilizada
M00143-03,D00143,EG2026-PRES,ORG05,Otros,90,168,202,17,17,279,contabilizada
M00143-04,D00143,EG2026-PRES,ORG01,Fuerza Popular,15,125,154,13,16,185,contabilizada
M00143-04,D00143,EG2026-PRES,ORG02,Juntos por el Peru,24,125,154,13,16,185,contabilizada
M00143-04,D00143,EG2026-PRES,ORG03,Renovacion Popular,9,125,154,13,16,185,contabilizada
M00143-04,D00143,EG2026-PRES,ORG04,Partido del Buen Gobierno,14,125,154,13,16,185,contabilizada
M00143-04,D00143,EG2026-PRES,ORG05,Otros,63,125,154,13,16,185,contabilizada
M00144-01,D00144,EG2026-PRES,ORG01,Fuerza Popular,26,163,192,12,17,289,contabilizada
M00144-01,D00144,EG2026-PRES,ORG02,Juntos por el Peru,39,163,192,12,17,289,contabilizada
M00144-01,D00144,EG2026-PRES,ORG03,Renovacion Popular,18,163,192,12,17,289,contabilizada
M00144-01,D00144,EG2026-PRES,ORG04,Partido del Buen Gobierno,18,163,192,12,17,289,contabilizada
M00144-01,D00144,EG2026-PRES,ORG05,Otros,62,163,192,12,17,289,contabilizada
M00144-02,D00144,EG2026-PRES,ORG01,Fuerza Popular,27,206,257,15,36,309,contabilizada
M00144-02,D00144,EG2026-PRES,ORG02,Juntos por el Peru,43,206,257,15,36,309,contabilizada
M00144-02,D00144,EG2026-PRES,ORG03,Renovacion Popular,20,206,257,15,36,309,contabilizada
M00144-02,D00144,EG2026-PRES,ORG04,Partido del Buen Gobierno,25,206,257,15,36,309,contabilizada
M00144-02,D00144,EG2026-PRES,ORG05,Otros,91,206,257,15,36,309,contabilizada
M00144-03,D00144,EG2026-PRES,ORG01,Fuerza Popular,20,166,186,6,14,282,contabilizada
M00144-03,D00144,EG2026-PRES,ORG02,Juntos por el Peru,46,166,186,6,14,282,contabilizada
M00144-03,D00144,EG2026-PRES,ORG03,Renovacion Popular,15,166,186,6,14,282,contabilizada
M00144-03,D00144,EG2026-PRES,ORG04,Partido del Buen Gobierno,11,166,186,6,14,282,contabilizada
M00144-03,D00144,EG2026-PRES,ORG05,Otros,74,166,186,6,14,282,contabilizada
M00144-04,D00144,EG2026-PRES,ORG01,Fuerza Popular,24,223,259,13,23,356,contabilizada
M00144-04,D00144,EG2026-PRES,ORG02,Juntos por el Peru,52,223,259,13,23,356,contabilizada
M00144-04,D00144,EG2026-PRES,ORG03,Renovacion Popular,13,223,259,13,23,356,contabilizada
M00144-04,D00144,EG2026-PRES,ORG04,Partido del Buen Gobierno,25,223,259,13,23,356,contabilizada
M00144-04,D00144,EG2026-PRES,ORG05,Otros,109,223,259,13,23,356,contabilizada
M00144-05,D00144,EG2026-PRES,ORG01,Fuerza Popular,22,219,251,16,16,372,contabilizada
M00144-05,D00144,EG2026-PRES,ORG02,Juntos por el Peru,47,219,251,16,16,372,contabilizada
M00144-05,D00144,EG2026-PRES,ORG03,Renovacion Popular,14,219,251,16,16,372,contabilizada
M00144-05,D00144,EG2026-PRES,ORG04,Partido del Buen Gobierno,27,219,251,16,16,372,contabilizada
M00144-05,D00144,EG2026-PRES,ORG05,Otros,109,219,251,16,16,372,contabilizada
M00144-06,D00144,EG2026-PRES,ORG01,Fuerza Popular,22,221,245,10,14,272,contabilizada
M00144-06,D00144,EG2026-PRES,ORG02,Juntos por el Peru,47,221,245,10,14,272,contabilizada
M00144-06,D00144,EG2026-PRES,ORG03,Renovacion Popular,13,221,245,10,14,272,contabilizada
M00144-06,D00144,EG2026-PRES,ORG04,Partido del Buen Gobierno,28,221,245,10,14,272,contabilizada
M00144-06,D00144,EG2026-PRES,ORG05,Otros,111,221,245,10,14,272,contabilizada
M00145-01,D00145,EG2026-PRES,ORG01,Fuerza Popular,47,263,306,14,29,364,contabilizada
M00145-01,D00145,EG2026-PRES,ORG02,Juntos por el Peru,29,263,306,14,29,364,contabilizada
M00145-01,D00145,EG2026-PRES,ORG03,Renovacion Popular,34,263,306,14,29,364,contabilizada
M00145-01,D00145,EG2026-PRES,ORG04,Partido del Buen Gobierno,27,263,306,14,29,364,contabilizada
M00145-01,D00145,EG2026-PRES,ORG05,Otros,126,263,306,14,29,364,contabilizada
M00145-02,D00145,EG2026-PRES,ORG01,Fuerza Popular,31,258,297,17,22,382,contabilizada
M00145-02,D00145,EG2026-PRES,ORG02,Juntos por el Peru,31,258,297,17,22,382,contabilizada
M00145-02,D00145,EG2026-PRES,ORG03,Renovacion Popular,37,258,297,17,22,382,contabilizada
M00145-02,D00145,EG2026-PRES,ORG04,Partido del Buen Gobierno,34,258,297,17,22,382,contabilizada
M00145-02,D00145,EG2026-PRES,ORG05,Otros,125,258,297,17,22,382,contabilizada
M00146-01,D00146,EG2026-PRES,ORG01,Fuerza Popular,18,113,138,10,15,180,observada
M00146-01,D00146,EG2026-PRES,ORG02,Juntos por el Peru,20,113,138,10,15,180,observada
M00146-01,D00146,EG2026-PRES,ORG03,Renovacion Popular,19,113,138,10,15,180,observada
M00146-01,D00146,EG2026-PRES,ORG04,Partido del Buen Gobierno,15,113,138,10,15,180,observada
M00146-01,D00146,EG2026-PRES,ORG05,Otros,41,113,138,10,15,180,observada
M00146-02,D00146,EG2026-PRES,ORG01,Fuerza Popular,21,147,172,9,16,191,contabilizada
M00146-02,D00146,EG2026-PRES,ORG02,Juntos por el Peru,22,147,172,9,16,191,contabilizada
M00146-02,D00146,EG2026-PRES,ORG03,Renovacion Popular,24,147,172,9,16,191,contabilizada
M00146-02,D00146,EG2026-PRES,ORG04,Partido del Buen Gobierno,17,147,172,9,16,191,contabilizada
M00146-02,D00146,EG2026-PRES,ORG05,Otros,63,147,172,9,16,191,contabilizada
M00146-03,D00146,EG2026-PRES,ORG01,Fuerza Popular,28,148,170,3,19,263,contabilizada
M00146-03,D00146,EG2026-PRES,ORG02,Juntos por el Peru,27,148,170,3,19,263,contabilizada
M00146-03,D00146,EG2026-PRES,ORG03,Renovacion Popular,20,148,170,3,19,263,contabilizada
M00146-03,D00146,EG2026-PRES,ORG04,Partido del Buen Gobierno,21,148,170,3,19,263,contabilizada
M00146-03,D00146,EG2026-PRES,ORG05,Otros,52,148,170,3,19,263,contabilizada
M00147-01,D00147,EG2026-PRES,ORG01,Fuerza Popular,49,247,303,32,24,357,contabilizada
M00147-01,D00147,EG2026-PRES,ORG02,Juntos por el Peru,28,247,303,32,24,357,contabilizada
M00147-01,D00147,EG2026-PRES,ORG03,Renovacion Popular,54,247,303,32,24,357,contabilizada
M00147-01,D00147,EG2026-PRES,ORG04,Partido del Buen Gobierno,32,247,303,32,24,357,contabilizada
M00147-01,D00147,EG2026-PRES,ORG05,Otros,84,247,303,32,24,357,contabilizada
M00147-02,D00147,EG2026-PRES,ORG01,Fuerza Popular,30,178,208,15,15,313,contabilizada
M00147-02,D00147,EG2026-PRES,ORG02,Juntos por el Peru,19,178,208,15,15,313,contabilizada
M00147-02,D00147,EG2026-PRES,ORG03,Renovacion Popular,34,178,208,15,15,313,contabilizada
M00147-02,D00147,EG2026-PRES,ORG04,Partido del Buen Gobierno,20,178,208,15,15,313,contabilizada
M00147-02,D00147,EG2026-PRES,ORG05,Otros,75,178,208,15,15,313,contabilizada
M00147-03,D00147,EG2026-PRES,ORG01,Fuerza Popular,44,269,318,17,32,363,contabilizada
M00147-03,D00147,EG2026-PRES,ORG02,Juntos por el Peru,33,269,318,17,32,363,contabilizada
M00147-03,D00147,EG2026-PRES,ORG03,Renovacion Popular,49,269,318,17,32,363,contabilizada
M00147-03,D00147,EG2026-PRES,ORG04,Partido del Buen Gobierno,41,269,318,17,32,363,contabilizada
M00147-03,D00147,EG2026-PRES,ORG05,Otros,102,269,318,17,32,363,contabilizada
M00147-04,D00147,EG2026-PRES,ORG01,Fuerza Popular,46,177,225,20,28,323,contabilizada
M00147-04,D00147,EG2026-PRES,ORG02,Juntos por el Peru,21,177,225,20,28,323,contabilizada
M00147-04,D00147,EG2026-PRES,ORG03,Renovacion Popular,29,177,225,20,28,323,contabilizada
M00147-04,D00147,EG2026-PRES,ORG04,Partido del Buen Gobierno,26,177,225,20,28,323,contabilizada
M00147-04,D00147,EG2026-PRES,ORG05,Otros,55,177,225,20,28,323,contabilizada
M00147-05,D00147,EG2026-PRES,ORG01,Fuerza Popular,22,133,156,9,14,268,contabilizada
M00147-05,D00147,EG2026-PRES,ORG02,Juntos por el Peru,13,133,156,9,14,268,contabilizada
M00147-05,D00147,EG2026-PRES,ORG03,Renovacion Popular,25,133,156,9,14,268,contabilizada
M00147-05,D00147,EG2026-PRES,ORG04,Partido del Buen Gobierno,19,133,156,9,14,268,contabilizada
M00147-05,D00147,EG2026-PRES,ORG05,Otros,54,133,156,9,14,268,contabilizada
M00147-06,D00147,EG2026-PRES,ORG01,Fuerza Popular,41,276,325,9,40,398,contabilizada
M00147-06,D00147,EG2026-PRES,ORG02,Juntos por el Peru,29,276,325,9,40,398,contabilizada
M00147-06,D00147,EG2026-PRES,ORG03,Renovacion Popular,50,276,325,9,40,398,contabilizada
M00147-06,D00147,EG2026-PRES,ORG04,Partido del Buen Gobierno,26,276,325,9,40,398,contabilizada
M00147-06,D00147,EG2026-PRES,ORG05,Otros,130,276,325,9,40,398,contabilizada
M00148-01,D00148,EG2026-PRES,ORG01,Fuerza Popular,64,302,350,21,27,398,contabilizada
M00148-01,D00148,EG2026-PRES,ORG02,Juntos por el Peru,34,302,350,21,27,398,contabilizada
M00148-01,D00148,EG2026-PRES,ORG03,Renovacion Popular,49,302,350,21,27,398,contabilizada
M00148-01,D00148,EG2026-PRES,ORG04,Partido del Buen Gobierno,36,302,350,21,27,398,contabilizada
M00148-01,D00148,EG2026-PRES,ORG05,Otros,119,302,350,21,27,398,contabilizada
M00148-02,D00148,EG2026-PRES,ORG01,Fuerza Popular,24,157,190,10,23,234,contabilizada
M00148-02,D00148,EG2026-PRES,ORG02,Juntos por el Peru,15,157,190,10,23,234,contabilizada
M00148-02,D00148,EG2026-PRES,ORG03,Renovacion Popular,27,157,190,10,23,234,contabilizada
M00148-02,D00148,EG2026-PRES,ORG04,Partido del Buen Gobierno,23,157,190,10,23,234,contabilizada
M00148-02,D00148,EG2026-PRES,ORG05,Otros,68,157,190,10,23,234,contabilizada
M00148-03,D00148,EG2026-PRES,ORG01,Fuerza Popular,31,176,223,22,25,297,pendiente
M00148-03,D00148,EG2026-PRES,ORG02,Juntos por el Peru,16,176,223,22,25,297,pendiente
M00148-03,D00148,EG2026-PRES,ORG03,Renovacion Popular,30,176,223,22,25,297,pendiente
M00148-03,D00148,EG2026-PRES,ORG04,Partido del Buen Gobierno,29,176,223,22,25,297,pendiente
M00148-03,D00148,EG2026-PRES,ORG05,Otros,70,176,223,22,25,297,pendiente
M00148-04,D00148,EG2026-PRES,ORG01,Fuerza Popular,31,193,232,12,27,355,contabilizada
M00148-04,D00148,EG2026-PRES,ORG02,Juntos por el Peru,23,193,232,12,27,355,contabilizada
M00148-04,D00148,EG2026-PRES,ORG03,Renovacion Popular,34,193,232,12,27,355,contabilizada
M00148-04,D00148,EG2026-PRES,ORG04,Partido del Buen Gobierno,18,193,232,12,27,355,contabilizada
M00148-04,D00148,EG2026-PRES,ORG05,Otros,87,193,232,12,27,355,contabilizada
M00148-05,D00148,EG2026-PRES,ORG01,Fuerza Popular,34,238,283,16,29,400,contabilizada
M00148-05,D00148,EG2026-PRES,ORG02,Juntos por el Peru,25,238,283,16,29,400,contabilizada
M00148-05,D00148,EG2026-PRES,ORG03,Renovacion Popular,40,238,283,16,29,400,contabilizada
M00148-05,D00148,EG2026-PRES,ORG04,Partido del Buen Gobierno,21,238,283,16,29,400,contabilizada
M00148-05,D00148,EG2026-PRES,ORG05,Otros,118,238,283,16,29,400,contabilizada
M00149-01,D00149,EG2026-PRES,ORG01,Fuerza Popular,32,213,255,16,26,391,contabilizada
M00149-01,D00149,EG2026-PRES,ORG02,Juntos por el Peru,49,213,255,16,26,391,contabilizada
M00149-01,D00149,EG2026-PRES,ORG03,Renovacion Popular,14,213,255,16,26,391,contabilizada
M00149-01,D00149,EG2026-PRES,ORG04,Partido del Buen Gobierno,20,213,255,16,26,391,contabilizada
M00149-01,D00149,EG2026-PRES,ORG05,Otros,98,213,255,16,26,391,contabilizada
M00149-02,D00149,EG2026-PRES,ORG01,Fuerza Popular,25,211,243,15,17,344,observada
M00149-02,D00149,EG2026-PRES,ORG02,Juntos por el Peru,54,211,243,15,17,344,observada
M00149-02,D00149,EG2026-PRES,ORG03,Renovacion Popular,24,211,243,15,17,344,observada
M00149-02,D00149,EG2026-PRES,ORG04,Partido del Buen Gobierno,18,211,243,15,17,344,observada
M00149-02,D00149,EG2026-PRES,ORG05,Otros,90,211,243,15,17,344,observada
M00149-03,D00149,EG2026-PRES,ORG01,Fuerza Popular,19,141,173,11,21,241,contabilizada
M00149-03,D00149,EG2026-PRES,ORG02,Juntos por el Peru,23,141,173,11,21,241,contabilizada
M00149-03,D00149,EG2026-PRES,ORG03,Renovacion Popular,9,141,173,11,21,241,contabilizada
M00149-03,D00149,EG2026-PRES,ORG04,Partido del Buen Gobierno,15,141,173,11,21,241,contabilizada
M00149-03,D00149,EG2026-PRES,ORG05,Otros,75,141,173,11,21,241,contabilizada
M00150-01,D00150,EG2026-PRES,ORG01,Fuerza Popular,25,140,158,9,9,232,contabilizada
M00150-01,D00150,EG2026-PRES,ORG02,Juntos por el Peru,15,140,158,9,9,232,contabilizada
M00150-01,D00150,EG2026-PRES,ORG03,Renovacion Popular,18,140,158,9,9,232,contabilizada
M00150-01,D00150,EG2026-PRES,ORG04,Partido del Buen Gobierno,18,140,158,9,9,232,contabilizada
M00150-01,D00150,EG2026-PRES,ORG05,Otros,64,140,158,9,9,232,contabilizada
M00150-02,D00150,EG2026-PRES,ORG01,Fuerza Popular,50,239,274,12,23,331,contabilizada
M00150-02,D00150,EG2026-PRES,ORG02,Juntos por el Peru,43,239,274,12,23,331,contabilizada
M00150-02,D00150,EG2026-PRES,ORG03,Renovacion Popular,25,239,274,12,23,331,contabilizada
M00150-02,D00150,EG2026-PRES,ORG04,Partido del Buen Gobierno,31,239,274,12,23,331,contabilizada
M00150-02,D00150,EG2026-PRES,ORG05,Otros,90,239,274,12,23,331,contabilizada
M00150-03,D00150,EG2026-PRES,ORG01,Fuerza Popular,30,220,242,8,14,306,contabilizada
M00150-03,D00150,EG2026-PRES,ORG02,Juntos por el Peru,26,220,242,8,14,306,contabilizada
M00150-03,D00150,EG2026-PRES,ORG03,Renovacion Popular,23,220,242,8,14,306,contabilizada
M00150-03,D00150,EG2026-PRES,ORG04,Partido del Buen Gobierno,27,220,242,8,14,306,contabilizada
M00150-03,D00150,EG2026-PRES,ORG05,Otros,114,220,242,8,14,306,contabilizada
M00150-04,D00150,EG2026-PRES,ORG01,Fuerza Popular,16,132,148,8,8,205,contabilizada
M00150-04,D00150,EG2026-PRES,ORG02,Juntos por el Peru,19,132,148,8,8,205,contabilizada
M00150-04,D00150,EG2026-PRES,ORG03,Renovacion Popular,14,132,148,8,8,205,contabilizada
M00150-04,D00150,EG2026-PRES,ORG04,Partido del Buen Gobierno,15,132,148,8,8,205,contabilizada
M00150-04,D00150,EG2026-PRES,ORG05,Otros,68,132,148,8,8,205,contabilizada
M00150-05,D00150,EG2026-PRES,ORG01,Fuerza Popular,31,248,296,19,29,374,contabilizada
M00150-05,D00150,EG2026-PRES,ORG02,Juntos por el Peru,28,248,296,19,29,374,contabilizada
M00150-05,D00150,EG2026-PRES,ORG03,Renovacion Popular,33,248,296,19,29,374,contabilizada
M00150-05,D00150,EG2026-PRES,ORG04,Partido del Buen Gobierno,33,248,296,19,29,374,contabilizada
M00150-05,D00150,EG2026-PRES,ORG05,Otros,123,248,296,19,29,374,contabilizada
M00150-06,D00150,EG2026-PRES,ORG01,Fuerza Popular,63,286,324,17,21,402,contabilizada
M00150-06,D00150,EG2026-PRES,ORG02,Juntos por el Peru,39,286,324,17,21,402,contabilizada
M00150-06,D00150,EG2026-PRES,ORG03,Renovacion Popular,35,286,324,17,21,402,contabilizada
M00150-06,D00150,EG2026-PRES,ORG04,Partido del Buen Gobierno,32,286,324,17,21,402,contabilizada
M00150-06,D00150,EG2026-PRES,ORG05,Otros,117,286,324,17,21,402,contabilizada
M00151-01,D00151,EG2026-PRES,ORG01,Fuerza Popular,21,106,120,8,6,184,contabilizada
M00151-01,D00151,EG2026-PRES,ORG02,Juntos por el Peru,8,106,120,8,6,184,contabilizada
M00151-01,D00151,EG2026-PRES,ORG03,Renovacion Popular,23,106,120,8,6,184,contabilizada
M00151-01,D00151,EG2026-PRES,ORG04,Partido del Buen Gobierno,15,106,120,8,6,184,contabilizada
M00151-01,D00151,EG2026-PRES,ORG05,Otros,39,106,120,8,6,184,contabilizada
M00151-02,D00151,EG2026-PRES,ORG01,Fuerza Popular,30,227,268,18,23,373,contabilizada
M00151-02,D00151,EG2026-PRES,ORG02,Juntos por el Peru,19,227,268,18,23,373,contabilizada
M00151-02,D00151,EG2026-PRES,ORG03,Renovacion Popular,40,227,268,18,23,373,contabilizada
M00151-02,D00151,EG2026-PRES,ORG04,Partido del Buen Gobierno,39,227,268,18,23,373,contabilizada
M00151-02,D00151,EG2026-PRES,ORG05,Otros,99,227,268,18,23,373,contabilizada
M00151-03,D00151,EG2026-PRES,ORG01,Fuerza Popular,30,191,225,10,24,341,contabilizada
M00151-03,D00151,EG2026-PRES,ORG02,Juntos por el Peru,16,191,225,10,24,341,contabilizada
M00151-03,D00151,EG2026-PRES,ORG03,Renovacion Popular,28,191,225,10,24,341,contabilizada
M00151-03,D00151,EG2026-PRES,ORG04,Partido del Buen Gobierno,27,191,225,10,24,341,contabilizada
M00151-03,D00151,EG2026-PRES,ORG05,Otros,90,191,225,10,24,341,contabilizada
M00151-04,D00151,EG2026-PRES,ORG01,Fuerza Popular,42,178,205,8,19,246,contabilizada
M00151-04,D00151,EG2026-PRES,ORG02,Juntos por el Peru,14,178,205,8,19,246,contabilizada
M00151-04,D00151,EG2026-PRES,ORG03,Renovacion Popular,28,178,205,8,19,246,contabilizada
M00151-04,D00151,EG2026-PRES,ORG04,Partido del Buen Gobierno,24,178,205,8,19,246,contabilizada
M00151-04,D00151,EG2026-PRES,ORG05,Otros,70,178,205,8,19,246,contabilizada
M00152-01,D00152,EG2026-PRES,ORG01,Fuerza Popular,24,143,166,10,13,250,contabilizada
M00152-01,D00152,EG2026-PRES,ORG02,Juntos por el Peru,12,143,166,10,13,250,contabilizada
M00152-01,D00152,EG2026-PRES,ORG03,Renovacion Popular,15,143,166,10,13,250,contabilizada
M00152-01,D00152,EG2026-PRES,ORG04,Partido del Buen Gobierno,17,143,166,10,13,250,contabilizada
M00152-01,D00152,EG2026-PRES,ORG05,Otros,75,143,166,10,13,250,contabilizada
M00152-02,D00152,EG2026-PRES,ORG01,Fuerza Popular,38,234,263,11,18,371,contabilizada
M00152-02,D00152,EG2026-PRES,ORG02,Juntos por el Peru,34,234,263,11,18,371,contabilizada
M00152-02,D00152,EG2026-PRES,ORG03,Renovacion Popular,41,234,263,11,18,371,contabilizada
M00152-02,D00152,EG2026-PRES,ORG04,Partido del Buen Gobierno,35,234,263,11,18,371,contabilizada
M00152-02,D00152,EG2026-PRES,ORG05,Otros,86,234,263,11,18,371,contabilizada
M00153-01,D00153,EG2026-PRES,ORG01,Fuerza Popular,32,243,269,16,10,360,contabilizada
M00153-01,D00153,EG2026-PRES,ORG02,Juntos por el Peru,25,243,269,16,10,360,contabilizada
M00153-01,D00153,EG2026-PRES,ORG03,Renovacion Popular,38,243,269,16,10,360,contabilizada
M00153-01,D00153,EG2026-PRES,ORG04,Partido del Buen Gobierno,36,243,269,16,10,360,contabilizada
M00153-01,D00153,EG2026-PRES,ORG05,Otros,112,243,269,16,10,360,contabilizada
M00153-02,D00153,EG2026-PRES,ORG01,Fuerza Popular,47,223,272,20,29,379,contabilizada
M00153-02,D00153,EG2026-PRES,ORG02,Juntos por el Peru,29,223,272,20,29,379,contabilizada
M00153-02,D00153,EG2026-PRES,ORG03,Renovacion Popular,36,223,272,20,29,379,contabilizada
M00153-02,D00153,EG2026-PRES,ORG04,Partido del Buen Gobierno,23,223,272,20,29,379,contabilizada
M00153-02,D00153,EG2026-PRES,ORG05,Otros,88,223,272,20,29,379,contabilizada
M00153-03,D00153,EG2026-PRES,ORG01,Fuerza Popular,42,226,264,17,21,341,contabilizada
M00153-03,D00153,EG2026-PRES,ORG02,Juntos por el Peru,21,226,264,17,21,341,contabilizada
M00153-03,D00153,EG2026-PRES,ORG03,Renovacion Popular,47,226,264,17,21,341,contabilizada
M00153-03,D00153,EG2026-PRES,ORG04,Partido del Buen Gobierno,28,226,264,17,21,341,contabilizada
M00153-03,D00153,EG2026-PRES,ORG05,Otros,88,226,264,17,21,341,contabilizada
M00153-04,D00153,EG2026-PRES,ORG01,Fuerza Popular,31,158,183,13,12,226,pendiente
M00153-04,D00153,EG2026-PRES,ORG02,Juntos por el Peru,18,158,183,13,12,226,pendiente
M00153-04,D00153,EG2026-PRES,ORG03,Renovacion Popular,20,158,183,13,12,226,pendiente
M00153-04,D00153,EG2026-PRES,ORG04,Partido del Buen Gobierno,24,158,183,13,12,226,pendiente
M00153-04,D00153,EG2026-PRES,ORG05,Otros,65,158,183,13,12,226,pendiente
M00153-05,D00153,EG2026-PRES,ORG01,Fuerza Popular,44,217,270,13,40,372,contabilizada
M00153-05,D00153,EG2026-PRES,ORG02,Juntos por el Peru,24,217,270,13,40,372,contabilizada
M00153-05,D00153,EG2026-PRES,ORG03,Renovacion Popular,57,217,270,13,40,372,contabilizada
M00153-05,D00153,EG2026-PRES,ORG04,Partido del Buen Gobierno,26,217,270,13,40,372,contabilizada
M00153-05,D00153,EG2026-PRES,ORG05,Otros,66,217,270,13,40,372,contabilizada
M00154-01,D00154,EG2026-PRES,ORG01,Fuerza Popular,19,200,233,11,22,284,contabilizada
M00154-01,D00154,EG2026-PRES,ORG02,Juntos por el Peru,41,200,233,11,22,284,contabilizada
M00154-01,D00154,EG2026-PRES,ORG03,Renovacion Popular,18,200,233,11,22,284,contabilizada
M00154-01,D00154,EG2026-PRES,ORG04,Partido del Buen Gobierno,23,200,233,11,22,284,contabilizada
M00154-01,D00154,EG2026-PRES,ORG05,Otros,99,200,233,11,22,284,contabilizada
M00154-02,D00154,EG2026-PRES,ORG01,Fuerza Popular,13,92,115,9,14,183,contabilizada
M00154-02,D00154,EG2026-PRES,ORG02,Juntos por el Peru,19,92,115,9,14,183,contabilizada
M00154-02,D00154,EG2026-PRES,ORG03,Renovacion Popular,5,92,115,9,14,183,contabilizada
M00154-02,D00154,EG2026-PRES,ORG04,Partido del Buen Gobierno,15,92,115,9,14,183,contabilizada
M00154-02,D00154,EG2026-PRES,ORG05,Otros,40,92,115,9,14,183,contabilizada
M00154-03,D00154,EG2026-PRES,ORG01,Fuerza Popular,28,227,268,21,20,413,contabilizada
M00154-03,D00154,EG2026-PRES,ORG02,Juntos por el Peru,56,227,268,21,20,413,contabilizada
M00154-03,D00154,EG2026-PRES,ORG03,Renovacion Popular,21,227,268,21,20,413,contabilizada
M00154-03,D00154,EG2026-PRES,ORG04,Partido del Buen Gobierno,25,227,268,21,20,413,contabilizada
M00154-03,D00154,EG2026-PRES,ORG05,Otros,97,227,268,21,20,413,contabilizada
M00155-01,D00155,EG2026-PRES,ORG01,Fuerza Popular,17,217,243,15,11,347,observada
M00155-01,D00155,EG2026-PRES,ORG02,Juntos por el Peru,25,217,243,15,11,347,observada
M00155-01,D00155,EG2026-PRES,ORG03,Renovacion Popular,35,217,243,15,11,347,observada
M00155-01,D00155,EG2026-PRES,ORG04,Partido del Buen Gobierno,30,217,243,15,11,347,observada
M00155-01,D00155,EG2026-PRES,ORG05,Otros,110,217,243,15,11,347,observada
M00155-02,D00155,EG2026-PRES,ORG01,Fuerza Popular,44,216,264,21,27,342,contabilizada
M00155-02,D00155,EG2026-PRES,ORG02,Juntos por el Peru,18,216,264,21,27,342,contabilizada
M00155-02,D00155,EG2026-PRES,ORG03,Renovacion Popular,25,216,264,21,27,342,contabilizada
M00155-02,D00155,EG2026-PRES,ORG04,Partido del Buen Gobierno,25,216,264,21,27,342,contabilizada
M00155-02,D00155,EG2026-PRES,ORG05,Otros,104,216,264,21,27,342,contabilizada
M00155-03,D00155,EG2026-PRES,ORG01,Fuerza Popular,39,213,257,25,19,328,contabilizada
M00155-03,D00155,EG2026-PRES,ORG02,Juntos por el Peru,32,213,257,25,19,328,contabilizada
M00155-03,D00155,EG2026-PRES,ORG03,Renovacion Popular,37,213,257,25,19,328,contabilizada
M00155-03,D00155,EG2026-PRES,ORG04,Partido del Buen Gobierno,20,213,257,25,19,328,contabilizada
M00155-03,D00155,EG2026-PRES,ORG05,Otros,85,213,257,25,19,328,contabilizada
M00156-01,D00156,EG2026-PRES,ORG01,Fuerza Popular,33,196,235,15,24,334,contabilizada
M00156-01,D00156,EG2026-PRES,ORG02,Juntos por el Peru,22,196,235,15,24,334,contabilizada
M00156-01,D00156,EG2026-PRES,ORG03,Renovacion Popular,37,196,235,15,24,334,contabilizada
M00156-01,D00156,EG2026-PRES,ORG04,Partido del Buen Gobierno,29,196,235,15,24,334,contabilizada
M00156-01,D00156,EG2026-PRES,ORG05,Otros,75,196,235,15,24,334,contabilizada
M00156-02,D00156,EG2026-PRES,ORG01,Fuerza Popular,21,121,147,13,13,257,contabilizada
M00156-02,D00156,EG2026-PRES,ORG02,Juntos por el Peru,9,121,147,13,13,257,contabilizada
M00156-02,D00156,EG2026-PRES,ORG03,Renovacion Popular,19,121,147,13,13,257,contabilizada
M00156-02,D00156,EG2026-PRES,ORG04,Partido del Buen Gobierno,14,121,147,13,13,257,contabilizada
M00156-02,D00156,EG2026-PRES,ORG05,Otros,58,121,147,13,13,257,contabilizada
M00156-03,D00156,EG2026-PRES,ORG01,Fuerza Popular,41,187,215,12,16,294,contabilizada
M00156-03,D00156,EG2026-PRES,ORG02,Juntos por el Peru,18,187,215,12,16,294,contabilizada
M00156-03,D00156,EG2026-PRES,ORG03,Renovacion Popular,34,187,215,12,16,294,contabilizada
M00156-03,D00156,EG2026-PRES,ORG04,Partido del Buen Gobierno,22,187,215,12,16,294,contabilizada
M00156-03,D00156,EG2026-PRES,ORG05,Otros,72,187,215,12,16,294,contabilizada
M00156-04,D00156,EG2026-PRES,ORG01,Fuerza Popular,51,218,251,15,18,324,contabilizada
M00156-04,D00156,EG2026-PRES,ORG02,Juntos por el Peru,25,218,251,15,18,324,contabilizada
M00156-04,D00156,EG2026-PRES,ORG03,Renovacion Popular,48,218,251,15,18,324,contabilizada
M00156-04,D00156,EG2026-PRES,ORG04,Partido del Buen Gobierno,33,218,251,15,18,324,contabilizada
M00156-04,D00156,EG2026-PRES,ORG05,Otros,61,218,251,15,18,324,contabilizada
M00157-01,D00157,EG2026-PRES,ORG01,Fuerza Popular,12,111,132,8,13,183,contabilizada
M00157-01,D00157,EG2026-PRES,ORG02,Juntos por el Peru,19,111,132,8,13,183,contabilizada
M00157-01,D00157,EG2026-PRES,ORG03,Renovacion Popular,18,111,132,8,13,183,contabilizada
M00157-01,D00157,EG2026-PRES,ORG04,Partido del Buen Gobierno,10,111,132,8,13,183,contabilizada
M00157-01,D00157,EG2026-PRES,ORG05,Otros,52,111,132,8,13,183,contabilizada
M00157-02,D00157,EG2026-PRES,ORG01,Fuerza Popular,30,157,195,18,20,269,contabilizada
M00157-02,D00157,EG2026-PRES,ORG02,Juntos por el Peru,23,157,195,18,20,269,contabilizada
M00157-02,D00157,EG2026-PRES,ORG03,Renovacion Popular,18,157,195,18,20,269,contabilizada
M00157-02,D00157,EG2026-PRES,ORG04,Partido del Buen Gobierno,26,157,195,18,20,269,contabilizada
M00157-02,D00157,EG2026-PRES,ORG05,Otros,60,157,195,18,20,269,contabilizada
M00157-03,D00157,EG2026-PRES,ORG01,Fuerza Popular,47,245,281,12,24,373,contabilizada
M00157-03,D00157,EG2026-PRES,ORG02,Juntos por el Peru,32,245,281,12,24,373,contabilizada
M00157-03,D00157,EG2026-PRES,ORG03,Renovacion Popular,37,245,281,12,24,373,contabilizada
M00157-03,D00157,EG2026-PRES,ORG04,Partido del Buen Gobierno,18,245,281,12,24,373,contabilizada
M00157-03,D00157,EG2026-PRES,ORG05,Otros,111,245,281,12,24,373,contabilizada
M00157-04,D00157,EG2026-PRES,ORG01,Fuerza Popular,34,198,241,14,29,340,contabilizada
M00157-04,D00157,EG2026-PRES,ORG02,Juntos por el Peru,26,198,241,14,29,340,contabilizada
M00157-04,D00157,EG2026-PRES,ORG03,Renovacion Popular,32,198,241,14,29,340,contabilizada
M00157-04,D00157,EG2026-PRES,ORG04,Partido del Buen Gobierno,25,198,241,14,29,340,contabilizada
M00157-04,D00157,EG2026-PRES,ORG05,Otros,81,198,241,14,29,340,contabilizada
M00157-05,D00157,EG2026-PRES,ORG01,Fuerza Popular,29,148,180,13,19,251,contabilizada
M00157-05,D00157,EG2026-PRES,ORG02,Juntos por el Peru,26,148,180,13,19,251,contabilizada
M00157-05,D00157,EG2026-PRES,ORG03,Renovacion Popular,20,148,180,13,19,251,contabilizada
M00157-05,D00157,EG2026-PRES,ORG04,Partido del Buen Gobierno,15,148,180,13,19,251,contabilizada
M00157-05,D00157,EG2026-PRES,ORG05,Otros,58,148,180,13,19,251,contabilizada
M00157-06,D00157,EG2026-PRES,ORG01,Fuerza Popular,56,280,311,12,19,411,contabilizada
M00157-06,D00157,EG2026-PRES,ORG02,Juntos por el Peru,48,280,311,12,19,411,contabilizada
M00157-06,D00157,EG2026-PRES,ORG03,Renovacion Popular,35,280,311,12,19,411,contabilizada
M00157-06,D00157,EG2026-PRES,ORG04,Partido del Buen Gobierno,43,280,311,12,19,411,contabilizada
M00157-06,D00157,EG2026-PRES,ORG05,Otros,98,280,311,12,19,411,contabilizada
M00158-01,D00158,EG2026-PRES,ORG01,Fuerza Popular,21,103,127,11,13,189,contabilizada
M00158-01,D00158,EG2026-PRES,ORG02,Juntos por el Peru,13,103,127,11,13,189,contabilizada
M00158-01,D00158,EG2026-PRES,ORG03,Renovacion Popular,14,103,127,11,13,189,contabilizada
M00158-01,D00158,EG2026-PRES,ORG04,Partido del Buen Gobierno,12,103,127,11,13,189,contabilizada
M00158-01,D00158,EG2026-PRES,ORG05,Otros,43,103,127,11,13,189,contabilizada
M00158-02,D00158,EG2026-PRES,ORG01,Fuerza Popular,22,109,131,9,13,187,contabilizada
M00158-02,D00158,EG2026-PRES,ORG02,Juntos por el Peru,17,109,131,9,13,187,contabilizada
M00158-02,D00158,EG2026-PRES,ORG03,Renovacion Popular,16,109,131,9,13,187,contabilizada
M00158-02,D00158,EG2026-PRES,ORG04,Partido del Buen Gobierno,14,109,131,9,13,187,contabilizada
M00158-02,D00158,EG2026-PRES,ORG05,Otros,40,109,131,9,13,187,contabilizada
M00158-03,D00158,EG2026-PRES,ORG01,Fuerza Popular,13,95,116,6,15,194,contabilizada
M00158-03,D00158,EG2026-PRES,ORG02,Juntos por el Peru,14,95,116,6,15,194,contabilizada
M00158-03,D00158,EG2026-PRES,ORG03,Renovacion Popular,11,95,116,6,15,194,contabilizada
M00158-03,D00158,EG2026-PRES,ORG04,Partido del Buen Gobierno,11,95,116,6,15,194,contabilizada
M00158-03,D00158,EG2026-PRES,ORG05,Otros,46,95,116,6,15,194,contabilizada
M00158-04,D00158,EG2026-PRES,ORG01,Fuerza Popular,29,170,204,6,28,316,contabilizada
M00158-04,D00158,EG2026-PRES,ORG02,Juntos por el Peru,27,170,204,6,28,316,contabilizada
M00158-04,D00158,EG2026-PRES,ORG03,Renovacion Popular,22,170,204,6,28,316,contabilizada
M00158-04,D00158,EG2026-PRES,ORG04,Partido del Buen Gobierno,19,170,204,6,28,316,contabilizada
M00158-04,D00158,EG2026-PRES,ORG05,Otros,73,170,204,6,28,316,contabilizada
M00158-05,D00158,EG2026-PRES,ORG01,Fuerza Popular,34,162,189,11,16,249,contabilizada
M00158-05,D00158,EG2026-PRES,ORG02,Juntos por el Peru,25,162,189,11,16,249,contabilizada
M00158-05,D00158,EG2026-PRES,ORG03,Renovacion Popular,19,162,189,11,16,249,contabilizada
M00158-05,D00158,EG2026-PRES,ORG04,Partido del Buen Gobierno,11,162,189,11,16,249,contabilizada
M00158-05,D00158,EG2026-PRES,ORG05,Otros,73,162,189,11,16,249,contabilizada
M00159-01,D00159,EG2026-PRES,ORG01,Fuerza Popular,23,180,227,13,34,337,contabilizada
M00159-01,D00159,EG2026-PRES,ORG02,Juntos por el Peru,50,180,227,13,34,337,contabilizada
M00159-01,D00159,EG2026-PRES,ORG03,Renovacion Popular,16,180,227,13,34,337,contabilizada
M00159-01,D00159,EG2026-PRES,ORG04,Partido del Buen Gobierno,23,180,227,13,34,337,contabilizada
M00159-01,D00159,EG2026-PRES,ORG05,Otros,68,180,227,13,34,337,contabilizada
M00159-02,D00159,EG2026-PRES,ORG01,Fuerza Popular,18,145,164,9,10,207,contabilizada
M00159-02,D00159,EG2026-PRES,ORG02,Juntos por el Peru,30,145,164,9,10,207,contabilizada
M00159-02,D00159,EG2026-PRES,ORG03,Renovacion Popular,8,145,164,9,10,207,contabilizada
M00159-02,D00159,EG2026-PRES,ORG04,Partido del Buen Gobierno,14,145,164,9,10,207,contabilizada
M00159-02,D00159,EG2026-PRES,ORG05,Otros,75,145,164,9,10,207,contabilizada
M00159-03,D00159,EG2026-PRES,ORG01,Fuerza Popular,17,119,148,16,13,196,contabilizada
M00159-03,D00159,EG2026-PRES,ORG02,Juntos por el Peru,37,119,148,16,13,196,contabilizada
M00159-03,D00159,EG2026-PRES,ORG03,Renovacion Popular,8,119,148,16,13,196,contabilizada
M00159-03,D00159,EG2026-PRES,ORG04,Partido del Buen Gobierno,11,119,148,16,13,196,contabilizada
M00159-03,D00159,EG2026-PRES,ORG05,Otros,46,119,148,16,13,196,contabilizada
M00159-04,D00159,EG2026-PRES,ORG01,Fuerza Popular,21,190,220,10,20,279,contabilizada
M00159-04,D00159,EG2026-PRES,ORG02,Juntos por el Peru,37,190,220,10,20,279,contabilizada
M00159-04,D00159,EG2026-PRES,ORG03,Renovacion Popular,19,190,220,10,20,279,contabilizada
M00159-04,D00159,EG2026-PRES,ORG04,Partido del Buen Gobierno,24,190,220,10,20,279,contabilizada
M00159-04,D00159,EG2026-PRES,ORG05,Otros,89,190,220,10,20,279,contabilizada
M00160-01,D00160,EG2026-PRES,ORG01,Fuerza Popular,18,105,123,4,14,192,observada
M00160-01,D00160,EG2026-PRES,ORG02,Juntos por el Peru,15,105,123,4,14,192,observada
M00160-01,D00160,EG2026-PRES,ORG03,Renovacion Popular,18,105,123,4,14,192,observada
M00160-01,D00160,EG2026-PRES,ORG04,Partido del Buen Gobierno,11,105,123,4,14,192,observada
M00160-01,D00160,EG2026-PRES,ORG05,Otros,43,105,123,4,14,192,observada
M00160-02,D00160,EG2026-PRES,ORG01,Fuerza Popular,25,141,164,8,15,247,contabilizada
M00160-02,D00160,EG2026-PRES,ORG02,Juntos por el Peru,16,141,164,8,15,247,contabilizada
M00160-02,D00160,EG2026-PRES,ORG03,Renovacion Popular,18,141,164,8,15,247,contabilizada
M00160-02,D00160,EG2026-PRES,ORG04,Partido del Buen Gobierno,13,141,164,8,15,247,contabilizada
M00160-02,D00160,EG2026-PRES,ORG05,Otros,69,141,164,8,15,247,contabilizada
M00160-03,D00160,EG2026-PRES,ORG01,Fuerza Popular,26,222,252,10,20,338,contabilizada
M00160-03,D00160,EG2026-PRES,ORG02,Juntos por el Peru,35,222,252,10,20,338,contabilizada
M00160-03,D00160,EG2026-PRES,ORG03,Renovacion Popular,31,222,252,10,20,338,contabilizada
M00160-03,D00160,EG2026-PRES,ORG04,Partido del Buen Gobierno,28,222,252,10,20,338,contabilizada
M00160-03,D00160,EG2026-PRES,ORG05,Otros,102,222,252,10,20,338,contabilizada
M00160-04,D00160,EG2026-PRES,ORG01,Fuerza Popular,26,184,216,19,13,341,contabilizada
M00160-04,D00160,EG2026-PRES,ORG02,Juntos por el Peru,23,184,216,19,13,341,contabilizada
M00160-04,D00160,EG2026-PRES,ORG03,Renovacion Popular,17,184,216,19,13,341,contabilizada
M00160-04,D00160,EG2026-PRES,ORG04,Partido del Buen Gobierno,23,184,216,19,13,341,contabilizada
M00160-04,D00160,EG2026-PRES,ORG05,Otros,95,184,216,19,13,341,contabilizada
M00161-01,D00161,EG2026-PRES,ORG01,Fuerza Popular,42,179,189,4,6,242,contabilizada
M00161-01,D00161,EG2026-PRES,ORG02,Juntos por el Peru,23,179,189,4,6,242,contabilizada
M00161-01,D00161,EG2026-PRES,ORG03,Renovacion Popular,29,179,189,4,6,242,contabilizada
M00161-01,D00161,EG2026-PRES,ORG04,Partido del Buen Gobierno,27,179,189,4,6,242,contabilizada
M00161-01,D00161,EG2026-PRES,ORG05,Otros,58,179,189,4,6,242,contabilizada
M00161-02,D00161,EG2026-PRES,ORG01,Fuerza Popular,34,191,223,9,23,321,contabilizada
M00161-02,D00161,EG2026-PRES,ORG02,Juntos por el Peru,23,191,223,9,23,321,contabilizada
M00161-02,D00161,EG2026-PRES,ORG03,Renovacion Popular,28,191,223,9,23,321,contabilizada
M00161-02,D00161,EG2026-PRES,ORG04,Partido del Buen Gobierno,22,191,223,9,23,321,contabilizada
M00161-02,D00161,EG2026-PRES,ORG05,Otros,84,191,223,9,23,321,contabilizada
M00161-03,D00161,EG2026-PRES,ORG01,Fuerza Popular,41,184,219,13,22,319,contabilizada
M00161-03,D00161,EG2026-PRES,ORG02,Juntos por el Peru,38,184,219,13,22,319,contabilizada
M00161-03,D00161,EG2026-PRES,ORG03,Renovacion Popular,14,184,219,13,22,319,contabilizada
M00161-03,D00161,EG2026-PRES,ORG04,Partido del Buen Gobierno,21,184,219,13,22,319,contabilizada
M00161-03,D00161,EG2026-PRES,ORG05,Otros,70,184,219,13,22,319,contabilizada
M00161-04,D00161,EG2026-PRES,ORG01,Fuerza Popular,21,118,138,7,13,185,contabilizada
M00161-04,D00161,EG2026-PRES,ORG02,Juntos por el Peru,20,118,138,7,13,185,contabilizada
M00161-04,D00161,EG2026-PRES,ORG03,Renovacion Popular,15,118,138,7,13,185,contabilizada
M00161-04,D00161,EG2026-PRES,ORG04,Partido del Buen Gobierno,13,118,138,7,13,185,contabilizada
M00161-04,D00161,EG2026-PRES,ORG05,Otros,49,118,138,7,13,185,contabilizada
M00162-01,D00162,EG2026-PRES,ORG01,Fuerza Popular,15,122,146,9,15,195,contabilizada
M00162-01,D00162,EG2026-PRES,ORG02,Juntos por el Peru,27,122,146,9,15,195,contabilizada
M00162-01,D00162,EG2026-PRES,ORG03,Renovacion Popular,10,122,146,9,15,195,contabilizada
M00162-01,D00162,EG2026-PRES,ORG04,Partido del Buen Gobierno,16,122,146,9,15,195,contabilizada
M00162-01,D00162,EG2026-PRES,ORG05,Otros,54,122,146,9,15,195,contabilizada
M00162-02,D00162,EG2026-PRES,ORG01,Fuerza Popular,49,283,323,10,30,409,contabilizada
M00162-02,D00162,EG2026-PRES,ORG02,Juntos por el Peru,64,283,323,10,30,409,contabilizada
M00162-02,D00162,EG2026-PRES,ORG03,Renovacion Popular,25,283,323,10,30,409,contabilizada
M00162-02,D00162,EG2026-PRES,ORG04,Partido del Buen Gobierno,36,283,323,10,30,409,contabilizada
M00162-02,D00162,EG2026-PRES,ORG05,Otros,109,283,323,10,30,409,contabilizada
M00162-03,D00162,EG2026-PRES,ORG01,Fuerza Popular,14,110,135,8,17,214,contabilizada
M00162-03,D00162,EG2026-PRES,ORG02,Juntos por el Peru,29,110,135,8,17,214,contabilizada
M00162-03,D00162,EG2026-PRES,ORG03,Renovacion Popular,8,110,135,8,17,214,contabilizada
M00162-03,D00162,EG2026-PRES,ORG04,Partido del Buen Gobierno,15,110,135,8,17,214,contabilizada
M00162-03,D00162,EG2026-PRES,ORG05,Otros,44,110,135,8,17,214,contabilizada
M00163-01,D00163,EG2026-PRES,ORG01,Fuerza Popular,42,250,298,18,30,417,contabilizada
M00163-01,D00163,EG2026-PRES,ORG02,Juntos por el Peru,56,250,298,18,30,417,contabilizada
M00163-01,D00163,EG2026-PRES,ORG03,Renovacion Popular,17,250,298,18,30,417,contabilizada
M00163-01,D00163,EG2026-PRES,ORG04,Partido del Buen Gobierno,33,250,298,18,30,417,contabilizada
M00163-01,D00163,EG2026-PRES,ORG05,Otros,102,250,298,18,30,417,contabilizada
M00163-02,D00163,EG2026-PRES,ORG01,Fuerza Popular,25,169,208,17,22,313,contabilizada
M00163-02,D00163,EG2026-PRES,ORG02,Juntos por el Peru,32,169,208,17,22,313,contabilizada
M00163-02,D00163,EG2026-PRES,ORG03,Renovacion Popular,10,169,208,17,22,313,contabilizada
M00163-02,D00163,EG2026-PRES,ORG04,Partido del Buen Gobierno,14,169,208,17,22,313,contabilizada
M00163-02,D00163,EG2026-PRES,ORG05,Otros,88,169,208,17,22,313,contabilizada
M00163-03,D00163,EG2026-PRES,ORG01,Fuerza Popular,33,277,326,20,29,406,contabilizada
M00163-03,D00163,EG2026-PRES,ORG02,Juntos por el Peru,69,277,326,20,29,406,contabilizada
M00163-03,D00163,EG2026-PRES,ORG03,Renovacion Popular,23,277,326,20,29,406,contabilizada
M00163-03,D00163,EG2026-PRES,ORG04,Partido del Buen Gobierno,20,277,326,20,29,406,contabilizada
M00163-03,D00163,EG2026-PRES,ORG05,Otros,132,277,326,20,29,406,contabilizada
M00163-04,D00163,EG2026-PRES,ORG01,Fuerza Popular,29,232,275,17,26,343,contabilizada
M00163-04,D00163,EG2026-PRES,ORG02,Juntos por el Peru,62,232,275,17,26,343,contabilizada
M00163-04,D00163,EG2026-PRES,ORG03,Renovacion Popular,18,232,275,17,26,343,contabilizada
M00163-04,D00163,EG2026-PRES,ORG04,Partido del Buen Gobierno,32,232,275,17,26,343,contabilizada
M00163-04,D00163,EG2026-PRES,ORG05,Otros,91,232,275,17,26,343,contabilizada
M00163-05,D00163,EG2026-PRES,ORG01,Fuerza Popular,31,228,267,17,22,354,contabilizada
M00163-05,D00163,EG2026-PRES,ORG02,Juntos por el Peru,45,228,267,17,22,354,contabilizada
M00163-05,D00163,EG2026-PRES,ORG03,Renovacion Popular,22,228,267,17,22,354,contabilizada
M00163-05,D00163,EG2026-PRES,ORG04,Partido del Buen Gobierno,27,228,267,17,22,354,contabilizada
M00163-05,D00163,EG2026-PRES,ORG05,Otros,103,228,267,17,22,354,contabilizada
M00163-06,D00163,EG2026-PRES,ORG01,Fuerza Popular,21,118,139,6,15,181,contabilizada
M00163-06,D00163,EG2026-PRES,ORG02,Juntos por el Peru,25,118,139,6,15,181,contabilizada
M00163-06,D00163,EG2026-PRES,ORG03,Renovacion Popular,9,118,139,6,15,181,contabilizada
M00163-06,D00163,EG2026-PRES,ORG04,Partido del Buen Gobierno,13,118,139,6,15,181,contabilizada
M00163-06,D00163,EG2026-PRES,ORG05,Otros,50,118,139,6,15,181,contabilizada
M00164-01,D00164,EG2026-PRES,ORG01,Fuerza Popular,32,180,209,12,17,275,contabilizada
M00164-01,D00164,EG2026-PRES,ORG02,Juntos por el Peru,29,180,209,12,17,275,contabilizada
M00164-01,D00164,EG2026-PRES,ORG03,Renovacion Popular,27,180,209,12,17,275,contabilizada
M00164-01,D00164,EG2026-PRES,ORG04,Partido del Buen Gobierno,25,180,209,12,17,275,contabilizada
M00164-01,D00164,EG2026-PRES,ORG05,Otros,67,180,209,12,17,275,contabilizada
M00164-02,D00164,EG2026-PRES,ORG01,Fuerza Popular,16,161,186,12,13,237,contabilizada
M00164-02,D00164,EG2026-PRES,ORG02,Juntos por el Peru,17,161,186,12,13,237,contabilizada
M00164-02,D00164,EG2026-PRES,ORG03,Renovacion Popular,21,161,186,12,13,237,contabilizada
M00164-02,D00164,EG2026-PRES,ORG04,Partido del Buen Gobierno,19,161,186,12,13,237,contabilizada
M00164-02,D00164,EG2026-PRES,ORG05,Otros,88,161,186,12,13,237,contabilizada
M00165-01,D00165,EG2026-PRES,ORG01,Fuerza Popular,31,221,260,10,29,380,contabilizada
M00165-01,D00165,EG2026-PRES,ORG02,Juntos por el Peru,42,221,260,10,29,380,contabilizada
M00165-01,D00165,EG2026-PRES,ORG03,Renovacion Popular,21,221,260,10,29,380,contabilizada
M00165-01,D00165,EG2026-PRES,ORG04,Partido del Buen Gobierno,27,221,260,10,29,380,contabilizada
M00165-01,D00165,EG2026-PRES,ORG05,Otros,100,221,260,10,29,380,contabilizada
M00165-02,D00165,EG2026-PRES,ORG01,Fuerza Popular,32,216,253,16,21,328,contabilizada
M00165-02,D00165,EG2026-PRES,ORG02,Juntos por el Peru,36,216,253,16,21,328,contabilizada
M00165-02,D00165,EG2026-PRES,ORG03,Renovacion Popular,19,216,253,16,21,328,contabilizada
M00165-02,D00165,EG2026-PRES,ORG04,Partido del Buen Gobierno,25,216,253,16,21,328,contabilizada
M00165-02,D00165,EG2026-PRES,ORG05,Otros,104,216,253,16,21,328,contabilizada
M00165-03,D00165,EG2026-PRES,ORG01,Fuerza Popular,39,241,287,16,30,409,contabilizada
M00165-03,D00165,EG2026-PRES,ORG02,Juntos por el Peru,47,241,287,16,30,409,contabilizada
M00165-03,D00165,EG2026-PRES,ORG03,Renovacion Popular,19,241,287,16,30,409,contabilizada
M00165-03,D00165,EG2026-PRES,ORG04,Partido del Buen Gobierno,36,241,287,16,30,409,contabilizada
M00165-03,D00165,EG2026-PRES,ORG05,Otros,100,241,287,16,30,409,contabilizada
M00166-01,D00166,EG2026-PRES,ORG01,Fuerza Popular,33,208,246,10,28,296,contabilizada
M00166-01,D00166,EG2026-PRES,ORG02,Juntos por el Peru,21,208,246,10,28,296,contabilizada
M00166-01,D00166,EG2026-PRES,ORG03,Renovacion Popular,26,208,246,10,28,296,contabilizada
M00166-01,D00166,EG2026-PRES,ORG04,Partido del Buen Gobierno,27,208,246,10,28,296,contabilizada
M00166-01,D00166,EG2026-PRES,ORG05,Otros,101,208,246,10,28,296,contabilizada
M00166-02,D00166,EG2026-PRES,ORG01,Fuerza Popular,30,223,266,19,24,402,contabilizada
M00166-02,D00166,EG2026-PRES,ORG02,Juntos por el Peru,30,223,266,19,24,402,contabilizada
M00166-02,D00166,EG2026-PRES,ORG03,Renovacion Popular,35,223,266,19,24,402,contabilizada
M00166-02,D00166,EG2026-PRES,ORG04,Partido del Buen Gobierno,26,223,266,19,24,402,contabilizada
M00166-02,D00166,EG2026-PRES,ORG05,Otros,102,223,266,19,24,402,contabilizada
M00167-01,D00167,EG2026-PRES,ORG01,Fuerza Popular,19,106,127,11,10,195,contabilizada
M00167-01,D00167,EG2026-PRES,ORG02,Juntos por el Peru,13,106,127,11,10,195,contabilizada
M00167-01,D00167,EG2026-PRES,ORG03,Renovacion Popular,16,106,127,11,10,195,contabilizada
M00167-01,D00167,EG2026-PRES,ORG04,Partido del Buen Gobierno,9,106,127,11,10,195,contabilizada
M00167-01,D00167,EG2026-PRES,ORG05,Otros,49,106,127,11,10,195,contabilizada
M00167-02,D00167,EG2026-PRES,ORG01,Fuerza Popular,22,157,181,11,13,257,contabilizada
M00167-02,D00167,EG2026-PRES,ORG02,Juntos por el Peru,23,157,181,11,13,257,contabilizada
M00167-02,D00167,EG2026-PRES,ORG03,Renovacion Popular,16,157,181,11,13,257,contabilizada
M00167-02,D00167,EG2026-PRES,ORG04,Partido del Buen Gobierno,18,157,181,11,13,257,contabilizada
M00167-02,D00167,EG2026-PRES,ORG05,Otros,78,157,181,11,13,257,contabilizada
M00167-03,D00167,EG2026-PRES,ORG01,Fuerza Popular,26,136,156,9,11,218,contabilizada
M00167-03,D00167,EG2026-PRES,ORG02,Juntos por el Peru,19,136,156,9,11,218,contabilizada
M00167-03,D00167,EG2026-PRES,ORG03,Renovacion Popular,22,136,156,9,11,218,contabilizada
M00167-03,D00167,EG2026-PRES,ORG04,Partido del Buen Gobierno,17,136,156,9,11,218,contabilizada
M00167-03,D00167,EG2026-PRES,ORG05,Otros,52,136,156,9,11,218,contabilizada
M00168-01,D00168,EG2026-PRES,ORG01,Fuerza Popular,41,217,234,10,7,355,contabilizada
M00168-01,D00168,EG2026-PRES,ORG02,Juntos por el Peru,21,217,234,10,7,355,contabilizada
M00168-01,D00168,EG2026-PRES,ORG03,Renovacion Popular,25,217,234,10,7,355,contabilizada
M00168-01,D00168,EG2026-PRES,ORG04,Partido del Buen Gobierno,28,217,234,10,7,355,contabilizada
M00168-01,D00168,EG2026-PRES,ORG05,Otros,102,217,234,10,7,355,contabilizada
M00168-02,D00168,EG2026-PRES,ORG01,Fuerza Popular,20,128,151,12,11,229,contabilizada
M00168-02,D00168,EG2026-PRES,ORG02,Juntos por el Peru,14,128,151,12,11,229,contabilizada
M00168-02,D00168,EG2026-PRES,ORG03,Renovacion Popular,17,128,151,12,11,229,contabilizada
M00168-02,D00168,EG2026-PRES,ORG04,Partido del Buen Gobierno,15,128,151,12,11,229,contabilizada
M00168-02,D00168,EG2026-PRES,ORG05,Otros,62,128,151,12,11,229,contabilizada
M00168-03,D00168,EG2026-PRES,ORG01,Fuerza Popular,42,227,266,17,22,346,contabilizada
M00168-03,D00168,EG2026-PRES,ORG02,Juntos por el Peru,33,227,266,17,22,346,contabilizada
M00168-03,D00168,EG2026-PRES,ORG03,Renovacion Popular,23,227,266,17,22,346,contabilizada
M00168-03,D00168,EG2026-PRES,ORG04,Partido del Buen Gobierno,31,227,266,17,22,346,contabilizada
M00168-03,D00168,EG2026-PRES,ORG05,Otros,98,227,266,17,22,346,contabilizada
M00168-04,D00168,EG2026-PRES,ORG01,Fuerza Popular,33,236,273,11,26,405,contabilizada
M00168-04,D00168,EG2026-PRES,ORG02,Juntos por el Peru,31,236,273,11,26,405,contabilizada
M00168-04,D00168,EG2026-PRES,ORG03,Renovacion Popular,36,236,273,11,26,405,contabilizada
M00168-04,D00168,EG2026-PRES,ORG04,Partido del Buen Gobierno,27,236,273,11,26,405,contabilizada
M00168-04,D00168,EG2026-PRES,ORG05,Otros,109,236,273,11,26,405,contabilizada
M00168-05,D00168,EG2026-PRES,ORG01,Fuerza Popular,35,196,238,15,27,281,contabilizada
M00168-05,D00168,EG2026-PRES,ORG02,Juntos por el Peru,24,196,238,15,27,281,contabilizada
M00168-05,D00168,EG2026-PRES,ORG03,Renovacion Popular,35,196,238,15,27,281,contabilizada
M00168-05,D00168,EG2026-PRES,ORG04,Partido del Buen Gobierno,29,196,238,15,27,281,contabilizada
M00168-05,D00168,EG2026-PRES,ORG05,Otros,73,196,238,15,27,281,contabilizada
M00169-01,D00169,EG2026-PRES,ORG01,Fuerza Popular,32,257,308,19,32,397,contabilizada
M00169-01,D00169,EG2026-PRES,ORG02,Juntos por el Peru,66,257,308,19,32,397,contabilizada
M00169-01,D00169,EG2026-PRES,ORG03,Renovacion Popular,19,257,308,19,32,397,contabilizada
M00169-01,D00169,EG2026-PRES,ORG04,Partido del Buen Gobierno,24,257,308,19,32,397,contabilizada
M00169-01,D00169,EG2026-PRES,ORG05,Otros,116,257,308,19,32,397,contabilizada
M00169-02,D00169,EG2026-PRES,ORG01,Fuerza Popular,23,181,217,17,19,284,contabilizada
M00169-02,D00169,EG2026-PRES,ORG02,Juntos por el Peru,36,181,217,17,19,284,contabilizada
M00169-02,D00169,EG2026-PRES,ORG03,Renovacion Popular,16,181,217,17,19,284,contabilizada
M00169-02,D00169,EG2026-PRES,ORG04,Partido del Buen Gobierno,24,181,217,17,19,284,contabilizada
M00169-02,D00169,EG2026-PRES,ORG05,Otros,82,181,217,17,19,284,contabilizada
M00169-03,D00169,EG2026-PRES,ORG01,Fuerza Popular,24,191,232,13,28,376,contabilizada
M00169-03,D00169,EG2026-PRES,ORG02,Juntos por el Peru,43,191,232,13,28,376,contabilizada
M00169-03,D00169,EG2026-PRES,ORG03,Renovacion Popular,11,191,232,13,28,376,contabilizada
M00169-03,D00169,EG2026-PRES,ORG04,Partido del Buen Gobierno,22,191,232,13,28,376,contabilizada
M00169-03,D00169,EG2026-PRES,ORG05,Otros,91,191,232,13,28,376,contabilizada
M00169-04,D00169,EG2026-PRES,ORG01,Fuerza Popular,17,152,181,4,25,224,contabilizada
M00169-04,D00169,EG2026-PRES,ORG02,Juntos por el Peru,34,152,181,4,25,224,contabilizada
M00169-04,D00169,EG2026-PRES,ORG03,Renovacion Popular,8,152,181,4,25,224,contabilizada
M00169-04,D00169,EG2026-PRES,ORG04,Partido del Buen Gobierno,18,152,181,4,25,224,contabilizada
M00169-04,D00169,EG2026-PRES,ORG05,Otros,75,152,181,4,25,224,contabilizada
M00169-05,D00169,EG2026-PRES,ORG01,Fuerza Popular,29,195,228,13,20,290,contabilizada
M00169-05,D00169,EG2026-PRES,ORG02,Juntos por el Peru,42,195,228,13,20,290,contabilizada
M00169-05,D00169,EG2026-PRES,ORG03,Renovacion Popular,17,195,228,13,20,290,contabilizada
M00169-05,D00169,EG2026-PRES,ORG04,Partido del Buen Gobierno,28,195,228,13,20,290,contabilizada
M00169-05,D00169,EG2026-PRES,ORG05,Otros,79,195,228,13,20,290,contabilizada
M00169-06,D00169,EG2026-PRES,ORG01,Fuerza Popular,43,224,252,11,17,355,pendiente
M00169-06,D00169,EG2026-PRES,ORG02,Juntos por el Peru,53,224,252,11,17,355,pendiente
M00169-06,D00169,EG2026-PRES,ORG03,Renovacion Popular,20,224,252,11,17,355,pendiente
M00169-06,D00169,EG2026-PRES,ORG04,Partido del Buen Gobierno,27,224,252,11,17,355,pendiente
M00169-06,D00169,EG2026-PRES,ORG05,Otros,81,224,252,11,17,355,pendiente
M00170-01,D00170,EG2026-PRES,ORG01,Fuerza Popular,37,187,217,14,16,298,contabilizada
M00170-01,D00170,EG2026-PRES,ORG02,Juntos por el Peru,26,187,217,14,16,298,contabilizada
M00170-01,D00170,EG2026-PRES,ORG03,Renovacion Popular,27,187,217,14,16,298,contabilizada
M00170-01,D00170,EG2026-PRES,ORG04,Partido del Buen Gobierno,24,187,217,14,16,298,contabilizada
M00170-01,D00170,EG2026-PRES,ORG05,Otros,73,187,217,14,16,298,contabilizada
M00170-02,D00170,EG2026-PRES,ORG01,Fuerza Popular,20,200,235,16,19,318,contabilizada
M00170-02,D00170,EG2026-PRES,ORG02,Juntos por el Peru,28,200,235,16,19,318,contabilizada
M00170-02,D00170,EG2026-PRES,ORG03,Renovacion Popular,30,200,235,16,19,318,contabilizada
M00170-02,D00170,EG2026-PRES,ORG04,Partido del Buen Gobierno,26,200,235,16,19,318,contabilizada
M00170-02,D00170,EG2026-PRES,ORG05,Otros,96,200,235,16,19,318,contabilizada
M00170-03,D00170,EG2026-PRES,ORG01,Fuerza Popular,39,215,264,13,36,407,contabilizada
M00170-03,D00170,EG2026-PRES,ORG02,Juntos por el Peru,34,215,264,13,36,407,contabilizada
M00170-03,D00170,EG2026-PRES,ORG03,Renovacion Popular,40,215,264,13,36,407,contabilizada
M00170-03,D00170,EG2026-PRES,ORG04,Partido del Buen Gobierno,24,215,264,13,36,407,contabilizada
M00170-03,D00170,EG2026-PRES,ORG05,Otros,78,215,264,13,36,407,contabilizada
M00170-04,D00170,EG2026-PRES,ORG01,Fuerza Popular,27,141,160,6,13,245,contabilizada
M00170-04,D00170,EG2026-PRES,ORG02,Juntos por el Peru,18,141,160,6,13,245,contabilizada
M00170-04,D00170,EG2026-PRES,ORG03,Renovacion Popular,16,141,160,6,13,245,contabilizada
M00170-04,D00170,EG2026-PRES,ORG04,Partido del Buen Gobierno,15,141,160,6,13,245,contabilizada
M00170-04,D00170,EG2026-PRES,ORG05,Otros,65,141,160,6,13,245,contabilizada
M00170-05,D00170,EG2026-PRES,ORG01,Fuerza Popular,34,217,241,17,7,276,contabilizada
M00170-05,D00170,EG2026-PRES,ORG02,Juntos por el Peru,31,217,241,17,7,276,contabilizada
M00170-05,D00170,EG2026-PRES,ORG03,Renovacion Popular,26,217,241,17,7,276,contabilizada
M00170-05,D00170,EG2026-PRES,ORG04,Partido del Buen Gobierno,30,217,241,17,7,276,contabilizada
M00170-05,D00170,EG2026-PRES,ORG05,Otros,96,217,241,17,7,276,contabilizada
M00171-01,D00171,EG2026-PRES,ORG01,Fuerza Popular,49,251,288,16,21,377,contabilizada
M00171-01,D00171,EG2026-PRES,ORG02,Juntos por el Peru,40,251,288,16,21,377,contabilizada
M00171-01,D00171,EG2026-PRES,ORG03,Renovacion Popular,37,251,288,16,21,377,contabilizada
M00171-01,D00171,EG2026-PRES,ORG04,Partido del Buen Gobierno,28,251,288,16,21,377,contabilizada
M00171-01,D00171,EG2026-PRES,ORG05,Otros,97,251,288,16,21,377,contabilizada
M00171-02,D00171,EG2026-PRES,ORG01,Fuerza Popular,50,193,215,8,14,289,contabilizada
M00171-02,D00171,EG2026-PRES,ORG02,Juntos por el Peru,26,193,215,8,14,289,contabilizada
M00171-02,D00171,EG2026-PRES,ORG03,Renovacion Popular,18,193,215,8,14,289,contabilizada
M00171-02,D00171,EG2026-PRES,ORG04,Partido del Buen Gobierno,20,193,215,8,14,289,contabilizada
M00171-02,D00171,EG2026-PRES,ORG05,Otros,79,193,215,8,14,289,contabilizada
M00171-03,D00171,EG2026-PRES,ORG01,Fuerza Popular,56,241,267,10,16,344,contabilizada
M00171-03,D00171,EG2026-PRES,ORG02,Juntos por el Peru,42,241,267,10,16,344,contabilizada
M00171-03,D00171,EG2026-PRES,ORG03,Renovacion Popular,43,241,267,10,16,344,contabilizada
M00171-03,D00171,EG2026-PRES,ORG04,Partido del Buen Gobierno,27,241,267,10,16,344,contabilizada
M00171-03,D00171,EG2026-PRES,ORG05,Otros,73,241,267,10,16,344,contabilizada
M00171-04,D00171,EG2026-PRES,ORG01,Fuerza Popular,29,231,275,19,25,352,contabilizada
M00171-04,D00171,EG2026-PRES,ORG02,Juntos por el Peru,29,231,275,19,25,352,contabilizada
M00171-04,D00171,EG2026-PRES,ORG03,Renovacion Popular,30,231,275,19,25,352,contabilizada
M00171-04,D00171,EG2026-PRES,ORG04,Partido del Buen Gobierno,32,231,275,19,25,352,contabilizada
M00171-04,D00171,EG2026-PRES,ORG05,Otros,111,231,275,19,25,352,contabilizada
M00172-01,D00172,EG2026-PRES,ORG01,Fuerza Popular,28,116,133,6,11,192,contabilizada
M00172-01,D00172,EG2026-PRES,ORG02,Juntos por el Peru,11,116,133,6,11,192,contabilizada
M00172-01,D00172,EG2026-PRES,ORG03,Renovacion Popular,15,116,133,6,11,192,contabilizada
M00172-01,D00172,EG2026-PRES,ORG04,Partido del Buen Gobierno,17,116,133,6,11,192,contabilizada
M00172-01,D00172,EG2026-PRES,ORG05,Otros,45,116,133,6,11,192,contabilizada
M00172-02,D00172,EG2026-PRES,ORG01,Fuerza Popular,27,139,169,12,18,199,contabilizada
M00172-02,D00172,EG2026-PRES,ORG02,Juntos por el Peru,17,139,169,12,18,199,contabilizada
M00172-02,D00172,EG2026-PRES,ORG03,Renovacion Popular,32,139,169,12,18,199,contabilizada
M00172-02,D00172,EG2026-PRES,ORG04,Partido del Buen Gobierno,19,139,169,12,18,199,contabilizada
M00172-02,D00172,EG2026-PRES,ORG05,Otros,44,139,169,12,18,199,contabilizada
M00172-03,D00172,EG2026-PRES,ORG01,Fuerza Popular,51,235,271,22,14,419,contabilizada
M00172-03,D00172,EG2026-PRES,ORG02,Juntos por el Peru,22,235,271,22,14,419,contabilizada
M00172-03,D00172,EG2026-PRES,ORG03,Renovacion Popular,32,235,271,22,14,419,contabilizada
M00172-03,D00172,EG2026-PRES,ORG04,Partido del Buen Gobierno,28,235,271,22,14,419,contabilizada
M00172-03,D00172,EG2026-PRES,ORG05,Otros,102,235,271,22,14,419,contabilizada
M00173-01,D00173,EG2026-PRES,ORG01,Fuerza Popular,37,156,188,12,20,261,observada
M00173-01,D00173,EG2026-PRES,ORG02,Juntos por el Peru,16,156,188,12,20,261,observada
M00173-01,D00173,EG2026-PRES,ORG03,Renovacion Popular,21,156,188,12,20,261,observada
M00173-01,D00173,EG2026-PRES,ORG04,Partido del Buen Gobierno,24,156,188,12,20,261,observada
M00173-01,D00173,EG2026-PRES,ORG05,Otros,58,156,188,12,20,261,observada
M00173-02,D00173,EG2026-PRES,ORG01,Fuerza Popular,42,195,232,10,27,323,contabilizada
M00173-02,D00173,EG2026-PRES,ORG02,Juntos por el Peru,22,195,232,10,27,323,contabilizada
M00173-02,D00173,EG2026-PRES,ORG03,Renovacion Popular,29,195,232,10,27,323,contabilizada
M00173-02,D00173,EG2026-PRES,ORG04,Partido del Buen Gobierno,29,195,232,10,27,323,contabilizada
M00173-02,D00173,EG2026-PRES,ORG05,Otros,73,195,232,10,27,323,contabilizada
M00173-03,D00173,EG2026-PRES,ORG01,Fuerza Popular,41,192,227,8,27,252,contabilizada
M00173-03,D00173,EG2026-PRES,ORG02,Juntos por el Peru,18,192,227,8,27,252,contabilizada
M00173-03,D00173,EG2026-PRES,ORG03,Renovacion Popular,38,192,227,8,27,252,contabilizada
M00173-03,D00173,EG2026-PRES,ORG04,Partido del Buen Gobierno,25,192,227,8,27,252,contabilizada
M00173-03,D00173,EG2026-PRES,ORG05,Otros,70,192,227,8,27,252,contabilizada
M00174-01,D00174,EG2026-PRES,ORG01,Fuerza Popular,39,181,222,14,27,287,pendiente
M00174-01,D00174,EG2026-PRES,ORG02,Juntos por el Peru,20,181,222,14,27,287,pendiente
M00174-01,D00174,EG2026-PRES,ORG03,Renovacion Popular,19,181,222,14,27,287,pendiente
M00174-01,D00174,EG2026-PRES,ORG04,Partido del Buen Gobierno,24,181,222,14,27,287,pendiente
M00174-01,D00174,EG2026-PRES,ORG05,Otros,79,181,222,14,27,287,pendiente
M00174-02,D00174,EG2026-PRES,ORG01,Fuerza Popular,25,173,209,16,20,285,contabilizada
M00174-02,D00174,EG2026-PRES,ORG02,Juntos por el Peru,22,173,209,16,20,285,contabilizada
M00174-02,D00174,EG2026-PRES,ORG03,Renovacion Popular,19,173,209,16,20,285,contabilizada
M00174-02,D00174,EG2026-PRES,ORG04,Partido del Buen Gobierno,21,173,209,16,20,285,contabilizada
M00174-02,D00174,EG2026-PRES,ORG05,Otros,86,173,209,16,20,285,contabilizada
M00175-01,D00175,EG2026-PRES,ORG01,Fuerza Popular,22,111,137,8,18,183,contabilizada
M00175-01,D00175,EG2026-PRES,ORG02,Juntos por el Peru,13,111,137,8,18,183,contabilizada
M00175-01,D00175,EG2026-PRES,ORG03,Renovacion Popular,15,111,137,8,18,183,contabilizada
M00175-01,D00175,EG2026-PRES,ORG04,Partido del Buen Gobierno,11,111,137,8,18,183,contabilizada
M00175-01,D00175,EG2026-PRES,ORG05,Otros,50,111,137,8,18,183,contabilizada
M00175-02,D00175,EG2026-PRES,ORG01,Fuerza Popular,22,160,191,10,21,256,observada
M00175-02,D00175,EG2026-PRES,ORG02,Juntos por el Peru,21,160,191,10,21,256,observada
M00175-02,D00175,EG2026-PRES,ORG03,Renovacion Popular,22,160,191,10,21,256,observada
M00175-02,D00175,EG2026-PRES,ORG04,Partido del Buen Gobierno,24,160,191,10,21,256,observada
M00175-02,D00175,EG2026-PRES,ORG05,Otros,71,160,191,10,21,256,observada
M00176-01,D00176,EG2026-PRES,ORG01,Fuerza Popular,24,186,214,10,18,317,contabilizada
M00176-01,D00176,EG2026-PRES,ORG02,Juntos por el Peru,45,186,214,10,18,317,contabilizada
M00176-01,D00176,EG2026-PRES,ORG03,Renovacion Popular,18,186,214,10,18,317,contabilizada
M00176-01,D00176,EG2026-PRES,ORG04,Partido del Buen Gobierno,26,186,214,10,18,317,contabilizada
M00176-01,D00176,EG2026-PRES,ORG05,Otros,73,186,214,10,18,317,contabilizada
M00176-02,D00176,EG2026-PRES,ORG01,Fuerza Popular,21,187,222,10,25,339,contabilizada
M00176-02,D00176,EG2026-PRES,ORG02,Juntos por el Peru,40,187,222,10,25,339,contabilizada
M00176-02,D00176,EG2026-PRES,ORG03,Renovacion Popular,15,187,222,10,25,339,contabilizada
M00176-02,D00176,EG2026-PRES,ORG04,Partido del Buen Gobierno,17,187,222,10,25,339,contabilizada
M00176-02,D00176,EG2026-PRES,ORG05,Otros,94,187,222,10,25,339,contabilizada
M00177-01,D00177,EG2026-PRES,ORG01,Fuerza Popular,29,194,240,16,30,333,contabilizada
M00177-01,D00177,EG2026-PRES,ORG02,Juntos por el Peru,27,194,240,16,30,333,contabilizada
M00177-01,D00177,EG2026-PRES,ORG03,Renovacion Popular,28,194,240,16,30,333,contabilizada
M00177-01,D00177,EG2026-PRES,ORG04,Partido del Buen Gobierno,20,194,240,16,30,333,contabilizada
M00177-01,D00177,EG2026-PRES,ORG05,Otros,90,194,240,16,30,333,contabilizada
M00177-02,D00177,EG2026-PRES,ORG01,Fuerza Popular,24,146,173,11,16,227,contabilizada
M00177-02,D00177,EG2026-PRES,ORG02,Juntos por el Peru,18,146,173,11,16,227,contabilizada
M00177-02,D00177,EG2026-PRES,ORG03,Renovacion Popular,14,146,173,11,16,227,contabilizada
M00177-02,D00177,EG2026-PRES,ORG04,Partido del Buen Gobierno,18,146,173,11,16,227,contabilizada
M00177-02,D00177,EG2026-PRES,ORG05,Otros,72,146,173,11,16,227,contabilizada
M00177-03,D00177,EG2026-PRES,ORG01,Fuerza Popular,51,248,280,13,19,373,contabilizada
M00177-03,D00177,EG2026-PRES,ORG02,Juntos por el Peru,23,248,280,13,19,373,contabilizada
M00177-03,D00177,EG2026-PRES,ORG03,Renovacion Popular,34,248,280,13,19,373,contabilizada
M00177-03,D00177,EG2026-PRES,ORG04,Partido del Buen Gobierno,21,248,280,13,19,373,contabilizada
M00177-03,D00177,EG2026-PRES,ORG05,Otros,119,248,280,13,19,373,contabilizada
M00178-01,D00178,EG2026-PRES,ORG01,Fuerza Popular,34,229,269,18,22,392,contabilizada
M00178-01,D00178,EG2026-PRES,ORG02,Juntos por el Peru,29,229,269,18,22,392,contabilizada
M00178-01,D00178,EG2026-PRES,ORG03,Renovacion Popular,32,229,269,18,22,392,contabilizada
M00178-01,D00178,EG2026-PRES,ORG04,Partido del Buen Gobierno,36,229,269,18,22,392,contabilizada
M00178-01,D00178,EG2026-PRES,ORG05,Otros,98,229,269,18,22,392,contabilizada
M00178-02,D00178,EG2026-PRES,ORG01,Fuerza Popular,20,114,135,7,14,191,contabilizada
M00178-02,D00178,EG2026-PRES,ORG02,Juntos por el Peru,10,114,135,7,14,191,contabilizada
M00178-02,D00178,EG2026-PRES,ORG03,Renovacion Popular,17,114,135,7,14,191,contabilizada
M00178-02,D00178,EG2026-PRES,ORG04,Partido del Buen Gobierno,14,114,135,7,14,191,contabilizada
M00178-02,D00178,EG2026-PRES,ORG05,Otros,53,114,135,7,14,191,contabilizada
M00179-01,D00179,EG2026-PRES,ORG01,Fuerza Popular,25,138,167,7,22,186,contabilizada
M00179-01,D00179,EG2026-PRES,ORG02,Juntos por el Peru,16,138,167,7,22,186,contabilizada
M00179-01,D00179,EG2026-PRES,ORG03,Renovacion Popular,25,138,167,7,22,186,contabilizada
M00179-01,D00179,EG2026-PRES,ORG04,Partido del Buen Gobierno,13,138,167,7,22,186,contabilizada
M00179-01,D00179,EG2026-PRES,ORG05,Otros,59,138,167,7,22,186,contabilizada
M00179-02,D00179,EG2026-PRES,ORG01,Fuerza Popular,51,217,259,19,23,363,contabilizada
M00179-02,D00179,EG2026-PRES,ORG02,Juntos por el Peru,26,217,259,19,23,363,contabilizada
M00179-02,D00179,EG2026-PRES,ORG03,Renovacion Popular,29,217,259,19,23,363,contabilizada
M00179-02,D00179,EG2026-PRES,ORG04,Partido del Buen Gobierno,18,217,259,19,23,363,contabilizada
M00179-02,D00179,EG2026-PRES,ORG05,Otros,93,217,259,19,23,363,contabilizada
M00179-03,D00179,EG2026-PRES,ORG01,Fuerza Popular,27,122,149,11,16,231,contabilizada
M00179-03,D00179,EG2026-PRES,ORG02,Juntos por el Peru,11,122,149,11,16,231,contabilizada
M00179-03,D00179,EG2026-PRES,ORG03,Renovacion Popular,25,122,149,11,16,231,contabilizada
M00179-03,D00179,EG2026-PRES,ORG04,Partido del Buen Gobierno,11,122,149,11,16,231,contabilizada
M00179-03,D00179,EG2026-PRES,ORG05,Otros,48,122,149,11,16,231,contabilizada
M00179-04,D00179,EG2026-PRES,ORG01,Fuerza Popular,25,141,160,3,16,249,contabilizada
M00179-04,D00179,EG2026-PRES,ORG02,Juntos por el Peru,17,141,160,3,16,249,contabilizada
M00179-04,D00179,EG2026-PRES,ORG03,Renovacion Popular,31,141,160,3,16,249,contabilizada
M00179-04,D00179,EG2026-PRES,ORG04,Partido del Buen Gobierno,24,141,160,3,16,249,contabilizada
M00179-04,D00179,EG2026-PRES,ORG05,Otros,44,141,160,3,16,249,contabilizada
M00180-01,D00180,EG2026-PRES,ORG01,Fuerza Popular,34,177,223,17,29,298,contabilizada
M00180-01,D00180,EG2026-PRES,ORG02,Juntos por el Peru,24,177,223,17,29,298,contabilizada
M00180-01,D00180,EG2026-PRES,ORG03,Renovacion Popular,28,177,223,17,29,298,contabilizada
M00180-01,D00180,EG2026-PRES,ORG04,Partido del Buen Gobierno,24,177,223,17,29,298,contabilizada
M00180-01,D00180,EG2026-PRES,ORG05,Otros,67,177,223,17,29,298,contabilizada
M00180-02,D00180,EG2026-PRES,ORG01,Fuerza Popular,48,284,321,6,31,418,contabilizada
M00180-02,D00180,EG2026-PRES,ORG02,Juntos por el Peru,29,284,321,6,31,418,contabilizada
M00180-02,D00180,EG2026-PRES,ORG03,Renovacion Popular,47,284,321,6,31,418,contabilizada
M00180-02,D00180,EG2026-PRES,ORG04,Partido del Buen Gobierno,44,284,321,6,31,418,contabilizada
M00180-02,D00180,EG2026-PRES,ORG05,Otros,116,284,321,6,31,418,contabilizada
M00180-03,D00180,EG2026-PRES,ORG01,Fuerza Popular,40,205,247,18,24,372,observada
M00180-03,D00180,EG2026-PRES,ORG02,Juntos por el Peru,29,205,247,18,24,372,observada
M00180-03,D00180,EG2026-PRES,ORG03,Renovacion Popular,37,205,247,18,24,372,observada
M00180-03,D00180,EG2026-PRES,ORG04,Partido del Buen Gobierno,31,205,247,18,24,372,observada
M00180-03,D00180,EG2026-PRES,ORG05,Otros,68,205,247,18,24,372,observada
M00180-04,D00180,EG2026-PRES,ORG01,Fuerza Popular,26,135,159,6,18,203,contabilizada
M00180-04,D00180,EG2026-PRES,ORG02,Juntos por el Peru,22,135,159,6,18,203,contabilizada
M00180-04,D00180,EG2026-PRES,ORG03,Renovacion Popular,32,135,159,6,18,203,contabilizada
M00180-04,D00180,EG2026-PRES,ORG04,Partido del Buen Gobierno,14,135,159,6,18,203,contabilizada
M00180-04,D00180,EG2026-PRES,ORG05,Otros,41,135,159,6,18,203,contabilizada
M00181-01,D00181,EG2026-PRES,ORG01,Fuerza Popular,44,242,274,12,20,359,contabilizada
M00181-01,D00181,EG2026-PRES,ORG02,Juntos por el Peru,21,242,274,12,20,359,contabilizada
M00181-01,D00181,EG2026-PRES,ORG03,Renovacion Popular,35,242,274,12,20,359,contabilizada
M00181-01,D00181,EG2026-PRES,ORG04,Partido del Buen Gobierno,32,242,274,12,20,359,contabilizada
M00181-01,D00181,EG2026-PRES,ORG05,Otros,110,242,274,12,20,359,contabilizada
M00181-02,D00181,EG2026-PRES,ORG01,Fuerza Popular,24,126,145,6,13,190,contabilizada
M00181-02,D00181,EG2026-PRES,ORG02,Juntos por el Peru,12,126,145,6,13,190,contabilizada
M00181-02,D00181,EG2026-PRES,ORG03,Renovacion Popular,18,126,145,6,13,190,contabilizada
M00181-02,D00181,EG2026-PRES,ORG04,Partido del Buen Gobierno,16,126,145,6,13,190,contabilizada
M00181-02,D00181,EG2026-PRES,ORG05,Otros,56,126,145,6,13,190,contabilizada
M00181-03,D00181,EG2026-PRES,ORG01,Fuerza Popular,41,243,275,15,17,357,contabilizada
M00181-03,D00181,EG2026-PRES,ORG02,Juntos por el Peru,22,243,275,15,17,357,contabilizada
M00181-03,D00181,EG2026-PRES,ORG03,Renovacion Popular,52,243,275,15,17,357,contabilizada
M00181-03,D00181,EG2026-PRES,ORG04,Partido del Buen Gobierno,36,243,275,15,17,357,contabilizada
M00181-03,D00181,EG2026-PRES,ORG05,Otros,92,243,275,15,17,357,contabilizada
M00181-04,D00181,EG2026-PRES,ORG01,Fuerza Popular,27,199,243,11,33,314,observada
M00181-04,D00181,EG2026-PRES,ORG02,Juntos por el Peru,24,199,243,11,33,314,observada
M00181-04,D00181,EG2026-PRES,ORG03,Renovacion Popular,26,199,243,11,33,314,observada
M00181-04,D00181,EG2026-PRES,ORG04,Partido del Buen Gobierno,25,199,243,11,33,314,observada
M00181-04,D00181,EG2026-PRES,ORG05,Otros,97,199,243,11,33,314,observada
M00181-05,D00181,EG2026-PRES,ORG01,Fuerza Popular,23,143,162,5,14,223,contabilizada
M00181-05,D00181,EG2026-PRES,ORG02,Juntos por el Peru,15,143,162,5,14,223,contabilizada
M00181-05,D00181,EG2026-PRES,ORG03,Renovacion Popular,28,143,162,5,14,223,contabilizada
M00181-05,D00181,EG2026-PRES,ORG04,Partido del Buen Gobierno,19,143,162,5,14,223,contabilizada
M00181-05,D00181,EG2026-PRES,ORG05,Otros,58,143,162,5,14,223,contabilizada
M00182-01,D00182,EG2026-PRES,ORG01,Fuerza Popular,27,201,240,10,29,302,contabilizada
M00182-01,D00182,EG2026-PRES,ORG02,Juntos por el Peru,35,201,240,10,29,302,contabilizada
M00182-01,D00182,EG2026-PRES,ORG03,Renovacion Popular,12,201,240,10,29,302,contabilizada
M00182-01,D00182,EG2026-PRES,ORG04,Partido del Buen Gobierno,21,201,240,10,29,302,contabilizada
M00182-01,D00182,EG2026-PRES,ORG05,Otros,106,201,240,10,29,302,contabilizada
M00182-02,D00182,EG2026-PRES,ORG01,Fuerza Popular,26,157,182,6,19,249,observada
M00182-02,D00182,EG2026-PRES,ORG02,Juntos por el Peru,45,157,182,6,19,249,observada
M00182-02,D00182,EG2026-PRES,ORG03,Renovacion Popular,12,157,182,6,19,249,observada
M00182-02,D00182,EG2026-PRES,ORG04,Partido del Buen Gobierno,20,157,182,6,19,249,observada
M00182-02,D00182,EG2026-PRES,ORG05,Otros,54,157,182,6,19,249,observada
M00183-01,D00183,EG2026-PRES,ORG01,Fuerza Popular,20,142,162,7,13,223,contabilizada
M00183-01,D00183,EG2026-PRES,ORG02,Juntos por el Peru,25,142,162,7,13,223,contabilizada
M00183-01,D00183,EG2026-PRES,ORG03,Renovacion Popular,13,142,162,7,13,223,contabilizada
M00183-01,D00183,EG2026-PRES,ORG04,Partido del Buen Gobierno,13,142,162,7,13,223,contabilizada
M00183-01,D00183,EG2026-PRES,ORG05,Otros,71,142,162,7,13,223,contabilizada
M00183-02,D00183,EG2026-PRES,ORG01,Fuerza Popular,25,211,249,19,19,357,contabilizada
M00183-02,D00183,EG2026-PRES,ORG02,Juntos por el Peru,52,211,249,19,19,357,contabilizada
M00183-02,D00183,EG2026-PRES,ORG03,Renovacion Popular,13,211,249,19,19,357,contabilizada
M00183-02,D00183,EG2026-PRES,ORG04,Partido del Buen Gobierno,30,211,249,19,19,357,contabilizada
M00183-02,D00183,EG2026-PRES,ORG05,Otros,91,211,249,19,19,357,contabilizada
M00183-03,D00183,EG2026-PRES,ORG01,Fuerza Popular,22,205,232,8,19,323,contabilizada
M00183-03,D00183,EG2026-PRES,ORG02,Juntos por el Peru,49,205,232,8,19,323,contabilizada
M00183-03,D00183,EG2026-PRES,ORG03,Renovacion Popular,18,205,232,8,19,323,contabilizada
M00183-03,D00183,EG2026-PRES,ORG04,Partido del Buen Gobierno,22,205,232,8,19,323,contabilizada
M00183-03,D00183,EG2026-PRES,ORG05,Otros,94,205,232,8,19,323,contabilizada
M00183-04,D00183,EG2026-PRES,ORG01,Fuerza Popular,12,105,127,6,16,193,contabilizada
M00183-04,D00183,EG2026-PRES,ORG02,Juntos por el Peru,22,105,127,6,16,193,contabilizada
M00183-04,D00183,EG2026-PRES,ORG03,Renovacion Popular,9,105,127,6,16,193,contabilizada
M00183-04,D00183,EG2026-PRES,ORG04,Partido del Buen Gobierno,13,105,127,6,16,193,contabilizada
M00183-04,D00183,EG2026-PRES,ORG05,Otros,49,105,127,6,16,193,contabilizada
M00183-05,D00183,EG2026-PRES,ORG01,Fuerza Popular,28,202,245,19,24,401,contabilizada
M00183-05,D00183,EG2026-PRES,ORG02,Juntos por el Peru,43,202,245,19,24,401,contabilizada
M00183-05,D00183,EG2026-PRES,ORG03,Renovacion Popular,16,202,245,19,24,401,contabilizada
M00183-05,D00183,EG2026-PRES,ORG04,Partido del Buen Gobierno,18,202,245,19,24,401,contabilizada
M00183-05,D00183,EG2026-PRES,ORG05,Otros,97,202,245,19,24,401,contabilizada
M00183-06,D00183,EG2026-PRES,ORG01,Fuerza Popular,18,185,224,6,33,382,contabilizada
M00183-06,D00183,EG2026-PRES,ORG02,Juntos por el Peru,39,185,224,6,33,382,contabilizada
M00183-06,D00183,EG2026-PRES,ORG03,Renovacion Popular,17,185,224,6,33,382,contabilizada
M00183-06,D00183,EG2026-PRES,ORG04,Partido del Buen Gobierno,21,185,224,6,33,382,contabilizada
M00183-06,D00183,EG2026-PRES,ORG05,Otros,90,185,224,6,33,382,contabilizada
M00184-01,D00184,EG2026-PRES,ORG01,Fuerza Popular,21,136,165,11,18,227,contabilizada
M00184-01,D00184,EG2026-PRES,ORG02,Juntos por el Peru,20,136,165,11,18,227,contabilizada
M00184-01,D00184,EG2026-PRES,ORG03,Renovacion Popular,16,136,165,11,18,227,contabilizada
M00184-01,D00184,EG2026-PRES,ORG04,Partido del Buen Gobierno,11,136,165,11,18,227,contabilizada
M00184-01,D00184,EG2026-PRES,ORG05,Otros,68,136,165,11,18,227,contabilizada
M00184-02,D00184,EG2026-PRES,ORG01,Fuerza Popular,21,168,197,11,18,283,contabilizada
M00184-02,D00184,EG2026-PRES,ORG02,Juntos por el Peru,26,168,197,11,18,283,contabilizada
M00184-02,D00184,EG2026-PRES,ORG03,Renovacion Popular,22,168,197,11,18,283,contabilizada
M00184-02,D00184,EG2026-PRES,ORG04,Partido del Buen Gobierno,24,168,197,11,18,283,contabilizada
M00184-02,D00184,EG2026-PRES,ORG05,Otros,75,168,197,11,18,283,contabilizada
M00184-03,D00184,EG2026-PRES,ORG01,Fuerza Popular,43,247,278,12,19,356,contabilizada
M00184-03,D00184,EG2026-PRES,ORG02,Juntos por el Peru,31,247,278,12,19,356,contabilizada
M00184-03,D00184,EG2026-PRES,ORG03,Renovacion Popular,36,247,278,12,19,356,contabilizada
M00184-03,D00184,EG2026-PRES,ORG04,Partido del Buen Gobierno,37,247,278,12,19,356,contabilizada
M00184-03,D00184,EG2026-PRES,ORG05,Otros,100,247,278,12,19,356,contabilizada
M00184-04,D00184,EG2026-PRES,ORG01,Fuerza Popular,42,234,287,24,29,389,contabilizada
M00184-04,D00184,EG2026-PRES,ORG02,Juntos por el Peru,39,234,287,24,29,389,contabilizada
M00184-04,D00184,EG2026-PRES,ORG03,Renovacion Popular,23,234,287,24,29,389,contabilizada
M00184-04,D00184,EG2026-PRES,ORG04,Partido del Buen Gobierno,28,234,287,24,29,389,contabilizada
M00184-04,D00184,EG2026-PRES,ORG05,Otros,102,234,287,24,29,389,contabilizada
M00184-05,D00184,EG2026-PRES,ORG01,Fuerza Popular,30,152,167,9,6,266,contabilizada
M00184-05,D00184,EG2026-PRES,ORG02,Juntos por el Peru,15,152,167,9,6,266,contabilizada
M00184-05,D00184,EG2026-PRES,ORG03,Renovacion Popular,19,152,167,9,6,266,contabilizada
M00184-05,D00184,EG2026-PRES,ORG04,Partido del Buen Gobierno,22,152,167,9,6,266,contabilizada
M00184-05,D00184,EG2026-PRES,ORG05,Otros,66,152,167,9,6,266,contabilizada
M00185-01,D00185,EG2026-PRES,ORG01,Fuerza Popular,19,145,171,6,20,213,contabilizada
M00185-01,D00185,EG2026-PRES,ORG02,Juntos por el Peru,21,145,171,6,20,213,contabilizada
M00185-01,D00185,EG2026-PRES,ORG03,Renovacion Popular,10,145,171,6,20,213,contabilizada
M00185-01,D00185,EG2026-PRES,ORG04,Partido del Buen Gobierno,19,145,171,6,20,213,contabilizada
M00185-01,D00185,EG2026-PRES,ORG05,Otros,76,145,171,6,20,213,contabilizada
M00185-02,D00185,EG2026-PRES,ORG01,Fuerza Popular,27,183,208,10,15,267,contabilizada
M00185-02,D00185,EG2026-PRES,ORG02,Juntos por el Peru,48,183,208,10,15,267,contabilizada
M00185-02,D00185,EG2026-PRES,ORG03,Renovacion Popular,12,183,208,10,15,267,contabilizada
M00185-02,D00185,EG2026-PRES,ORG04,Partido del Buen Gobierno,16,183,208,10,15,267,contabilizada
M00185-02,D00185,EG2026-PRES,ORG05,Otros,80,183,208,10,15,267,contabilizada
M00185-03,D00185,EG2026-PRES,ORG01,Fuerza Popular,39,267,299,11,21,396,pendiente
M00185-03,D00185,EG2026-PRES,ORG02,Juntos por el Peru,57,267,299,11,21,396,pendiente
M00185-03,D00185,EG2026-PRES,ORG03,Renovacion Popular,21,267,299,11,21,396,pendiente
M00185-03,D00185,EG2026-PRES,ORG04,Partido del Buen Gobierno,35,267,299,11,21,396,pendiente
M00185-03,D00185,EG2026-PRES,ORG05,Otros,115,267,299,11,21,396,pendiente
M00186-01,D00186,EG2026-PRES,ORG01,Fuerza Popular,28,122,157,13,22,222,contabilizada
M00186-01,D00186,EG2026-PRES,ORG02,Juntos por el Peru,9,122,157,13,22,222,contabilizada
M00186-01,D00186,EG2026-PRES,ORG03,Renovacion Popular,22,122,157,13,22,222,contabilizada
M00186-01,D00186,EG2026-PRES,ORG04,Partido del Buen Gobierno,16,122,157,13,22,222,contabilizada
M00186-01,D00186,EG2026-PRES,ORG05,Otros,47,122,157,13,22,222,contabilizada
M00186-02,D00186,EG2026-PRES,ORG01,Fuerza Popular,22,134,152,5,13,234,contabilizada
M00186-02,D00186,EG2026-PRES,ORG02,Juntos por el Peru,14,134,152,5,13,234,contabilizada
M00186-02,D00186,EG2026-PRES,ORG03,Renovacion Popular,15,134,152,5,13,234,contabilizada
M00186-02,D00186,EG2026-PRES,ORG04,Partido del Buen Gobierno,15,134,152,5,13,234,contabilizada
M00186-02,D00186,EG2026-PRES,ORG05,Otros,68,134,152,5,13,234,contabilizada
M00186-03,D00186,EG2026-PRES,ORG01,Fuerza Popular,25,111,126,6,9,201,contabilizada
M00186-03,D00186,EG2026-PRES,ORG02,Juntos por el Peru,12,111,126,6,9,201,contabilizada
M00186-03,D00186,EG2026-PRES,ORG03,Renovacion Popular,18,111,126,6,9,201,contabilizada
M00186-03,D00186,EG2026-PRES,ORG04,Partido del Buen Gobierno,15,111,126,6,9,201,contabilizada
M00186-03,D00186,EG2026-PRES,ORG05,Otros,41,111,126,6,9,201,contabilizada
M00187-01,D00187,EG2026-PRES,ORG01,Fuerza Popular,16,153,175,8,14,201,observada
M00187-01,D00187,EG2026-PRES,ORG02,Juntos por el Peru,38,153,175,8,14,201,observada
M00187-01,D00187,EG2026-PRES,ORG03,Renovacion Popular,14,153,175,8,14,201,observada
M00187-01,D00187,EG2026-PRES,ORG04,Partido del Buen Gobierno,18,153,175,8,14,201,observada
M00187-01,D00187,EG2026-PRES,ORG05,Otros,67,153,175,8,14,201,observada
M00187-02,D00187,EG2026-PRES,ORG01,Fuerza Popular,23,157,182,13,12,323,contabilizada
M00187-02,D00187,EG2026-PRES,ORG02,Juntos por el Peru,41,157,182,13,12,323,contabilizada
M00187-02,D00187,EG2026-PRES,ORG03,Renovacion Popular,12,157,182,13,12,323,contabilizada
M00187-02,D00187,EG2026-PRES,ORG04,Partido del Buen Gobierno,16,157,182,13,12,323,contabilizada
M00187-02,D00187,EG2026-PRES,ORG05,Otros,65,157,182,13,12,323,contabilizada
M00187-03,D00187,EG2026-PRES,ORG01,Fuerza Popular,20,185,218,7,26,293,observada
M00187-03,D00187,EG2026-PRES,ORG02,Juntos por el Peru,36,185,218,7,26,293,observada
M00187-03,D00187,EG2026-PRES,ORG03,Renovacion Popular,9,185,218,7,26,293,observada
M00187-03,D00187,EG2026-PRES,ORG04,Partido del Buen Gobierno,22,185,218,7,26,293,observada
M00187-03,D00187,EG2026-PRES,ORG05,Otros,98,185,218,7,26,293,observada
M00187-04,D00187,EG2026-PRES,ORG01,Fuerza Popular,27,209,244,13,22,392,contabilizada
M00187-04,D00187,EG2026-PRES,ORG02,Juntos por el Peru,50,209,244,13,22,392,contabilizada
M00187-04,D00187,EG2026-PRES,ORG03,Renovacion Popular,14,209,244,13,22,392,contabilizada
M00187-04,D00187,EG2026-PRES,ORG04,Partido del Buen Gobierno,21,209,244,13,22,392,contabilizada
M00187-04,D00187,EG2026-PRES,ORG05,Otros,97,209,244,13,22,392,contabilizada
M00188-01,D00188,EG2026-PRES,ORG01,Fuerza Popular,28,209,252,19,24,343,contabilizada
M00188-01,D00188,EG2026-PRES,ORG02,Juntos por el Peru,41,209,252,19,24,343,contabilizada
M00188-01,D00188,EG2026-PRES,ORG03,Renovacion Popular,19,209,252,19,24,343,contabilizada
M00188-01,D00188,EG2026-PRES,ORG04,Partido del Buen Gobierno,25,209,252,19,24,343,contabilizada
M00188-01,D00188,EG2026-PRES,ORG05,Otros,96,209,252,19,24,343,contabilizada
M00188-02,D00188,EG2026-PRES,ORG01,Fuerza Popular,33,241,283,15,27,388,contabilizada
M00188-02,D00188,EG2026-PRES,ORG02,Juntos por el Peru,56,241,283,15,27,388,contabilizada
M00188-02,D00188,EG2026-PRES,ORG03,Renovacion Popular,14,241,283,15,27,388,contabilizada
M00188-02,D00188,EG2026-PRES,ORG04,Partido del Buen Gobierno,28,241,283,15,27,388,contabilizada
M00188-02,D00188,EG2026-PRES,ORG05,Otros,110,241,283,15,27,388,contabilizada
M00188-03,D00188,EG2026-PRES,ORG01,Fuerza Popular,13,105,135,10,20,216,contabilizada
M00188-03,D00188,EG2026-PRES,ORG02,Juntos por el Peru,27,105,135,10,20,216,contabilizada
M00188-03,D00188,EG2026-PRES,ORG03,Renovacion Popular,8,105,135,10,20,216,contabilizada
M00188-03,D00188,EG2026-PRES,ORG04,Partido del Buen Gobierno,16,105,135,10,20,216,contabilizada
M00188-03,D00188,EG2026-PRES,ORG05,Otros,41,105,135,10,20,216,contabilizada
M00189-01,D00189,EG2026-PRES,ORG01,Fuerza Popular,58,280,330,19,31,415,contabilizada
M00189-01,D00189,EG2026-PRES,ORG02,Juntos por el Peru,45,280,330,19,31,415,contabilizada
M00189-01,D00189,EG2026-PRES,ORG03,Renovacion Popular,43,280,330,19,31,415,contabilizada
M00189-01,D00189,EG2026-PRES,ORG04,Partido del Buen Gobierno,32,280,330,19,31,415,contabilizada
M00189-01,D00189,EG2026-PRES,ORG05,Otros,102,280,330,19,31,415,contabilizada
M00189-02,D00189,EG2026-PRES,ORG01,Fuerza Popular,57,300,346,15,31,399,contabilizada
M00189-02,D00189,EG2026-PRES,ORG02,Juntos por el Peru,58,300,346,15,31,399,contabilizada
M00189-02,D00189,EG2026-PRES,ORG03,Renovacion Popular,53,300,346,15,31,399,contabilizada
M00189-02,D00189,EG2026-PRES,ORG04,Partido del Buen Gobierno,35,300,346,15,31,399,contabilizada
M00189-02,D00189,EG2026-PRES,ORG05,Otros,97,300,346,15,31,399,contabilizada
M00190-01,D00190,EG2026-PRES,ORG01,Fuerza Popular,28,136,158,8,14,217,contabilizada
M00190-01,D00190,EG2026-PRES,ORG02,Juntos por el Peru,14,136,158,8,14,217,contabilizada
M00190-01,D00190,EG2026-PRES,ORG03,Renovacion Popular,20,136,158,8,14,217,contabilizada
M00190-01,D00190,EG2026-PRES,ORG04,Partido del Buen Gobierno,18,136,158,8,14,217,contabilizada
M00190-01,D00190,EG2026-PRES,ORG05,Otros,56,136,158,8,14,217,contabilizada
M00190-02,D00190,EG2026-PRES,ORG01,Fuerza Popular,41,211,242,9,22,342,contabilizada
M00190-02,D00190,EG2026-PRES,ORG02,Juntos por el Peru,30,211,242,9,22,342,contabilizada
M00190-02,D00190,EG2026-PRES,ORG03,Renovacion Popular,29,211,242,9,22,342,contabilizada
M00190-02,D00190,EG2026-PRES,ORG04,Partido del Buen Gobierno,24,211,242,9,22,342,contabilizada
M00190-02,D00190,EG2026-PRES,ORG05,Otros,87,211,242,9,22,342,contabilizada
M00190-03,D00190,EG2026-PRES,ORG01,Fuerza Popular,36,225,269,13,31,405,contabilizada
M00190-03,D00190,EG2026-PRES,ORG02,Juntos por el Peru,21,225,269,13,31,405,contabilizada
M00190-03,D00190,EG2026-PRES,ORG03,Renovacion Popular,32,225,269,13,31,405,contabilizada
M00190-03,D00190,EG2026-PRES,ORG04,Partido del Buen Gobierno,19,225,269,13,31,405,contabilizada
M00190-03,D00190,EG2026-PRES,ORG05,Otros,117,225,269,13,31,405,contabilizada
M00190-04,D00190,EG2026-PRES,ORG01,Fuerza Popular,33,140,168,10,18,259,observada
M00190-04,D00190,EG2026-PRES,ORG02,Juntos por el Peru,14,140,168,10,18,259,observada
M00190-04,D00190,EG2026-PRES,ORG03,Renovacion Popular,19,140,168,10,18,259,observada
M00190-04,D00190,EG2026-PRES,ORG04,Partido del Buen Gobierno,24,140,168,10,18,259,observada
M00190-04,D00190,EG2026-PRES,ORG05,Otros,50,140,168,10,18,259,observada
M00191-01,D00191,EG2026-PRES,ORG01,Fuerza Popular,19,145,187,18,24,225,contabilizada
M00191-01,D00191,EG2026-PRES,ORG02,Juntos por el Peru,27,145,187,18,24,225,contabilizada
M00191-01,D00191,EG2026-PRES,ORG03,Renovacion Popular,11,145,187,18,24,225,contabilizada
M00191-01,D00191,EG2026-PRES,ORG04,Partido del Buen Gobierno,12,145,187,18,24,225,contabilizada
M00191-01,D00191,EG2026-PRES,ORG05,Otros,76,145,187,18,24,225,contabilizada
M00191-02,D00191,EG2026-PRES,ORG01,Fuerza Popular,30,265,301,6,30,382,contabilizada
M00191-02,D00191,EG2026-PRES,ORG02,Juntos por el Peru,70,265,301,6,30,382,contabilizada
M00191-02,D00191,EG2026-PRES,ORG03,Renovacion Popular,20,265,301,6,30,382,contabilizada
M00191-02,D00191,EG2026-PRES,ORG04,Partido del Buen Gobierno,28,265,301,6,30,382,contabilizada
M00191-02,D00191,EG2026-PRES,ORG05,Otros,117,265,301,6,30,382,contabilizada
M00191-03,D00191,EG2026-PRES,ORG01,Fuerza Popular,15,127,144,4,13,186,contabilizada
M00191-03,D00191,EG2026-PRES,ORG02,Juntos por el Peru,25,127,144,4,13,186,contabilizada
M00191-03,D00191,EG2026-PRES,ORG03,Renovacion Popular,10,127,144,4,13,186,contabilizada
M00191-03,D00191,EG2026-PRES,ORG04,Partido del Buen Gobierno,13,127,144,4,13,186,contabilizada
M00191-03,D00191,EG2026-PRES,ORG05,Otros,64,127,144,4,13,186,contabilizada
M00191-04,D00191,EG2026-PRES,ORG01,Fuerza Popular,28,169,196,7,20,276,contabilizada
M00191-04,D00191,EG2026-PRES,ORG02,Juntos por el Peru,26,169,196,7,20,276,contabilizada
M00191-04,D00191,EG2026-PRES,ORG03,Renovacion Popular,16,169,196,7,20,276,contabilizada
M00191-04,D00191,EG2026-PRES,ORG04,Partido del Buen Gobierno,19,169,196,7,20,276,contabilizada
M00191-04,D00191,EG2026-PRES,ORG05,Otros,80,169,196,7,20,276,contabilizada
M00191-05,D00191,EG2026-PRES,ORG01,Fuerza Popular,33,257,298,15,26,343,contabilizada
M00191-05,D00191,EG2026-PRES,ORG02,Juntos por el Peru,55,257,298,15,26,343,contabilizada
M00191-05,D00191,EG2026-PRES,ORG03,Renovacion Popular,23,257,298,15,26,343,contabilizada
M00191-05,D00191,EG2026-PRES,ORG04,Partido del Buen Gobierno,27,257,298,15,26,343,contabilizada
M00191-05,D00191,EG2026-PRES,ORG05,Otros,119,257,298,15,26,343,contabilizada
M00192-01,D00192,EG2026-PRES,ORG01,Fuerza Popular,27,223,266,12,31,360,contabilizada
M00192-01,D00192,EG2026-PRES,ORG02,Juntos por el Peru,59,223,266,12,31,360,contabilizada
M00192-01,D00192,EG2026-PRES,ORG03,Renovacion Popular,15,223,266,12,31,360,contabilizada
M00192-01,D00192,EG2026-PRES,ORG04,Partido del Buen Gobierno,19,223,266,12,31,360,contabilizada
M00192-01,D00192,EG2026-PRES,ORG05,Otros,103,223,266,12,31,360,contabilizada
M00192-02,D00192,EG2026-PRES,ORG01,Fuerza Popular,26,208,239,13,18,328,contabilizada
M00192-02,D00192,EG2026-PRES,ORG02,Juntos por el Peru,37,208,239,13,18,328,contabilizada
M00192-02,D00192,EG2026-PRES,ORG03,Renovacion Popular,19,208,239,13,18,328,contabilizada
M00192-02,D00192,EG2026-PRES,ORG04,Partido del Buen Gobierno,17,208,239,13,18,328,contabilizada
M00192-02,D00192,EG2026-PRES,ORG05,Otros,109,208,239,13,18,328,contabilizada
M00192-03,D00192,EG2026-PRES,ORG01,Fuerza Popular,13,122,151,10,19,192,contabilizada
M00192-03,D00192,EG2026-PRES,ORG02,Juntos por el Peru,26,122,151,10,19,192,contabilizada
M00192-03,D00192,EG2026-PRES,ORG03,Renovacion Popular,8,122,151,10,19,192,contabilizada
M00192-03,D00192,EG2026-PRES,ORG04,Partido del Buen Gobierno,17,122,151,10,19,192,contabilizada
M00192-03,D00192,EG2026-PRES,ORG05,Otros,58,122,151,10,19,192,contabilizada
M00192-04,D00192,EG2026-PRES,ORG01,Fuerza Popular,17,122,152,12,18,189,contabilizada
M00192-04,D00192,EG2026-PRES,ORG02,Juntos por el Peru,32,122,152,12,18,189,contabilizada
M00192-04,D00192,EG2026-PRES,ORG03,Renovacion Popular,10,122,152,12,18,189,contabilizada
M00192-04,D00192,EG2026-PRES,ORG04,Partido del Buen Gobierno,13,122,152,12,18,189,contabilizada
M00192-04,D00192,EG2026-PRES,ORG05,Otros,50,122,152,12,18,189,contabilizada
M00193-01,D00193,EG2026-PRES,ORG01,Fuerza Popular,44,245,287,18,24,348,contabilizada
M00193-01,D00193,EG2026-PRES,ORG02,Juntos por el Peru,31,245,287,18,24,348,contabilizada
M00193-01,D00193,EG2026-PRES,ORG03,Renovacion Popular,44,245,287,18,24,348,contabilizada
M00193-01,D00193,EG2026-PRES,ORG04,Partido del Buen Gobierno,19,245,287,18,24,348,contabilizada
M00193-01,D00193,EG2026-PRES,ORG05,Otros,107,245,287,18,24,348,contabilizada
M00193-02,D00193,EG2026-PRES,ORG01,Fuerza Popular,27,184,223,14,25,296,contabilizada
M00193-02,D00193,EG2026-PRES,ORG02,Juntos por el Peru,23,184,223,14,25,296,contabilizada
M00193-02,D00193,EG2026-PRES,ORG03,Renovacion Popular,36,184,223,14,25,296,contabilizada
M00193-02,D00193,EG2026-PRES,ORG04,Partido del Buen Gobierno,25,184,223,14,25,296,contabilizada
M00193-02,D00193,EG2026-PRES,ORG05,Otros,73,184,223,14,25,296,contabilizada
M00193-03,D00193,EG2026-PRES,ORG01,Fuerza Popular,23,138,158,10,10,236,contabilizada
M00193-03,D00193,EG2026-PRES,ORG02,Juntos por el Peru,11,138,158,10,10,236,contabilizada
M00193-03,D00193,EG2026-PRES,ORG03,Renovacion Popular,23,138,158,10,10,236,contabilizada
M00193-03,D00193,EG2026-PRES,ORG04,Partido del Buen Gobierno,24,138,158,10,10,236,contabilizada
M00193-03,D00193,EG2026-PRES,ORG05,Otros,57,138,158,10,10,236,contabilizada
M00193-04,D00193,EG2026-PRES,ORG01,Fuerza Popular,42,184,217,15,18,288,contabilizada
M00193-04,D00193,EG2026-PRES,ORG02,Juntos por el Peru,13,184,217,15,18,288,contabilizada
M00193-04,D00193,EG2026-PRES,ORG03,Renovacion Popular,35,184,217,15,18,288,contabilizada
M00193-04,D00193,EG2026-PRES,ORG04,Partido del Buen Gobierno,22,184,217,15,18,288,contabilizada
M00193-04,D00193,EG2026-PRES,ORG05,Otros,72,184,217,15,18,288,contabilizada
M00193-05,D00193,EG2026-PRES,ORG01,Fuerza Popular,34,170,198,8,20,292,contabilizada
M00193-05,D00193,EG2026-PRES,ORG02,Juntos por el Peru,20,170,198,8,20,292,contabilizada
M00193-05,D00193,EG2026-PRES,ORG03,Renovacion Popular,32,170,198,8,20,292,contabilizada
M00193-05,D00193,EG2026-PRES,ORG04,Partido del Buen Gobierno,25,170,198,8,20,292,contabilizada
M00193-05,D00193,EG2026-PRES,ORG05,Otros,59,170,198,8,20,292,contabilizada
M00193-06,D00193,EG2026-PRES,ORG01,Fuerza Popular,40,197,220,12,11,355,contabilizada
M00193-06,D00193,EG2026-PRES,ORG02,Juntos por el Peru,30,197,220,12,11,355,contabilizada
M00193-06,D00193,EG2026-PRES,ORG03,Renovacion Popular,28,197,220,12,11,355,contabilizada
M00193-06,D00193,EG2026-PRES,ORG04,Partido del Buen Gobierno,25,197,220,12,11,355,contabilizada
M00193-06,D00193,EG2026-PRES,ORG05,Otros,74,197,220,12,11,355,contabilizada
M00194-01,D00194,EG2026-PRES,ORG01,Fuerza Popular,28,226,263,16,21,361,contabilizada
M00194-01,D00194,EG2026-PRES,ORG02,Juntos por el Peru,57,226,263,16,21,361,contabilizada
M00194-01,D00194,EG2026-PRES,ORG03,Renovacion Popular,18,226,263,16,21,361,contabilizada
M00194-01,D00194,EG2026-PRES,ORG04,Partido del Buen Gobierno,17,226,263,16,21,361,contabilizada
M00194-01,D00194,EG2026-PRES,ORG05,Otros,106,226,263,16,21,361,contabilizada
M00194-02,D00194,EG2026-PRES,ORG01,Fuerza Popular,29,213,243,9,21,323,contabilizada
M00194-02,D00194,EG2026-PRES,ORG02,Juntos por el Peru,35,213,243,9,21,323,contabilizada
M00194-02,D00194,EG2026-PRES,ORG03,Renovacion Popular,21,213,243,9,21,323,contabilizada
M00194-02,D00194,EG2026-PRES,ORG04,Partido del Buen Gobierno,27,213,243,9,21,323,contabilizada
M00194-02,D00194,EG2026-PRES,ORG05,Otros,101,213,243,9,21,323,contabilizada
M00194-03,D00194,EG2026-PRES,ORG01,Fuerza Popular,20,217,262,18,27,388,contabilizada
M00194-03,D00194,EG2026-PRES,ORG02,Juntos por el Peru,49,217,262,18,27,388,contabilizada
M00194-03,D00194,EG2026-PRES,ORG03,Renovacion Popular,14,217,262,18,27,388,contabilizada
M00194-03,D00194,EG2026-PRES,ORG04,Partido del Buen Gobierno,33,217,262,18,27,388,contabilizada
M00194-03,D00194,EG2026-PRES,ORG05,Otros,101,217,262,18,27,388,contabilizada
M00194-04,D00194,EG2026-PRES,ORG01,Fuerza Popular,24,186,216,7,23,285,contabilizada
M00194-04,D00194,EG2026-PRES,ORG02,Juntos por el Peru,43,186,216,7,23,285,contabilizada
M00194-04,D00194,EG2026-PRES,ORG03,Renovacion Popular,16,186,216,7,23,285,contabilizada
M00194-04,D00194,EG2026-PRES,ORG04,Partido del Buen Gobierno,25,186,216,7,23,285,contabilizada
M00194-04,D00194,EG2026-PRES,ORG05,Otros,78,186,216,7,23,285,contabilizada
M00195-01,D00195,EG2026-PRES,ORG01,Fuerza Popular,47,225,268,19,24,341,contabilizada
M00195-01,D00195,EG2026-PRES,ORG02,Juntos por el Peru,30,225,268,19,24,341,contabilizada
M00195-01,D00195,EG2026-PRES,ORG03,Renovacion Popular,27,225,268,19,24,341,contabilizada
M00195-01,D00195,EG2026-PRES,ORG04,Partido del Buen Gobierno,25,225,268,19,24,341,contabilizada
M00195-01,D00195,EG2026-PRES,ORG05,Otros,96,225,268,19,24,341,contabilizada
M00195-02,D00195,EG2026-PRES,ORG01,Fuerza Popular,24,163,194,7,24,230,contabilizada
M00195-02,D00195,EG2026-PRES,ORG02,Juntos por el Peru,24,163,194,7,24,230,contabilizada
M00195-02,D00195,EG2026-PRES,ORG03,Renovacion Popular,20,163,194,7,24,230,contabilizada
M00195-02,D00195,EG2026-PRES,ORG04,Partido del Buen Gobierno,17,163,194,7,24,230,contabilizada
M00195-02,D00195,EG2026-PRES,ORG05,Otros,78,163,194,7,24,230,contabilizada
M00195-03,D00195,EG2026-PRES,ORG01,Fuerza Popular,35,192,232,18,22,299,contabilizada
M00195-03,D00195,EG2026-PRES,ORG02,Juntos por el Peru,30,192,232,18,22,299,contabilizada
M00195-03,D00195,EG2026-PRES,ORG03,Renovacion Popular,18,192,232,18,22,299,contabilizada
M00195-03,D00195,EG2026-PRES,ORG04,Partido del Buen Gobierno,27,192,232,18,22,299,contabilizada
M00195-03,D00195,EG2026-PRES,ORG05,Otros,82,192,232,18,22,299,contabilizada
M00195-04,D00195,EG2026-PRES,ORG01,Fuerza Popular,40,183,212,9,20,308,contabilizada
M00195-04,D00195,EG2026-PRES,ORG02,Juntos por el Peru,30,183,212,9,20,308,contabilizada
M00195-04,D00195,EG2026-PRES,ORG03,Renovacion Popular,30,183,212,9,20,308,contabilizada
M00195-04,D00195,EG2026-PRES,ORG04,Partido del Buen Gobierno,15,183,212,9,20,308,contabilizada
M00195-04,D00195,EG2026-PRES,ORG05,Otros,68,183,212,9,20,308,contabilizada
M00196-01,D00196,EG2026-PRES,ORG01,Fuerza Popular,28,224,271,10,37,382,contabilizada
M00196-01,D00196,EG2026-PRES,ORG02,Juntos por el Peru,42,224,271,10,37,382,contabilizada
M00196-01,D00196,EG2026-PRES,ORG03,Renovacion Popular,17,224,271,10,37,382,contabilizada
M00196-01,D00196,EG2026-PRES,ORG04,Partido del Buen Gobierno,24,224,271,10,37,382,contabilizada
M00196-01,D00196,EG2026-PRES,ORG05,Otros,113,224,271,10,37,382,contabilizada
M00196-02,D00196,EG2026-PRES,ORG01,Fuerza Popular,20,150,173,7,16,266,contabilizada
M00196-02,D00196,EG2026-PRES,ORG02,Juntos por el Peru,33,150,173,7,16,266,contabilizada
M00196-02,D00196,EG2026-PRES,ORG03,Renovacion Popular,14,150,173,7,16,266,contabilizada
M00196-02,D00196,EG2026-PRES,ORG04,Partido del Buen Gobierno,19,150,173,7,16,266,contabilizada
M00196-02,D00196,EG2026-PRES,ORG05,Otros,64,150,173,7,16,266,contabilizada
M00197-01,D00197,EG2026-PRES,ORG01,Fuerza Popular,18,113,134,7,14,185,contabilizada
M00197-01,D00197,EG2026-PRES,ORG02,Juntos por el Peru,23,113,134,7,14,185,contabilizada
M00197-01,D00197,EG2026-PRES,ORG03,Renovacion Popular,8,113,134,7,14,185,contabilizada
M00197-01,D00197,EG2026-PRES,ORG04,Partido del Buen Gobierno,11,113,134,7,14,185,contabilizada
M00197-01,D00197,EG2026-PRES,ORG05,Otros,53,113,134,7,14,185,contabilizada
M00197-02,D00197,EG2026-PRES,ORG01,Fuerza Popular,41,237,282,17,28,363,contabilizada
M00197-02,D00197,EG2026-PRES,ORG02,Juntos por el Peru,62,237,282,17,28,363,contabilizada
M00197-02,D00197,EG2026-PRES,ORG03,Renovacion Popular,18,237,282,17,28,363,contabilizada
M00197-02,D00197,EG2026-PRES,ORG04,Partido del Buen Gobierno,32,237,282,17,28,363,contabilizada
M00197-02,D00197,EG2026-PRES,ORG05,Otros,84,237,282,17,28,363,contabilizada
M00197-03,D00197,EG2026-PRES,ORG01,Fuerza Popular,28,248,307,18,41,371,contabilizada
M00197-03,D00197,EG2026-PRES,ORG02,Juntos por el Peru,50,248,307,18,41,371,contabilizada
M00197-03,D00197,EG2026-PRES,ORG03,Renovacion Popular,19,248,307,18,41,371,contabilizada
M00197-03,D00197,EG2026-PRES,ORG04,Partido del Buen Gobierno,25,248,307,18,41,371,contabilizada
M00197-03,D00197,EG2026-PRES,ORG05,Otros,126,248,307,18,41,371,contabilizada
M00197-04,D00197,EG2026-PRES,ORG01,Fuerza Popular,20,153,169,3,13,258,contabilizada
M00197-04,D00197,EG2026-PRES,ORG02,Juntos por el Peru,27,153,169,3,13,258,contabilizada
M00197-04,D00197,EG2026-PRES,ORG03,Renovacion Popular,12,153,169,3,13,258,contabilizada
M00197-04,D00197,EG2026-PRES,ORG04,Partido del Buen Gobierno,19,153,169,3,13,258,contabilizada
M00197-04,D00197,EG2026-PRES,ORG05,Otros,75,153,169,3,13,258,contabilizada
M00197-05,D00197,EG2026-PRES,ORG01,Fuerza Popular,21,156,182,12,14,250,contabilizada
M00197-05,D00197,EG2026-PRES,ORG02,Juntos por el Peru,30,156,182,12,14,250,contabilizada
M00197-05,D00197,EG2026-PRES,ORG03,Renovacion Popular,13,156,182,12,14,250,contabilizada
M00197-05,D00197,EG2026-PRES,ORG04,Partido del Buen Gobierno,21,156,182,12,14,250,contabilizada
M00197-05,D00197,EG2026-PRES,ORG05,Otros,71,156,182,12,14,250,contabilizada
M00197-06,D00197,EG2026-PRES,ORG01,Fuerza Popular,15,128,161,12,21,192,contabilizada
M00197-06,D00197,EG2026-PRES,ORG02,Juntos por el Peru,26,128,161,12,21,192,contabilizada
M00197-06,D00197,EG2026-PRES,ORG03,Renovacion Popular,9,128,161,12,21,192,contabilizada
M00197-06,D00197,EG2026-PRES,ORG04,Partido del Buen Gobierno,14,128,161,12,21,192,contabilizada
M00197-06,D00197,EG2026-PRES,ORG05,Otros,64,128,161,12,21,192,contabilizada
M00198-01,D00198,EG2026-PRES,ORG01,Fuerza Popular,25,215,261,17,29,308,contabilizada
M00198-01,D00198,EG2026-PRES,ORG02,Juntos por el Peru,26,215,261,17,29,308,contabilizada
M00198-01,D00198,EG2026-PRES,ORG03,Renovacion Popular,32,215,261,17,29,308,contabilizada
M00198-01,D00198,EG2026-PRES,ORG04,Partido del Buen Gobierno,21,215,261,17,29,308,contabilizada
M00198-01,D00198,EG2026-PRES,ORG05,Otros,111,215,261,17,29,308,contabilizada
M00198-02,D00198,EG2026-PRES,ORG01,Fuerza Popular,52,267,320,18,35,416,contabilizada
M00198-02,D00198,EG2026-PRES,ORG02,Juntos por el Peru,35,267,320,18,35,416,contabilizada
M00198-02,D00198,EG2026-PRES,ORG03,Renovacion Popular,43,267,320,18,35,416,contabilizada
M00198-02,D00198,EG2026-PRES,ORG04,Partido del Buen Gobierno,25,267,320,18,35,416,contabilizada
M00198-02,D00198,EG2026-PRES,ORG05,Otros,112,267,320,18,35,416,contabilizada
M00198-03,D00198,EG2026-PRES,ORG01,Fuerza Popular,20,125,149,10,14,229,contabilizada
M00198-03,D00198,EG2026-PRES,ORG02,Juntos por el Peru,16,125,149,10,14,229,contabilizada
M00198-03,D00198,EG2026-PRES,ORG03,Renovacion Popular,17,125,149,10,14,229,contabilizada
M00198-03,D00198,EG2026-PRES,ORG04,Partido del Buen Gobierno,12,125,149,10,14,229,contabilizada
M00198-03,D00198,EG2026-PRES,ORG05,Otros,60,125,149,10,14,229,contabilizada
M00198-04,D00198,EG2026-PRES,ORG01,Fuerza Popular,22,138,164,11,15,203,contabilizada
M00198-04,D00198,EG2026-PRES,ORG02,Juntos por el Peru,19,138,164,11,15,203,contabilizada
M00198-04,D00198,EG2026-PRES,ORG03,Renovacion Popular,18,138,164,11,15,203,contabilizada
M00198-04,D00198,EG2026-PRES,ORG04,Partido del Buen Gobierno,19,138,164,11,15,203,contabilizada
M00198-04,D00198,EG2026-PRES,ORG05,Otros,60,138,164,11,15,203,contabilizada
M00198-05,D00198,EG2026-PRES,ORG01,Fuerza Popular,30,159,193,15,19,250,contabilizada
M00198-05,D00198,EG2026-PRES,ORG02,Juntos por el Peru,19,159,193,15,19,250,contabilizada
M00198-05,D00198,EG2026-PRES,ORG03,Renovacion Popular,18,159,193,15,19,250,contabilizada
M00198-05,D00198,EG2026-PRES,ORG04,Partido del Buen Gobierno,20,159,193,15,19,250,contabilizada
M00198-05,D00198,EG2026-PRES,ORG05,Otros,72,159,193,15,19,250,contabilizada
M00198-06,D00198,EG2026-PRES,ORG01,Fuerza Popular,33,198,231,10,23,290,contabilizada
M00198-06,D00198,EG2026-PRES,ORG02,Juntos por el Peru,20,198,231,10,23,290,contabilizada
M00198-06,D00198,EG2026-PRES,ORG03,Renovacion Popular,23,198,231,10,23,290,contabilizada
M00198-06,D00198,EG2026-PRES,ORG04,Partido del Buen Gobierno,26,198,231,10,23,290,contabilizada
M00198-06,D00198,EG2026-PRES,ORG05,Otros,96,198,231,10,23,290,contabilizada
M00199-01,D00199,EG2026-PRES,ORG01,Fuerza Popular,27,211,238,10,17,305,contabilizada
M00199-01,D00199,EG2026-PRES,ORG02,Juntos por el Peru,34,211,238,10,17,305,contabilizada
M00199-01,D00199,EG2026-PRES,ORG03,Renovacion Popular,15,211,238,10,17,305,contabilizada
M00199-01,D00199,EG2026-PRES,ORG04,Partido del Buen Gobierno,21,211,238,10,17,305,contabilizada
M00199-01,D00199,EG2026-PRES,ORG05,Otros,114,211,238,10,17,305,contabilizada
M00199-02,D00199,EG2026-PRES,ORG01,Fuerza Popular,37,248,286,17,21,382,contabilizada
M00199-02,D00199,EG2026-PRES,ORG02,Juntos por el Peru,40,248,286,17,21,382,contabilizada
M00199-02,D00199,EG2026-PRES,ORG03,Renovacion Popular,21,248,286,17,21,382,contabilizada
M00199-02,D00199,EG2026-PRES,ORG04,Partido del Buen Gobierno,29,248,286,17,21,382,contabilizada
M00199-02,D00199,EG2026-PRES,ORG05,Otros,121,248,286,17,21,382,contabilizada
M00200-01,D00200,EG2026-PRES,ORG01,Fuerza Popular,42,212,256,19,25,314,contabilizada
M00200-01,D00200,EG2026-PRES,ORG02,Juntos por el Peru,22,212,256,19,25,314,contabilizada
M00200-01,D00200,EG2026-PRES,ORG03,Renovacion Popular,41,212,256,19,25,314,contabilizada
M00200-01,D00200,EG2026-PRES,ORG04,Partido del Buen Gobierno,20,212,256,19,25,314,contabilizada
M00200-01,D00200,EG2026-PRES,ORG05,Otros,87,212,256,19,25,314,contabilizada
M00200-02,D00200,EG2026-PRES,ORG01,Fuerza Popular,39,173,209,15,21,295,contabilizada
M00200-02,D00200,EG2026-PRES,ORG02,Juntos por el Peru,24,173,209,15,21,295,contabilizada
M00200-02,D00200,EG2026-PRES,ORG03,Renovacion Popular,38,173,209,15,21,295,contabilizada
M00200-02,D00200,EG2026-PRES,ORG04,Partido del Buen Gobierno,23,173,209,15,21,295,contabilizada
M00200-02,D00200,EG2026-PRES,ORG05,Otros,49,173,209,15,21,295,contabilizada
M00200-03,D00200,EG2026-PRES,ORG01,Fuerza Popular,46,244,294,18,32,327,contabilizada
M00200-03,D00200,EG2026-PRES,ORG02,Juntos por el Peru,20,244,294,18,32,327,contabilizada
M00200-03,D00200,EG2026-PRES,ORG03,Renovacion Popular,53,244,294,18,32,327,contabilizada
M00200-03,D00200,EG2026-PRES,ORG04,Partido del Buen Gobierno,36,244,294,18,32,327,contabilizada
M00200-03,D00200,EG2026-PRES,ORG05,Otros,89,244,294,18,32,327,contabilizada
M00200-04,D00200,EG2026-PRES,ORG01,Fuerza Popular,30,162,196,14,20,255,contabilizada
M00200-04,D00200,EG2026-PRES,ORG02,Juntos por el Peru,22,162,196,14,20,255,contabilizada
M00200-04,D00200,EG2026-PRES,ORG03,Renovacion Popular,34,162,196,14,20,255,contabilizada
M00200-04,D00200,EG2026-PRES,ORG04,Partido del Buen Gobierno,21,162,196,14,20,255,contabilizada
M00200-04,D00200,EG2026-PRES,ORG05,Otros,55,162,196,14,20,255,contabilizada
M00200-05,D00200,EG2026-PRES,ORG01,Fuerza Popular,25,109,127,4,14,199,observada
M00200-05,D00200,EG2026-PRES,ORG02,Juntos por el Peru,15,109,127,4,14,199,observada
M00200-05,D00200,EG2026-PRES,ORG03,Renovacion Popular,19,109,127,4,14,199,observada
M00200-05,D00200,EG2026-PRES,ORG04,Partido del Buen Gobierno,19,109,127,4,14,199,observada
M00200-05,D00200,EG2026-PRES,ORG05,Otros,31,109,127,4,14,199,observada
M00201-01,D00201,EG2026-PRES,ORG01,Fuerza Popular,22,145,175,13,17,281,contabilizada
M00201-01,D00201,EG2026-PRES,ORG02,Juntos por el Peru,24,145,175,13,17,281,contabilizada
M00201-01,D00201,EG2026-PRES,ORG03,Renovacion Popular,15,145,175,13,17,281,contabilizada
M00201-01,D00201,EG2026-PRES,ORG04,Partido del Buen Gobierno,17,145,175,13,17,281,contabilizada
M00201-01,D00201,EG2026-PRES,ORG05,Otros,67,145,175,13,17,281,contabilizada
M00201-02,D00201,EG2026-PRES,ORG01,Fuerza Popular,15,179,212,11,22,256,contabilizada
M00201-02,D00201,EG2026-PRES,ORG02,Juntos por el Peru,34,179,212,11,22,256,contabilizada
M00201-02,D00201,EG2026-PRES,ORG03,Renovacion Popular,12,179,212,11,22,256,contabilizada
M00201-02,D00201,EG2026-PRES,ORG04,Partido del Buen Gobierno,29,179,212,11,22,256,contabilizada
M00201-02,D00201,EG2026-PRES,ORG05,Otros,89,179,212,11,22,256,contabilizada
M00201-03,D00201,EG2026-PRES,ORG01,Fuerza Popular,17,129,151,5,17,185,contabilizada
M00201-03,D00201,EG2026-PRES,ORG02,Juntos por el Peru,27,129,151,5,17,185,contabilizada
M00201-03,D00201,EG2026-PRES,ORG03,Renovacion Popular,11,129,151,5,17,185,contabilizada
M00201-03,D00201,EG2026-PRES,ORG04,Partido del Buen Gobierno,11,129,151,5,17,185,contabilizada
M00201-03,D00201,EG2026-PRES,ORG05,Otros,63,129,151,5,17,185,contabilizada
M00201-04,D00201,EG2026-PRES,ORG01,Fuerza Popular,44,268,305,10,27,411,contabilizada
M00201-04,D00201,EG2026-PRES,ORG02,Juntos por el Peru,48,268,305,10,27,411,contabilizada
M00201-04,D00201,EG2026-PRES,ORG03,Renovacion Popular,23,268,305,10,27,411,contabilizada
M00201-04,D00201,EG2026-PRES,ORG04,Partido del Buen Gobierno,30,268,305,10,27,411,contabilizada
M00201-04,D00201,EG2026-PRES,ORG05,Otros,123,268,305,10,27,411,contabilizada
M00201-05,D00201,EG2026-PRES,ORG01,Fuerza Popular,9,105,134,10,19,185,observada
M00201-05,D00201,EG2026-PRES,ORG02,Juntos por el Peru,29,105,134,10,19,185,observada
M00201-05,D00201,EG2026-PRES,ORG03,Renovacion Popular,6,105,134,10,19,185,observada
M00201-05,D00201,EG2026-PRES,ORG04,Partido del Buen Gobierno,14,105,134,10,19,185,observada
M00201-05,D00201,EG2026-PRES,ORG05,Otros,47,105,134,10,19,185,observada
M00201-06,D00201,EG2026-PRES,ORG01,Fuerza Popular,26,183,210,11,16,300,contabilizada
M00201-06,D00201,EG2026-PRES,ORG02,Juntos por el Peru,36,183,210,11,16,300,contabilizada
M00201-06,D00201,EG2026-PRES,ORG03,Renovacion Popular,14,183,210,11,16,300,contabilizada
M00201-06,D00201,EG2026-PRES,ORG04,Partido del Buen Gobierno,24,183,210,11,16,300,contabilizada
M00201-06,D00201,EG2026-PRES,ORG05,Otros,83,183,210,11,16,300,contabilizada
M00202-01,D00202,EG2026-PRES,ORG01,Fuerza Popular,56,266,317,22,29,403,observada
M00202-01,D00202,EG2026-PRES,ORG02,Juntos por el Peru,23,266,317,22,29,403,observada
M00202-01,D00202,EG2026-PRES,ORG03,Renovacion Popular,48,266,317,22,29,403,observada
M00202-01,D00202,EG2026-PRES,ORG04,Partido del Buen Gobierno,44,266,317,22,29,403,observada
M00202-01,D00202,EG2026-PRES,ORG05,Otros,95,266,317,22,29,403,observada
M00202-02,D00202,EG2026-PRES,ORG01,Fuerza Popular,47,231,302,21,50,365,contabilizada
M00202-02,D00202,EG2026-PRES,ORG02,Juntos por el Peru,29,231,302,21,50,365,contabilizada
M00202-02,D00202,EG2026-PRES,ORG03,Renovacion Popular,45,231,302,21,50,365,contabilizada
M00202-02,D00202,EG2026-PRES,ORG04,Partido del Buen Gobierno,32,231,302,21,50,365,contabilizada
M00202-02,D00202,EG2026-PRES,ORG05,Otros,78,231,302,21,50,365,contabilizada
M00202-03,D00202,EG2026-PRES,ORG01,Fuerza Popular,40,211,259,17,31,343,contabilizada
M00202-03,D00202,EG2026-PRES,ORG02,Juntos por el Peru,29,211,259,17,31,343,contabilizada
M00202-03,D00202,EG2026-PRES,ORG03,Renovacion Popular,27,211,259,17,31,343,contabilizada
M00202-03,D00202,EG2026-PRES,ORG04,Partido del Buen Gobierno,29,211,259,17,31,343,contabilizada
M00202-03,D00202,EG2026-PRES,ORG05,Otros,86,211,259,17,31,343,contabilizada
M00202-04,D00202,EG2026-PRES,ORG01,Fuerza Popular,38,184,217,8,25,295,contabilizada
M00202-04,D00202,EG2026-PRES,ORG02,Juntos por el Peru,18,184,217,8,25,295,contabilizada
M00202-04,D00202,EG2026-PRES,ORG03,Renovacion Popular,31,184,217,8,25,295,contabilizada
M00202-04,D00202,EG2026-PRES,ORG04,Partido del Buen Gobierno,27,184,217,8,25,295,contabilizada
M00202-04,D00202,EG2026-PRES,ORG05,Otros,70,184,217,8,25,295,contabilizada
M00203-01,D00203,EG2026-PRES,ORG01,Fuerza Popular,39,192,222,9,21,317,pendiente
M00203-01,D00203,EG2026-PRES,ORG02,Juntos por el Peru,23,192,222,9,21,317,pendiente
M00203-01,D00203,EG2026-PRES,ORG03,Renovacion Popular,32,192,222,9,21,317,pendiente
M00203-01,D00203,EG2026-PRES,ORG04,Partido del Buen Gobierno,16,192,222,9,21,317,pendiente
M00203-01,D00203,EG2026-PRES,ORG05,Otros,82,192,222,9,21,317,pendiente
M00203-02,D00203,EG2026-PRES,ORG01,Fuerza Popular,31,164,201,12,25,246,contabilizada
M00203-02,D00203,EG2026-PRES,ORG02,Juntos por el Peru,16,164,201,12,25,246,contabilizada
M00203-02,D00203,EG2026-PRES,ORG03,Renovacion Popular,23,164,201,12,25,246,contabilizada
M00203-02,D00203,EG2026-PRES,ORG04,Partido del Buen Gobierno,22,164,201,12,25,246,contabilizada
M00203-02,D00203,EG2026-PRES,ORG05,Otros,72,164,201,12,25,246,contabilizada
M00203-03,D00203,EG2026-PRES,ORG01,Fuerza Popular,23,105,122,7,10,187,contabilizada
M00203-03,D00203,EG2026-PRES,ORG02,Juntos por el Peru,12,105,122,7,10,187,contabilizada
M00203-03,D00203,EG2026-PRES,ORG03,Renovacion Popular,24,105,122,7,10,187,contabilizada
M00203-03,D00203,EG2026-PRES,ORG04,Partido del Buen Gobierno,15,105,122,7,10,187,contabilizada
M00203-03,D00203,EG2026-PRES,ORG05,Otros,31,105,122,7,10,187,contabilizada
M00203-04,D00203,EG2026-PRES,ORG01,Fuerza Popular,28,136,161,11,14,258,contabilizada
M00203-04,D00203,EG2026-PRES,ORG02,Juntos por el Peru,13,136,161,11,14,258,contabilizada
M00203-04,D00203,EG2026-PRES,ORG03,Renovacion Popular,25,136,161,11,14,258,contabilizada
M00203-04,D00203,EG2026-PRES,ORG04,Partido del Buen Gobierno,18,136,161,11,14,258,contabilizada
M00203-04,D00203,EG2026-PRES,ORG05,Otros,52,136,161,11,14,258,contabilizada
M00203-05,D00203,EG2026-PRES,ORG01,Fuerza Popular,31,209,243,16,18,312,contabilizada
M00203-05,D00203,EG2026-PRES,ORG02,Juntos por el Peru,14,209,243,16,18,312,contabilizada
M00203-05,D00203,EG2026-PRES,ORG03,Renovacion Popular,35,209,243,16,18,312,contabilizada
M00203-05,D00203,EG2026-PRES,ORG04,Partido del Buen Gobierno,31,209,243,16,18,312,contabilizada
M00203-05,D00203,EG2026-PRES,ORG05,Otros,98,209,243,16,18,312,contabilizada
M00204-01,D00204,EG2026-PRES,ORG01,Fuerza Popular,30,183,211,6,22,361,contabilizada
M00204-01,D00204,EG2026-PRES,ORG02,Juntos por el Peru,27,183,211,6,22,361,contabilizada
M00204-01,D00204,EG2026-PRES,ORG03,Renovacion Popular,26,183,211,6,22,361,contabilizada
M00204-01,D00204,EG2026-PRES,ORG04,Partido del Buen Gobierno,24,183,211,6,22,361,contabilizada
M00204-01,D00204,EG2026-PRES,ORG05,Otros,76,183,211,6,22,361,contabilizada
M00204-02,D00204,EG2026-PRES,ORG01,Fuerza Popular,47,223,259,13,23,380,contabilizada
M00204-02,D00204,EG2026-PRES,ORG02,Juntos por el Peru,33,223,259,13,23,380,contabilizada
M00204-02,D00204,EG2026-PRES,ORG03,Renovacion Popular,52,223,259,13,23,380,contabilizada
M00204-02,D00204,EG2026-PRES,ORG04,Partido del Buen Gobierno,30,223,259,13,23,380,contabilizada
M00204-02,D00204,EG2026-PRES,ORG05,Otros,61,223,259,13,23,380,contabilizada
M00205-01,D00205,EG2026-PRES,ORG01,Fuerza Popular,36,192,212,5,15,302,contabilizada
M00205-01,D00205,EG2026-PRES,ORG02,Juntos por el Peru,24,192,212,5,15,302,contabilizada
M00205-01,D00205,EG2026-PRES,ORG03,Renovacion Popular,26,192,212,5,15,302,contabilizada
M00205-01,D00205,EG2026-PRES,ORG04,Partido del Buen Gobierno,28,192,212,5,15,302,contabilizada
M00205-01,D00205,EG2026-PRES,ORG05,Otros,78,192,212,5,15,302,contabilizada
M00205-02,D00205,EG2026-PRES,ORG01,Fuerza Popular,30,206,240,13,21,391,contabilizada
M00205-02,D00205,EG2026-PRES,ORG02,Juntos por el Peru,31,206,240,13,21,391,contabilizada
M00205-02,D00205,EG2026-PRES,ORG03,Renovacion Popular,32,206,240,13,21,391,contabilizada
M00205-02,D00205,EG2026-PRES,ORG04,Partido del Buen Gobierno,25,206,240,13,21,391,contabilizada
M00205-02,D00205,EG2026-PRES,ORG05,Otros,88,206,240,13,21,391,contabilizada
M00205-03,D00205,EG2026-PRES,ORG01,Fuerza Popular,35,218,259,11,30,350,observada
M00205-03,D00205,EG2026-PRES,ORG02,Juntos por el Peru,20,218,259,11,30,350,observada
M00205-03,D00205,EG2026-PRES,ORG03,Renovacion Popular,24,218,259,11,30,350,observada
M00205-03,D00205,EG2026-PRES,ORG04,Partido del Buen Gobierno,21,218,259,11,30,350,observada
M00205-03,D00205,EG2026-PRES,ORG05,Otros,118,218,259,11,30,350,observada
M00206-01,D00206,EG2026-PRES,ORG01,Fuerza Popular,28,271,317,23,23,411,contabilizada
M00206-01,D00206,EG2026-PRES,ORG02,Juntos por el Peru,70,271,317,23,23,411,contabilizada
M00206-01,D00206,EG2026-PRES,ORG03,Renovacion Popular,24,271,317,23,23,411,contabilizada
M00206-01,D00206,EG2026-PRES,ORG04,Partido del Buen Gobierno,24,271,317,23,23,411,contabilizada
M00206-01,D00206,EG2026-PRES,ORG05,Otros,125,271,317,23,23,411,contabilizada
M00206-02,D00206,EG2026-PRES,ORG01,Fuerza Popular,26,216,246,8,22,351,contabilizada
M00206-02,D00206,EG2026-PRES,ORG02,Juntos por el Peru,42,216,246,8,22,351,contabilizada
M00206-02,D00206,EG2026-PRES,ORG03,Renovacion Popular,16,216,246,8,22,351,contabilizada
M00206-02,D00206,EG2026-PRES,ORG04,Partido del Buen Gobierno,21,216,246,8,22,351,contabilizada
M00206-02,D00206,EG2026-PRES,ORG05,Otros,111,216,246,8,22,351,contabilizada
M00206-03,D00206,EG2026-PRES,ORG01,Fuerza Popular,28,224,260,10,26,358,contabilizada
M00206-03,D00206,EG2026-PRES,ORG02,Juntos por el Peru,45,224,260,10,26,358,contabilizada
M00206-03,D00206,EG2026-PRES,ORG03,Renovacion Popular,18,224,260,10,26,358,contabilizada
M00206-03,D00206,EG2026-PRES,ORG04,Partido del Buen Gobierno,28,224,260,10,26,358,contabilizada
M00206-03,D00206,EG2026-PRES,ORG05,Otros,105,224,260,10,26,358,contabilizada
M00206-04,D00206,EG2026-PRES,ORG01,Fuerza Popular,31,245,282,16,21,397,contabilizada
M00206-04,D00206,EG2026-PRES,ORG02,Juntos por el Peru,60,245,282,16,21,397,contabilizada
M00206-04,D00206,EG2026-PRES,ORG03,Renovacion Popular,22,245,282,16,21,397,contabilizada
M00206-04,D00206,EG2026-PRES,ORG04,Partido del Buen Gobierno,31,245,282,16,21,397,contabilizada
M00206-04,D00206,EG2026-PRES,ORG05,Otros,101,245,282,16,21,397,contabilizada
M00207-01,D00207,EG2026-PRES,ORG01,Fuerza Popular,29,159,173,3,11,246,contabilizada
M00207-01,D00207,EG2026-PRES,ORG02,Juntos por el Peru,24,159,173,3,11,246,contabilizada
M00207-01,D00207,EG2026-PRES,ORG03,Renovacion Popular,17,159,173,3,11,246,contabilizada
M00207-01,D00207,EG2026-PRES,ORG04,Partido del Buen Gobierno,20,159,173,3,11,246,contabilizada
M00207-01,D00207,EG2026-PRES,ORG05,Otros,69,159,173,3,11,246,contabilizada
M00207-02,D00207,EG2026-PRES,ORG01,Fuerza Popular,40,178,215,14,23,244,contabilizada
M00207-02,D00207,EG2026-PRES,ORG02,Juntos por el Peru,27,178,215,14,23,244,contabilizada
M00207-02,D00207,EG2026-PRES,ORG03,Renovacion Popular,28,178,215,14,23,244,contabilizada
M00207-02,D00207,EG2026-PRES,ORG04,Partido del Buen Gobierno,23,178,215,14,23,244,contabilizada
M00207-02,D00207,EG2026-PRES,ORG05,Otros,60,178,215,14,23,244,contabilizada
M00207-03,D00207,EG2026-PRES,ORG01,Fuerza Popular,35,218,267,20,29,310,contabilizada
M00207-03,D00207,EG2026-PRES,ORG02,Juntos por el Peru,37,218,267,20,29,310,contabilizada
M00207-03,D00207,EG2026-PRES,ORG03,Renovacion Popular,26,218,267,20,29,310,contabilizada
M00207-03,D00207,EG2026-PRES,ORG04,Partido del Buen Gobierno,23,218,267,20,29,310,contabilizada
M00207-03,D00207,EG2026-PRES,ORG05,Otros,97,218,267,20,29,310,contabilizada
M00207-04,D00207,EG2026-PRES,ORG01,Fuerza Popular,24,156,185,13,16,284,contabilizada
M00207-04,D00207,EG2026-PRES,ORG02,Juntos por el Peru,24,156,185,13,16,284,contabilizada
M00207-04,D00207,EG2026-PRES,ORG03,Renovacion Popular,29,156,185,13,16,284,contabilizada
M00207-04,D00207,EG2026-PRES,ORG04,Partido del Buen Gobierno,18,156,185,13,16,284,contabilizada
M00207-04,D00207,EG2026-PRES,ORG05,Otros,61,156,185,13,16,284,contabilizada
M00207-05,D00207,EG2026-PRES,ORG01,Fuerza Popular,40,185,219,9,25,275,contabilizada
M00207-05,D00207,EG2026-PRES,ORG02,Juntos por el Peru,34,185,219,9,25,275,contabilizada
M00207-05,D00207,EG2026-PRES,ORG03,Renovacion Popular,23,185,219,9,25,275,contabilizada
M00207-05,D00207,EG2026-PRES,ORG04,Partido del Buen Gobierno,23,185,219,9,25,275,contabilizada
M00207-05,D00207,EG2026-PRES,ORG05,Otros,65,185,219,9,25,275,contabilizada
M00207-06,D00207,EG2026-PRES,ORG01,Fuerza Popular,34,219,264,20,25,375,contabilizada
M00207-06,D00207,EG2026-PRES,ORG02,Juntos por el Peru,33,219,264,20,25,375,contabilizada
M00207-06,D00207,EG2026-PRES,ORG03,Renovacion Popular,30,219,264,20,25,375,contabilizada
M00207-06,D00207,EG2026-PRES,ORG04,Partido del Buen Gobierno,24,219,264,20,25,375,contabilizada
M00207-06,D00207,EG2026-PRES,ORG05,Otros,98,219,264,20,25,375,contabilizada
M00208-01,D00208,EG2026-PRES,ORG01,Fuerza Popular,24,204,232,19,9,280,contabilizada
M00208-01,D00208,EG2026-PRES,ORG02,Juntos por el Peru,41,204,232,19,9,280,contabilizada
M00208-01,D00208,EG2026-PRES,ORG03,Renovacion Popular,9,204,232,19,9,280,contabilizada
M00208-01,D00208,EG2026-PRES,ORG04,Partido del Buen Gobierno,29,204,232,19,9,280,contabilizada
M00208-01,D00208,EG2026-PRES,ORG05,Otros,101,204,232,19,9,280,contabilizada
M00208-02,D00208,EG2026-PRES,ORG01,Fuerza Popular,36,245,278,15,18,365,contabilizada
M00208-02,D00208,EG2026-PRES,ORG02,Juntos por el Peru,51,245,278,15,18,365,contabilizada
M00208-02,D00208,EG2026-PRES,ORG03,Renovacion Popular,19,245,278,15,18,365,contabilizada
M00208-02,D00208,EG2026-PRES,ORG04,Partido del Buen Gobierno,28,245,278,15,18,365,contabilizada
M00208-02,D00208,EG2026-PRES,ORG05,Otros,111,245,278,15,18,365,contabilizada
M00209-01,D00209,EG2026-PRES,ORG01,Fuerza Popular,38,240,287,17,30,419,contabilizada
M00209-01,D00209,EG2026-PRES,ORG02,Juntos por el Peru,34,240,287,17,30,419,contabilizada
M00209-01,D00209,EG2026-PRES,ORG03,Renovacion Popular,31,240,287,17,30,419,contabilizada
M00209-01,D00209,EG2026-PRES,ORG04,Partido del Buen Gobierno,40,240,287,17,30,419,contabilizada
M00209-01,D00209,EG2026-PRES,ORG05,Otros,97,240,287,17,30,419,contabilizada
M00209-02,D00209,EG2026-PRES,ORG01,Fuerza Popular,27,167,200,9,24,259,contabilizada
M00209-02,D00209,EG2026-PRES,ORG02,Juntos por el Peru,29,167,200,9,24,259,contabilizada
M00209-02,D00209,EG2026-PRES,ORG03,Renovacion Popular,20,167,200,9,24,259,contabilizada
M00209-02,D00209,EG2026-PRES,ORG04,Partido del Buen Gobierno,20,167,200,9,24,259,contabilizada
M00209-02,D00209,EG2026-PRES,ORG05,Otros,71,167,200,9,24,259,contabilizada
M00209-03,D00209,EG2026-PRES,ORG01,Fuerza Popular,19,119,140,8,13,198,contabilizada
M00209-03,D00209,EG2026-PRES,ORG02,Juntos por el Peru,12,119,140,8,13,198,contabilizada
M00209-03,D00209,EG2026-PRES,ORG03,Renovacion Popular,20,119,140,8,13,198,contabilizada
M00209-03,D00209,EG2026-PRES,ORG04,Partido del Buen Gobierno,15,119,140,8,13,198,contabilizada
M00209-03,D00209,EG2026-PRES,ORG05,Otros,53,119,140,8,13,198,contabilizada
M00209-04,D00209,EG2026-PRES,ORG01,Fuerza Popular,35,200,237,14,23,339,contabilizada
M00209-04,D00209,EG2026-PRES,ORG02,Juntos por el Peru,28,200,237,14,23,339,contabilizada
M00209-04,D00209,EG2026-PRES,ORG03,Renovacion Popular,26,200,237,14,23,339,contabilizada
M00209-04,D00209,EG2026-PRES,ORG04,Partido del Buen Gobierno,29,200,237,14,23,339,contabilizada
M00209-04,D00209,EG2026-PRES,ORG05,Otros,82,200,237,14,23,339,contabilizada
M00210-01,D00210,EG2026-PRES,ORG01,Fuerza Popular,16,95,113,5,13,180,contabilizada
M00210-01,D00210,EG2026-PRES,ORG02,Juntos por el Peru,28,95,113,5,13,180,contabilizada
M00210-01,D00210,EG2026-PRES,ORG03,Renovacion Popular,9,95,113,5,13,180,contabilizada
M00210-01,D00210,EG2026-PRES,ORG04,Partido del Buen Gobierno,10,95,113,5,13,180,contabilizada
M00210-01,D00210,EG2026-PRES,ORG05,Otros,32,95,113,5,13,180,contabilizada
M00210-02,D00210,EG2026-PRES,ORG01,Fuerza Popular,12,117,141,7,17,219,contabilizada
M00210-02,D00210,EG2026-PRES,ORG02,Juntos por el Peru,26,117,141,7,17,219,contabilizada
M00210-02,D00210,EG2026-PRES,ORG03,Renovacion Popular,10,117,141,7,17,219,contabilizada
M00210-02,D00210,EG2026-PRES,ORG04,Partido del Buen Gobierno,13,117,141,7,17,219,contabilizada
M00210-02,D00210,EG2026-PRES,ORG05,Otros,56,117,141,7,17,219,contabilizada
M00210-03,D00210,EG2026-PRES,ORG01,Fuerza Popular,40,266,312,17,29,380,contabilizada
M00210-03,D00210,EG2026-PRES,ORG02,Juntos por el Peru,63,266,312,17,29,380,contabilizada
M00210-03,D00210,EG2026-PRES,ORG03,Renovacion Popular,18,266,312,17,29,380,contabilizada
M00210-03,D00210,EG2026-PRES,ORG04,Partido del Buen Gobierno,27,266,312,17,29,380,contabilizada
M00210-03,D00210,EG2026-PRES,ORG05,Otros,118,266,312,17,29,380,contabilizada
M00210-04,D00210,EG2026-PRES,ORG01,Fuerza Popular,20,151,178,9,18,244,contabilizada
M00210-04,D00210,EG2026-PRES,ORG02,Juntos por el Peru,22,151,178,9,18,244,contabilizada
M00210-04,D00210,EG2026-PRES,ORG03,Renovacion Popular,10,151,178,9,18,244,contabilizada
M00210-04,D00210,EG2026-PRES,ORG04,Partido del Buen Gobierno,13,151,178,9,18,244,contabilizada
M00210-04,D00210,EG2026-PRES,ORG05,Otros,86,151,178,9,18,244,contabilizada
M00210-05,D00210,EG2026-PRES,ORG01,Fuerza Popular,21,168,213,21,24,296,contabilizada
M00210-05,D00210,EG2026-PRES,ORG02,Juntos por el Peru,29,168,213,21,24,296,contabilizada
M00210-05,D00210,EG2026-PRES,ORG03,Renovacion Popular,11,168,213,21,24,296,contabilizada
M00210-05,D00210,EG2026-PRES,ORG04,Partido del Buen Gobierno,15,168,213,21,24,296,contabilizada
M00210-05,D00210,EG2026-PRES,ORG05,Otros,92,168,213,21,24,296,contabilizada
M00211-01,D00211,EG2026-PRES,ORG01,Fuerza Popular,39,195,243,19,29,334,contabilizada
M00211-01,D00211,EG2026-PRES,ORG02,Juntos por el Peru,20,195,243,19,29,334,contabilizada
M00211-01,D00211,EG2026-PRES,ORG03,Renovacion Popular,31,195,243,19,29,334,contabilizada
M00211-01,D00211,EG2026-PRES,ORG04,Partido del Buen Gobierno,35,195,243,19,29,334,contabilizada
M00211-01,D00211,EG2026-PRES,ORG05,Otros,70,195,243,19,29,334,contabilizada
M00211-02,D00211,EG2026-PRES,ORG01,Fuerza Popular,33,162,197,16,19,234,contabilizada
M00211-02,D00211,EG2026-PRES,ORG02,Juntos por el Peru,12,162,197,16,19,234,contabilizada
M00211-02,D00211,EG2026-PRES,ORG03,Renovacion Popular,25,162,197,16,19,234,contabilizada
M00211-02,D00211,EG2026-PRES,ORG04,Partido del Buen Gobierno,25,162,197,16,19,234,contabilizada
M00211-02,D00211,EG2026-PRES,ORG05,Otros,67,162,197,16,19,234,contabilizada
M00212-01,D00212,EG2026-PRES,ORG01,Fuerza Popular,47,269,313,27,17,363,contabilizada
M00212-01,D00212,EG2026-PRES,ORG02,Juntos por el Peru,54,269,313,27,17,363,contabilizada
M00212-01,D00212,EG2026-PRES,ORG03,Renovacion Popular,33,269,313,27,17,363,contabilizada
M00212-01,D00212,EG2026-PRES,ORG04,Partido del Buen Gobierno,37,269,313,27,17,363,contabilizada
M00212-01,D00212,EG2026-PRES,ORG05,Otros,98,269,313,27,17,363,contabilizada
M00212-02,D00212,EG2026-PRES,ORG01,Fuerza Popular,14,149,171,6,16,227,contabilizada
M00212-02,D00212,EG2026-PRES,ORG02,Juntos por el Peru,26,149,171,6,16,227,contabilizada
M00212-02,D00212,EG2026-PRES,ORG03,Renovacion Popular,12,149,171,6,16,227,contabilizada
M00212-02,D00212,EG2026-PRES,ORG04,Partido del Buen Gobierno,13,149,171,6,16,227,contabilizada
M00212-02,D00212,EG2026-PRES,ORG05,Otros,84,149,171,6,16,227,contabilizada
M00212-03,D00212,EG2026-PRES,ORG01,Fuerza Popular,31,227,263,21,15,388,contabilizada
M00212-03,D00212,EG2026-PRES,ORG02,Juntos por el Peru,53,227,263,21,15,388,contabilizada
M00212-03,D00212,EG2026-PRES,ORG03,Renovacion Popular,17,227,263,21,15,388,contabilizada
M00212-03,D00212,EG2026-PRES,ORG04,Partido del Buen Gobierno,34,227,263,21,15,388,contabilizada
M00212-03,D00212,EG2026-PRES,ORG05,Otros,92,227,263,21,15,388,contabilizada
M00212-04,D00212,EG2026-PRES,ORG01,Fuerza Popular,19,140,163,9,14,237,contabilizada
M00212-04,D00212,EG2026-PRES,ORG02,Juntos por el Peru,26,140,163,9,14,237,contabilizada
M00212-04,D00212,EG2026-PRES,ORG03,Renovacion Popular,12,140,163,9,14,237,contabilizada
M00212-04,D00212,EG2026-PRES,ORG04,Partido del Buen Gobierno,14,140,163,9,14,237,contabilizada
M00212-04,D00212,EG2026-PRES,ORG05,Otros,69,140,163,9,14,237,contabilizada
M00212-05,D00212,EG2026-PRES,ORG01,Fuerza Popular,24,190,225,16,19,304,contabilizada
M00212-05,D00212,EG2026-PRES,ORG02,Juntos por el Peru,34,190,225,16,19,304,contabilizada
M00212-05,D00212,EG2026-PRES,ORG03,Renovacion Popular,14,190,225,16,19,304,contabilizada
M00212-05,D00212,EG2026-PRES,ORG04,Partido del Buen Gobierno,24,190,225,16,19,304,contabilizada
M00212-05,D00212,EG2026-PRES,ORG05,Otros,94,190,225,16,19,304,contabilizada
M00212-06,D00212,EG2026-PRES,ORG01,Fuerza Popular,13,122,141,4,15,196,contabilizada
M00212-06,D00212,EG2026-PRES,ORG02,Juntos por el Peru,30,122,141,4,15,196,contabilizada
M00212-06,D00212,EG2026-PRES,ORG03,Renovacion Popular,8,122,141,4,15,196,contabilizada
M00212-06,D00212,EG2026-PRES,ORG04,Partido del Buen Gobierno,17,122,141,4,15,196,contabilizada
M00212-06,D00212,EG2026-PRES,ORG05,Otros,54,122,141,4,15,196,contabilizada
M00213-01,D00213,EG2026-PRES,ORG01,Fuerza Popular,28,171,199,11,17,264,contabilizada
M00213-01,D00213,EG2026-PRES,ORG02,Juntos por el Peru,19,171,199,11,17,264,contabilizada
M00213-01,D00213,EG2026-PRES,ORG03,Renovacion Popular,20,171,199,11,17,264,contabilizada
M00213-01,D00213,EG2026-PRES,ORG04,Partido del Buen Gobierno,18,171,199,11,17,264,contabilizada
M00213-01,D00213,EG2026-PRES,ORG05,Otros,86,171,199,11,17,264,contabilizada
M00213-02,D00213,EG2026-PRES,ORG01,Fuerza Popular,20,103,119,8,8,181,contabilizada
M00213-02,D00213,EG2026-PRES,ORG02,Juntos por el Peru,19,103,119,8,8,181,contabilizada
M00213-02,D00213,EG2026-PRES,ORG03,Renovacion Popular,18,103,119,8,8,181,contabilizada
M00213-02,D00213,EG2026-PRES,ORG04,Partido del Buen Gobierno,11,103,119,8,8,181,contabilizada
M00213-02,D00213,EG2026-PRES,ORG05,Otros,35,103,119,8,8,181,contabilizada
M00213-03,D00213,EG2026-PRES,ORG01,Fuerza Popular,51,268,326,24,34,413,contabilizada
M00213-03,D00213,EG2026-PRES,ORG02,Juntos por el Peru,38,268,326,24,34,413,contabilizada
M00213-03,D00213,EG2026-PRES,ORG03,Renovacion Popular,28,268,326,24,34,413,contabilizada
M00213-03,D00213,EG2026-PRES,ORG04,Partido del Buen Gobierno,23,268,326,24,34,413,contabilizada
M00213-03,D00213,EG2026-PRES,ORG05,Otros,128,268,326,24,34,413,contabilizada
M00213-04,D00213,EG2026-PRES,ORG01,Fuerza Popular,22,155,187,15,17,232,contabilizada
M00213-04,D00213,EG2026-PRES,ORG02,Juntos por el Peru,22,155,187,15,17,232,contabilizada
M00213-04,D00213,EG2026-PRES,ORG03,Renovacion Popular,21,155,187,15,17,232,contabilizada
M00213-04,D00213,EG2026-PRES,ORG04,Partido del Buen Gobierno,18,155,187,15,17,232,contabilizada
M00213-04,D00213,EG2026-PRES,ORG05,Otros,72,155,187,15,17,232,contabilizada
M00214-01,D00214,EG2026-PRES,ORG01,Fuerza Popular,25,152,179,9,18,253,contabilizada
M00214-01,D00214,EG2026-PRES,ORG02,Juntos por el Peru,34,152,179,9,18,253,contabilizada
M00214-01,D00214,EG2026-PRES,ORG03,Renovacion Popular,9,152,179,9,18,253,contabilizada
M00214-01,D00214,EG2026-PRES,ORG04,Partido del Buen Gobierno,14,152,179,9,18,253,contabilizada
M00214-01,D00214,EG2026-PRES,ORG05,Otros,70,152,179,9,18,253,contabilizada
M00214-02,D00214,EG2026-PRES,ORG01,Fuerza Popular,28,231,278,19,28,375,pendiente
M00214-02,D00214,EG2026-PRES,ORG02,Juntos por el Peru,48,231,278,19,28,375,pendiente
M00214-02,D00214,EG2026-PRES,ORG03,Renovacion Popular,24,231,278,19,28,375,pendiente
M00214-02,D00214,EG2026-PRES,ORG04,Partido del Buen Gobierno,16,231,278,19,28,375,pendiente
M00214-02,D00214,EG2026-PRES,ORG05,Otros,115,231,278,19,28,375,pendiente
M00215-01,D00215,EG2026-PRES,ORG01,Fuerza Popular,17,154,187,14,19,253,contabilizada
M00215-01,D00215,EG2026-PRES,ORG02,Juntos por el Peru,37,154,187,14,19,253,contabilizada
M00215-01,D00215,EG2026-PRES,ORG03,Renovacion Popular,13,154,187,14,19,253,contabilizada
M00215-01,D00215,EG2026-PRES,ORG04,Partido del Buen Gobierno,18,154,187,14,19,253,contabilizada
M00215-01,D00215,EG2026-PRES,ORG05,Otros,69,154,187,14,19,253,contabilizada
M00215-02,D00215,EG2026-PRES,ORG01,Fuerza Popular,19,166,204,13,25,286,contabilizada
M00215-02,D00215,EG2026-PRES,ORG02,Juntos por el Peru,26,166,204,13,25,286,contabilizada
M00215-02,D00215,EG2026-PRES,ORG03,Renovacion Popular,12,166,204,13,25,286,contabilizada
M00215-02,D00215,EG2026-PRES,ORG04,Partido del Buen Gobierno,21,166,204,13,25,286,contabilizada
M00215-02,D00215,EG2026-PRES,ORG05,Otros,88,166,204,13,25,286,contabilizada
M00215-03,D00215,EG2026-PRES,ORG01,Fuerza Popular,22,175,194,4,15,236,contabilizada
M00215-03,D00215,EG2026-PRES,ORG02,Juntos por el Peru,34,175,194,4,15,236,contabilizada
M00215-03,D00215,EG2026-PRES,ORG03,Renovacion Popular,12,175,194,4,15,236,contabilizada
M00215-03,D00215,EG2026-PRES,ORG04,Partido del Buen Gobierno,15,175,194,4,15,236,contabilizada
M00215-03,D00215,EG2026-PRES,ORG05,Otros,92,175,194,4,15,236,contabilizada
M00215-04,D00215,EG2026-PRES,ORG01,Fuerza Popular,23,235,274,18,21,363,contabilizada
M00215-04,D00215,EG2026-PRES,ORG02,Juntos por el Peru,43,235,274,18,21,363,contabilizada
M00215-04,D00215,EG2026-PRES,ORG03,Renovacion Popular,14,235,274,18,21,363,contabilizada
M00215-04,D00215,EG2026-PRES,ORG04,Partido del Buen Gobierno,22,235,274,18,21,363,contabilizada
M00215-04,D00215,EG2026-PRES,ORG05,Otros,133,235,274,18,21,363,contabilizada
M00215-05,D00215,EG2026-PRES,ORG01,Fuerza Popular,16,133,171,16,22,280,contabilizada
M00215-05,D00215,EG2026-PRES,ORG02,Juntos por el Peru,24,133,171,16,22,280,contabilizada
M00215-05,D00215,EG2026-PRES,ORG03,Renovacion Popular,11,133,171,16,22,280,contabilizada
M00215-05,D00215,EG2026-PRES,ORG04,Partido del Buen Gobierno,11,133,171,16,22,280,contabilizada
M00215-05,D00215,EG2026-PRES,ORG05,Otros,71,133,171,16,22,280,contabilizada
M00216-01,D00216,EG2026-PRES,ORG01,Fuerza Popular,26,136,168,11,21,251,contabilizada
M00216-01,D00216,EG2026-PRES,ORG02,Juntos por el Peru,11,136,168,11,21,251,contabilizada
M00216-01,D00216,EG2026-PRES,ORG03,Renovacion Popular,21,136,168,11,21,251,contabilizada
M00216-01,D00216,EG2026-PRES,ORG04,Partido del Buen Gobierno,18,136,168,11,21,251,contabilizada
M00216-01,D00216,EG2026-PRES,ORG05,Otros,60,136,168,11,21,251,contabilizada
M00216-02,D00216,EG2026-PRES,ORG01,Fuerza Popular,24,173,205,13,19,275,contabilizada
M00216-02,D00216,EG2026-PRES,ORG02,Juntos por el Peru,21,173,205,13,19,275,contabilizada
M00216-02,D00216,EG2026-PRES,ORG03,Renovacion Popular,33,173,205,13,19,275,contabilizada
M00216-02,D00216,EG2026-PRES,ORG04,Partido del Buen Gobierno,24,173,205,13,19,275,contabilizada
M00216-02,D00216,EG2026-PRES,ORG05,Otros,71,173,205,13,19,275,contabilizada
M00217-01,D00217,EG2026-PRES,ORG01,Fuerza Popular,20,142,167,3,22,222,contabilizada
M00217-01,D00217,EG2026-PRES,ORG02,Juntos por el Peru,23,142,167,3,22,222,contabilizada
M00217-01,D00217,EG2026-PRES,ORG03,Renovacion Popular,11,142,167,3,22,222,contabilizada
M00217-01,D00217,EG2026-PRES,ORG04,Partido del Buen Gobierno,16,142,167,3,22,222,contabilizada
M00217-01,D00217,EG2026-PRES,ORG05,Otros,72,142,167,3,22,222,contabilizada
M00217-02,D00217,EG2026-PRES,ORG01,Fuerza Popular,18,178,211,15,18,273,contabilizada
M00217-02,D00217,EG2026-PRES,ORG02,Juntos por el Peru,38,178,211,15,18,273,contabilizada
M00217-02,D00217,EG2026-PRES,ORG03,Renovacion Popular,15,178,211,15,18,273,contabilizada
M00217-02,D00217,EG2026-PRES,ORG04,Partido del Buen Gobierno,15,178,211,15,18,273,contabilizada
M00217-02,D00217,EG2026-PRES,ORG05,Otros,92,178,211,15,18,273,contabilizada
M00217-03,D00217,EG2026-PRES,ORG01,Fuerza Popular,16,154,176,9,13,271,observada
M00217-03,D00217,EG2026-PRES,ORG02,Juntos por el Peru,38,154,176,9,13,271,observada
M00217-03,D00217,EG2026-PRES,ORG03,Renovacion Popular,9,154,176,9,13,271,observada
M00217-03,D00217,EG2026-PRES,ORG04,Partido del Buen Gobierno,17,154,176,9,13,271,observada
M00217-03,D00217,EG2026-PRES,ORG05,Otros,74,154,176,9,13,271,observada
M00218-01,D00218,EG2026-PRES,ORG01,Fuerza Popular,28,216,248,12,20,332,contabilizada
M00218-01,D00218,EG2026-PRES,ORG02,Juntos por el Peru,48,216,248,12,20,332,contabilizada
M00218-01,D00218,EG2026-PRES,ORG03,Renovacion Popular,17,216,248,12,20,332,contabilizada
M00218-01,D00218,EG2026-PRES,ORG04,Partido del Buen Gobierno,21,216,248,12,20,332,contabilizada
M00218-01,D00218,EG2026-PRES,ORG05,Otros,102,216,248,12,20,332,contabilizada
M00218-02,D00218,EG2026-PRES,ORG01,Fuerza Popular,20,119,139,7,13,210,contabilizada
M00218-02,D00218,EG2026-PRES,ORG02,Juntos por el Peru,30,119,139,7,13,210,contabilizada
M00218-02,D00218,EG2026-PRES,ORG03,Renovacion Popular,9,119,139,7,13,210,contabilizada
M00218-02,D00218,EG2026-PRES,ORG04,Partido del Buen Gobierno,12,119,139,7,13,210,contabilizada
M00218-02,D00218,EG2026-PRES,ORG05,Otros,48,119,139,7,13,210,contabilizada
M00218-03,D00218,EG2026-PRES,ORG01,Fuerza Popular,24,215,251,15,21,335,contabilizada
M00218-03,D00218,EG2026-PRES,ORG02,Juntos por el Peru,47,215,251,15,21,335,contabilizada
M00218-03,D00218,EG2026-PRES,ORG03,Renovacion Popular,13,215,251,15,21,335,contabilizada
M00218-03,D00218,EG2026-PRES,ORG04,Partido del Buen Gobierno,20,215,251,15,21,335,contabilizada
M00218-03,D00218,EG2026-PRES,ORG05,Otros,111,215,251,15,21,335,contabilizada
M00218-04,D00218,EG2026-PRES,ORG01,Fuerza Popular,26,185,207,14,8,261,contabilizada
M00218-04,D00218,EG2026-PRES,ORG02,Juntos por el Peru,39,185,207,14,8,261,contabilizada
M00218-04,D00218,EG2026-PRES,ORG03,Renovacion Popular,13,185,207,14,8,261,contabilizada
M00218-04,D00218,EG2026-PRES,ORG04,Partido del Buen Gobierno,19,185,207,14,8,261,contabilizada
M00218-04,D00218,EG2026-PRES,ORG05,Otros,88,185,207,14,8,261,contabilizada
M00218-05,D00218,EG2026-PRES,ORG01,Fuerza Popular,26,209,242,16,17,357,contabilizada
M00218-05,D00218,EG2026-PRES,ORG02,Juntos por el Peru,44,209,242,16,17,357,contabilizada
M00218-05,D00218,EG2026-PRES,ORG03,Renovacion Popular,16,209,242,16,17,357,contabilizada
M00218-05,D00218,EG2026-PRES,ORG04,Partido del Buen Gobierno,21,209,242,16,17,357,contabilizada
M00218-05,D00218,EG2026-PRES,ORG05,Otros,102,209,242,16,17,357,contabilizada
M00218-06,D00218,EG2026-PRES,ORG01,Fuerza Popular,24,181,205,17,7,263,contabilizada
M00218-06,D00218,EG2026-PRES,ORG02,Juntos por el Peru,47,181,205,17,7,263,contabilizada
M00218-06,D00218,EG2026-PRES,ORG03,Renovacion Popular,19,181,205,17,7,263,contabilizada
M00218-06,D00218,EG2026-PRES,ORG04,Partido del Buen Gobierno,16,181,205,17,7,263,contabilizada
M00218-06,D00218,EG2026-PRES,ORG05,Otros,75,181,205,17,7,263,contabilizada
M00219-01,D00219,EG2026-PRES,ORG01,Fuerza Popular,21,182,228,13,33,363,contabilizada
M00219-01,D00219,EG2026-PRES,ORG02,Juntos por el Peru,19,182,228,13,33,363,contabilizada
M00219-01,D00219,EG2026-PRES,ORG03,Renovacion Popular,21,182,228,13,33,363,contabilizada
M00219-01,D00219,EG2026-PRES,ORG04,Partido del Buen Gobierno,20,182,228,13,33,363,contabilizada
M00219-01,D00219,EG2026-PRES,ORG05,Otros,101,182,228,13,33,363,contabilizada
M00219-02,D00219,EG2026-PRES,ORG01,Fuerza Popular,28,160,203,15,28,288,contabilizada
M00219-02,D00219,EG2026-PRES,ORG02,Juntos por el Peru,23,160,203,15,28,288,contabilizada
M00219-02,D00219,EG2026-PRES,ORG03,Renovacion Popular,17,160,203,15,28,288,contabilizada
M00219-02,D00219,EG2026-PRES,ORG04,Partido del Buen Gobierno,18,160,203,15,28,288,contabilizada
M00219-02,D00219,EG2026-PRES,ORG05,Otros,74,160,203,15,28,288,contabilizada
M00219-03,D00219,EG2026-PRES,ORG01,Fuerza Popular,22,178,214,15,21,282,contabilizada
M00219-03,D00219,EG2026-PRES,ORG02,Juntos por el Peru,29,178,214,15,21,282,contabilizada
M00219-03,D00219,EG2026-PRES,ORG03,Renovacion Popular,29,178,214,15,21,282,contabilizada
M00219-03,D00219,EG2026-PRES,ORG04,Partido del Buen Gobierno,13,178,214,15,21,282,contabilizada
M00219-03,D00219,EG2026-PRES,ORG05,Otros,85,178,214,15,21,282,contabilizada
M00219-04,D00219,EG2026-PRES,ORG01,Fuerza Popular,30,151,180,10,19,229,contabilizada
M00219-04,D00219,EG2026-PRES,ORG02,Juntos por el Peru,24,151,180,10,19,229,contabilizada
M00219-04,D00219,EG2026-PRES,ORG03,Renovacion Popular,25,151,180,10,19,229,contabilizada
M00219-04,D00219,EG2026-PRES,ORG04,Partido del Buen Gobierno,20,151,180,10,19,229,contabilizada
M00219-04,D00219,EG2026-PRES,ORG05,Otros,52,151,180,10,19,229,contabilizada
M00220-01,D00220,EG2026-PRES,ORG01,Fuerza Popular,11,127,152,8,17,192,contabilizada
M00220-01,D00220,EG2026-PRES,ORG02,Juntos por el Peru,32,127,152,8,17,192,contabilizada
M00220-01,D00220,EG2026-PRES,ORG03,Renovacion Popular,12,127,152,8,17,192,contabilizada
M00220-01,D00220,EG2026-PRES,ORG04,Partido del Buen Gobierno,13,127,152,8,17,192,contabilizada
M00220-01,D00220,EG2026-PRES,ORG05,Otros,59,127,152,8,17,192,contabilizada
M00220-02,D00220,EG2026-PRES,ORG01,Fuerza Popular,26,223,250,9,18,331,contabilizada
M00220-02,D00220,EG2026-PRES,ORG02,Juntos por el Peru,64,223,250,9,18,331,contabilizada
M00220-02,D00220,EG2026-PRES,ORG03,Renovacion Popular,24,223,250,9,18,331,contabilizada
M00220-02,D00220,EG2026-PRES,ORG04,Partido del Buen Gobierno,24,223,250,9,18,331,contabilizada
M00220-02,D00220,EG2026-PRES,ORG05,Otros,85,223,250,9,18,331,contabilizada
M00220-03,D00220,EG2026-PRES,ORG01,Fuerza Popular,21,225,255,9,21,306,contabilizada
M00220-03,D00220,EG2026-PRES,ORG02,Juntos por el Peru,42,225,255,9,21,306,contabilizada
M00220-03,D00220,EG2026-PRES,ORG03,Renovacion Popular,20,225,255,9,21,306,contabilizada
M00220-03,D00220,EG2026-PRES,ORG04,Partido del Buen Gobierno,25,225,255,9,21,306,contabilizada
M00220-03,D00220,EG2026-PRES,ORG05,Otros,117,225,255,9,21,306,contabilizada
M00220-04,D00220,EG2026-PRES,ORG01,Fuerza Popular,26,254,279,11,14,359,contabilizada
M00220-04,D00220,EG2026-PRES,ORG02,Juntos por el Peru,59,254,279,11,14,359,contabilizada
M00220-04,D00220,EG2026-PRES,ORG03,Renovacion Popular,20,254,279,11,14,359,contabilizada
M00220-04,D00220,EG2026-PRES,ORG04,Partido del Buen Gobierno,24,254,279,11,14,359,contabilizada
M00220-04,D00220,EG2026-PRES,ORG05,Otros,125,254,279,11,14,359,contabilizada
M00220-05,D00220,EG2026-PRES,ORG01,Fuerza Popular,19,184,225,22,19,256,observada
M00220-05,D00220,EG2026-PRES,ORG02,Juntos por el Peru,46,184,225,22,19,256,observada
M00220-05,D00220,EG2026-PRES,ORG03,Renovacion Popular,15,184,225,22,19,256,observada
M00220-05,D00220,EG2026-PRES,ORG04,Partido del Buen Gobierno,20,184,225,22,19,256,observada
M00220-05,D00220,EG2026-PRES,ORG05,Otros,84,184,225,22,19,256,observada
M00221-01,D00221,EG2026-PRES,ORG01,Fuerza Popular,37,278,304,10,16,404,contabilizada
M00221-01,D00221,EG2026-PRES,ORG02,Juntos por el Peru,57,278,304,10,16,404,contabilizada
M00221-01,D00221,EG2026-PRES,ORG03,Renovacion Popular,18,278,304,10,16,404,contabilizada
M00221-01,D00221,EG2026-PRES,ORG04,Partido del Buen Gobierno,35,278,304,10,16,404,contabilizada
M00221-01,D00221,EG2026-PRES,ORG05,Otros,131,278,304,10,16,404,contabilizada
M00221-02,D00221,EG2026-PRES,ORG01,Fuerza Popular,30,221,249,7,21,324,observada
M00221-02,D00221,EG2026-PRES,ORG02,Juntos por el Peru,42,221,249,7,21,324,observada
M00221-02,D00221,EG2026-PRES,ORG03,Renovacion Popular,20,221,249,7,21,324,observada
M00221-02,D00221,EG2026-PRES,ORG04,Partido del Buen Gobierno,26,221,249,7,21,324,observada
M00221-02,D00221,EG2026-PRES,ORG05,Otros,103,221,249,7,21,324,observada
M00221-03,D00221,EG2026-PRES,ORG01,Fuerza Popular,17,134,158,6,18,216,contabilizada
M00221-03,D00221,EG2026-PRES,ORG02,Juntos por el Peru,31,134,158,6,18,216,contabilizada
M00221-03,D00221,EG2026-PRES,ORG03,Renovacion Popular,11,134,158,6,18,216,contabilizada
M00221-03,D00221,EG2026-PRES,ORG04,Partido del Buen Gobierno,16,134,158,6,18,216,contabilizada
M00221-03,D00221,EG2026-PRES,ORG05,Otros,59,134,158,6,18,216,contabilizada
M00221-04,D00221,EG2026-PRES,ORG01,Fuerza Popular,40,276,322,8,38,413,contabilizada
M00221-04,D00221,EG2026-PRES,ORG02,Juntos por el Peru,68,276,322,8,38,413,contabilizada
M00221-04,D00221,EG2026-PRES,ORG03,Renovacion Popular,24,276,322,8,38,413,contabilizada
M00221-04,D00221,EG2026-PRES,ORG04,Partido del Buen Gobierno,31,276,322,8,38,413,contabilizada
M00221-04,D00221,EG2026-PRES,ORG05,Otros,113,276,322,8,38,413,contabilizada
M00221-05,D00221,EG2026-PRES,ORG01,Fuerza Popular,26,169,200,12,19,281,contabilizada
M00221-05,D00221,EG2026-PRES,ORG02,Juntos por el Peru,44,169,200,12,19,281,contabilizada
M00221-05,D00221,EG2026-PRES,ORG03,Renovacion Popular,13,169,200,12,19,281,contabilizada
M00221-05,D00221,EG2026-PRES,ORG04,Partido del Buen Gobierno,21,169,200,12,19,281,contabilizada
M00221-05,D00221,EG2026-PRES,ORG05,Otros,65,169,200,12,19,281,contabilizada
M00222-01,D00222,EG2026-PRES,ORG01,Fuerza Popular,27,133,160,9,18,202,contabilizada
M00222-01,D00222,EG2026-PRES,ORG02,Juntos por el Peru,20,133,160,9,18,202,contabilizada
M00222-01,D00222,EG2026-PRES,ORG03,Renovacion Popular,12,133,160,9,18,202,contabilizada
M00222-01,D00222,EG2026-PRES,ORG04,Partido del Buen Gobierno,18,133,160,9,18,202,contabilizada
M00222-01,D00222,EG2026-PRES,ORG05,Otros,56,133,160,9,18,202,contabilizada
M00222-02,D00222,EG2026-PRES,ORG01,Fuerza Popular,33,209,233,6,18,308,contabilizada
M00222-02,D00222,EG2026-PRES,ORG02,Juntos por el Peru,36,209,233,6,18,308,contabilizada
M00222-02,D00222,EG2026-PRES,ORG03,Renovacion Popular,35,209,233,6,18,308,contabilizada
M00222-02,D00222,EG2026-PRES,ORG04,Partido del Buen Gobierno,24,209,233,6,18,308,contabilizada
M00222-02,D00222,EG2026-PRES,ORG05,Otros,81,209,233,6,18,308,contabilizada
M00222-03,D00222,EG2026-PRES,ORG01,Fuerza Popular,41,268,309,12,29,361,contabilizada
M00222-03,D00222,EG2026-PRES,ORG02,Juntos por el Peru,34,268,309,12,29,361,contabilizada
M00222-03,D00222,EG2026-PRES,ORG03,Renovacion Popular,34,268,309,12,29,361,contabilizada
M00222-03,D00222,EG2026-PRES,ORG04,Partido del Buen Gobierno,35,268,309,12,29,361,contabilizada
M00222-03,D00222,EG2026-PRES,ORG05,Otros,124,268,309,12,29,361,contabilizada
M00223-01,D00223,EG2026-PRES,ORG01,Fuerza Popular,32,201,243,21,21,309,contabilizada
M00223-01,D00223,EG2026-PRES,ORG02,Juntos por el Peru,26,201,243,21,21,309,contabilizada
M00223-01,D00223,EG2026-PRES,ORG03,Renovacion Popular,24,201,243,21,21,309,contabilizada
M00223-01,D00223,EG2026-PRES,ORG04,Partido del Buen Gobierno,30,201,243,21,21,309,contabilizada
M00223-01,D00223,EG2026-PRES,ORG05,Otros,89,201,243,21,21,309,contabilizada
M00223-02,D00223,EG2026-PRES,ORG01,Fuerza Popular,23,121,156,14,21,231,contabilizada
M00223-02,D00223,EG2026-PRES,ORG02,Juntos por el Peru,12,121,156,14,21,231,contabilizada
M00223-02,D00223,EG2026-PRES,ORG03,Renovacion Popular,19,121,156,14,21,231,contabilizada
M00223-02,D00223,EG2026-PRES,ORG04,Partido del Buen Gobierno,13,121,156,14,21,231,contabilizada
M00223-02,D00223,EG2026-PRES,ORG05,Otros,54,121,156,14,21,231,contabilizada
M00223-03,D00223,EG2026-PRES,ORG01,Fuerza Popular,24,177,198,7,14,297,contabilizada
M00223-03,D00223,EG2026-PRES,ORG02,Juntos por el Peru,26,177,198,7,14,297,contabilizada
M00223-03,D00223,EG2026-PRES,ORG03,Renovacion Popular,25,177,198,7,14,297,contabilizada
M00223-03,D00223,EG2026-PRES,ORG04,Partido del Buen Gobierno,26,177,198,7,14,297,contabilizada
M00223-03,D00223,EG2026-PRES,ORG05,Otros,76,177,198,7,14,297,contabilizada
M00223-04,D00223,EG2026-PRES,ORG01,Fuerza Popular,26,142,164,6,16,291,contabilizada
M00223-04,D00223,EG2026-PRES,ORG02,Juntos por el Peru,21,142,164,6,16,291,contabilizada
M00223-04,D00223,EG2026-PRES,ORG03,Renovacion Popular,15,142,164,6,16,291,contabilizada
M00223-04,D00223,EG2026-PRES,ORG04,Partido del Buen Gobierno,24,142,164,6,16,291,contabilizada
M00223-04,D00223,EG2026-PRES,ORG05,Otros,56,142,164,6,16,291,contabilizada
M00223-05,D00223,EG2026-PRES,ORG01,Fuerza Popular,32,180,201,9,12,276,contabilizada
M00223-05,D00223,EG2026-PRES,ORG02,Juntos por el Peru,42,180,201,9,12,276,contabilizada
M00223-05,D00223,EG2026-PRES,ORG03,Renovacion Popular,25,180,201,9,12,276,contabilizada
M00223-05,D00223,EG2026-PRES,ORG04,Partido del Buen Gobierno,27,180,201,9,12,276,contabilizada
M00223-05,D00223,EG2026-PRES,ORG05,Otros,54,180,201,9,12,276,contabilizada
M00223-06,D00223,EG2026-PRES,ORG01,Fuerza Popular,32,198,242,14,30,338,contabilizada
M00223-06,D00223,EG2026-PRES,ORG02,Juntos por el Peru,34,198,242,14,30,338,contabilizada
M00223-06,D00223,EG2026-PRES,ORG03,Renovacion Popular,27,198,242,14,30,338,contabilizada
M00223-06,D00223,EG2026-PRES,ORG04,Partido del Buen Gobierno,17,198,242,14,30,338,contabilizada
M00223-06,D00223,EG2026-PRES,ORG05,Otros,88,198,242,14,30,338,contabilizada
M00224-01,D00224,EG2026-PRES,ORG01,Fuerza Popular,14,98,125,10,17,188,contabilizada
M00224-01,D00224,EG2026-PRES,ORG02,Juntos por el Peru,10,98,125,10,17,188,contabilizada
M00224-01,D00224,EG2026-PRES,ORG03,Renovacion Popular,15,98,125,10,17,188,contabilizada
M00224-01,D00224,EG2026-PRES,ORG04,Partido del Buen Gobierno,11,98,125,10,17,188,contabilizada
M00224-01,D00224,EG2026-PRES,ORG05,Otros,48,98,125,10,17,188,contabilizada
M00224-02,D00224,EG2026-PRES,ORG01,Fuerza Popular,35,158,190,11,21,260,contabilizada
M00224-02,D00224,EG2026-PRES,ORG02,Juntos por el Peru,16,158,190,11,21,260,contabilizada
M00224-02,D00224,EG2026-PRES,ORG03,Renovacion Popular,28,158,190,11,21,260,contabilizada
M00224-02,D00224,EG2026-PRES,ORG04,Partido del Buen Gobierno,27,158,190,11,21,260,contabilizada
M00224-02,D00224,EG2026-PRES,ORG05,Otros,52,158,190,11,21,260,contabilizada
M00224-03,D00224,EG2026-PRES,ORG01,Fuerza Popular,24,134,159,8,17,225,contabilizada
M00224-03,D00224,EG2026-PRES,ORG02,Juntos por el Peru,17,134,159,8,17,225,contabilizada
M00224-03,D00224,EG2026-PRES,ORG03,Renovacion Popular,32,134,159,8,17,225,contabilizada
M00224-03,D00224,EG2026-PRES,ORG04,Partido del Buen Gobierno,16,134,159,8,17,225,contabilizada
M00224-03,D00224,EG2026-PRES,ORG05,Otros,45,134,159,8,17,225,contabilizada
M00225-01,D00225,EG2026-PRES,ORG01,Fuerza Popular,35,253,292,6,33,416,contabilizada
M00225-01,D00225,EG2026-PRES,ORG02,Juntos por el Peru,43,253,292,6,33,416,contabilizada
M00225-01,D00225,EG2026-PRES,ORG03,Renovacion Popular,18,253,292,6,33,416,contabilizada
M00225-01,D00225,EG2026-PRES,ORG04,Partido del Buen Gobierno,24,253,292,6,33,416,contabilizada
M00225-01,D00225,EG2026-PRES,ORG05,Otros,133,253,292,6,33,416,contabilizada
M00225-02,D00225,EG2026-PRES,ORG01,Fuerza Popular,31,240,286,15,31,382,contabilizada
M00225-02,D00225,EG2026-PRES,ORG02,Juntos por el Peru,40,240,286,15,31,382,contabilizada
M00225-02,D00225,EG2026-PRES,ORG03,Renovacion Popular,20,240,286,15,31,382,contabilizada
M00225-02,D00225,EG2026-PRES,ORG04,Partido del Buen Gobierno,24,240,286,15,31,382,contabilizada
M00225-02,D00225,EG2026-PRES,ORG05,Otros,125,240,286,15,31,382,contabilizada
M00225-03,D00225,EG2026-PRES,ORG01,Fuerza Popular,32,209,230,7,14,316,contabilizada
M00225-03,D00225,EG2026-PRES,ORG02,Juntos por el Peru,43,209,230,7,14,316,contabilizada
M00225-03,D00225,EG2026-PRES,ORG03,Renovacion Popular,15,209,230,7,14,316,contabilizada
M00225-03,D00225,EG2026-PRES,ORG04,Partido del Buen Gobierno,28,209,230,7,14,316,contabilizada
M00225-03,D00225,EG2026-PRES,ORG05,Otros,91,209,230,7,14,316,contabilizada
M00226-01,D00226,EG2026-PRES,ORG01,Fuerza Popular,31,202,230,11,17,306,contabilizada
M00226-01,D00226,EG2026-PRES,ORG02,Juntos por el Peru,26,202,230,11,17,306,contabilizada
M00226-01,D00226,EG2026-PRES,ORG03,Renovacion Popular,27,202,230,11,17,306,contabilizada
M00226-01,D00226,EG2026-PRES,ORG04,Partido del Buen Gobierno,28,202,230,11,17,306,contabilizada
M00226-01,D00226,EG2026-PRES,ORG05,Otros,90,202,230,11,17,306,contabilizada
M00226-02,D00226,EG2026-PRES,ORG01,Fuerza Popular,27,190,219,10,19,288,contabilizada
M00226-02,D00226,EG2026-PRES,ORG02,Juntos por el Peru,29,190,219,10,19,288,contabilizada
M00226-02,D00226,EG2026-PRES,ORG03,Renovacion Popular,19,190,219,10,19,288,contabilizada
M00226-02,D00226,EG2026-PRES,ORG04,Partido del Buen Gobierno,19,190,219,10,19,288,contabilizada
M00226-02,D00226,EG2026-PRES,ORG05,Otros,96,190,219,10,19,288,contabilizada
M00226-03,D00226,EG2026-PRES,ORG01,Fuerza Popular,51,246,291,11,34,398,contabilizada
M00226-03,D00226,EG2026-PRES,ORG02,Juntos por el Peru,36,246,291,11,34,398,contabilizada
M00226-03,D00226,EG2026-PRES,ORG03,Renovacion Popular,54,246,291,11,34,398,contabilizada
M00226-03,D00226,EG2026-PRES,ORG04,Partido del Buen Gobierno,41,246,291,11,34,398,contabilizada
M00226-03,D00226,EG2026-PRES,ORG05,Otros,64,246,291,11,34,398,contabilizada
M00226-04,D00226,EG2026-PRES,ORG01,Fuerza Popular,37,201,251,17,33,353,contabilizada
M00226-04,D00226,EG2026-PRES,ORG02,Juntos por el Peru,24,201,251,17,33,353,contabilizada
M00226-04,D00226,EG2026-PRES,ORG03,Renovacion Popular,23,201,251,17,33,353,contabilizada
M00226-04,D00226,EG2026-PRES,ORG04,Partido del Buen Gobierno,24,201,251,17,33,353,contabilizada
M00226-04,D00226,EG2026-PRES,ORG05,Otros,93,201,251,17,33,353,contabilizada
M00227-01,D00227,EG2026-PRES,ORG01,Fuerza Popular,10,146,173,7,20,280,observada
M00227-01,D00227,EG2026-PRES,ORG02,Juntos por el Peru,42,146,173,7,20,280,observada
M00227-01,D00227,EG2026-PRES,ORG03,Renovacion Popular,13,146,173,7,20,280,observada
M00227-01,D00227,EG2026-PRES,ORG04,Partido del Buen Gobierno,13,146,173,7,20,280,observada
M00227-01,D00227,EG2026-PRES,ORG05,Otros,68,146,173,7,20,280,observada
M00227-02,D00227,EG2026-PRES,ORG01,Fuerza Popular,19,130,162,15,17,203,observada
M00227-02,D00227,EG2026-PRES,ORG02,Juntos por el Peru,28,130,162,15,17,203,observada
M00227-02,D00227,EG2026-PRES,ORG03,Renovacion Popular,11,130,162,15,17,203,observada
M00227-02,D00227,EG2026-PRES,ORG04,Partido del Buen Gobierno,14,130,162,15,17,203,observada
M00227-02,D00227,EG2026-PRES,ORG05,Otros,58,130,162,15,17,203,observada
M00227-03,D00227,EG2026-PRES,ORG01,Fuerza Popular,33,178,211,15,18,375,contabilizada
M00227-03,D00227,EG2026-PRES,ORG02,Juntos por el Peru,28,178,211,15,18,375,contabilizada
M00227-03,D00227,EG2026-PRES,ORG03,Renovacion Popular,18,178,211,15,18,375,contabilizada
M00227-03,D00227,EG2026-PRES,ORG04,Partido del Buen Gobierno,9,178,211,15,18,375,contabilizada
M00227-03,D00227,EG2026-PRES,ORG05,Otros,90,178,211,15,18,375,contabilizada
M00227-04,D00227,EG2026-PRES,ORG01,Fuerza Popular,24,267,313,24,22,415,contabilizada
M00227-04,D00227,EG2026-PRES,ORG02,Juntos por el Peru,85,267,313,24,22,415,contabilizada
M00227-04,D00227,EG2026-PRES,ORG03,Renovacion Popular,18,267,313,24,22,415,contabilizada
M00227-04,D00227,EG2026-PRES,ORG04,Partido del Buen Gobierno,25,267,313,24,22,415,contabilizada
M00227-04,D00227,EG2026-PRES,ORG05,Otros,115,267,313,24,22,415,contabilizada
M00227-05,D00227,EG2026-PRES,ORG01,Fuerza Popular,31,210,256,13,33,315,contabilizada
M00227-05,D00227,EG2026-PRES,ORG02,Juntos por el Peru,31,210,256,13,33,315,contabilizada
M00227-05,D00227,EG2026-PRES,ORG03,Renovacion Popular,17,210,256,13,33,315,contabilizada
M00227-05,D00227,EG2026-PRES,ORG04,Partido del Buen Gobierno,24,210,256,13,33,315,contabilizada
M00227-05,D00227,EG2026-PRES,ORG05,Otros,107,210,256,13,33,315,contabilizada
M00227-06,D00227,EG2026-PRES,ORG01,Fuerza Popular,35,248,286,11,27,334,contabilizada
M00227-06,D00227,EG2026-PRES,ORG02,Juntos por el Peru,54,248,286,11,27,334,contabilizada
M00227-06,D00227,EG2026-PRES,ORG03,Renovacion Popular,17,248,286,11,27,334,contabilizada
M00227-06,D00227,EG2026-PRES,ORG04,Partido del Buen Gobierno,31,248,286,11,27,334,contabilizada
M00227-06,D00227,EG2026-PRES,ORG05,Otros,111,248,286,11,27,334,contabilizada
M00228-01,D00228,EG2026-PRES,ORG01,Fuerza Popular,29,205,245,17,23,300,contabilizada
M00228-01,D00228,EG2026-PRES,ORG02,Juntos por el Peru,41,205,245,17,23,300,contabilizada
M00228-01,D00228,EG2026-PRES,ORG03,Renovacion Popular,23,205,245,17,23,300,contabilizada
M00228-01,D00228,EG2026-PRES,ORG04,Partido del Buen Gobierno,21,205,245,17,23,300,contabilizada
M00228-01,D00228,EG2026-PRES,ORG05,Otros,91,205,245,17,23,300,contabilizada
M00228-02,D00228,EG2026-PRES,ORG01,Fuerza Popular,22,149,171,13,9,213,contabilizada
M00228-02,D00228,EG2026-PRES,ORG02,Juntos por el Peru,28,149,171,13,9,213,contabilizada
M00228-02,D00228,EG2026-PRES,ORG03,Renovacion Popular,10,149,171,13,9,213,contabilizada
M00228-02,D00228,EG2026-PRES,ORG04,Partido del Buen Gobierno,9,149,171,13,9,213,contabilizada
M00228-02,D00228,EG2026-PRES,ORG05,Otros,80,149,171,13,9,213,contabilizada
M00228-03,D00228,EG2026-PRES,ORG01,Fuerza Popular,16,127,156,5,24,212,contabilizada
M00228-03,D00228,EG2026-PRES,ORG02,Juntos por el Peru,30,127,156,5,24,212,contabilizada
M00228-03,D00228,EG2026-PRES,ORG03,Renovacion Popular,8,127,156,5,24,212,contabilizada
M00228-03,D00228,EG2026-PRES,ORG04,Partido del Buen Gobierno,15,127,156,5,24,212,contabilizada
M00228-03,D00228,EG2026-PRES,ORG05,Otros,58,127,156,5,24,212,contabilizada
M00228-04,D00228,EG2026-PRES,ORG01,Fuerza Popular,33,255,300,15,30,341,contabilizada
M00228-04,D00228,EG2026-PRES,ORG02,Juntos por el Peru,45,255,300,15,30,341,contabilizada
M00228-04,D00228,EG2026-PRES,ORG03,Renovacion Popular,19,255,300,15,30,341,contabilizada
M00228-04,D00228,EG2026-PRES,ORG04,Partido del Buen Gobierno,35,255,300,15,30,341,contabilizada
M00228-04,D00228,EG2026-PRES,ORG05,Otros,123,255,300,15,30,341,contabilizada
M00229-01,D00229,EG2026-PRES,ORG01,Fuerza Popular,35,235,267,11,21,334,contabilizada
M00229-01,D00229,EG2026-PRES,ORG02,Juntos por el Peru,51,235,267,11,21,334,contabilizada
M00229-01,D00229,EG2026-PRES,ORG03,Renovacion Popular,23,235,267,11,21,334,contabilizada
M00229-01,D00229,EG2026-PRES,ORG04,Partido del Buen Gobierno,20,235,267,11,21,334,contabilizada
M00229-01,D00229,EG2026-PRES,ORG05,Otros,106,235,267,11,21,334,contabilizada
M00229-02,D00229,EG2026-PRES,ORG01,Fuerza Popular,29,232,283,15,36,314,contabilizada
M00229-02,D00229,EG2026-PRES,ORG02,Juntos por el Peru,46,232,283,15,36,314,contabilizada
M00229-02,D00229,EG2026-PRES,ORG03,Renovacion Popular,21,232,283,15,36,314,contabilizada
M00229-02,D00229,EG2026-PRES,ORG04,Partido del Buen Gobierno,27,232,283,15,36,314,contabilizada
M00229-02,D00229,EG2026-PRES,ORG05,Otros,109,232,283,15,36,314,contabilizada
M00229-03,D00229,EG2026-PRES,ORG01,Fuerza Popular,35,261,308,24,23,414,contabilizada
M00229-03,D00229,EG2026-PRES,ORG02,Juntos por el Peru,58,261,308,24,23,414,contabilizada
M00229-03,D00229,EG2026-PRES,ORG03,Renovacion Popular,16,261,308,24,23,414,contabilizada
M00229-03,D00229,EG2026-PRES,ORG04,Partido del Buen Gobierno,19,261,308,24,23,414,contabilizada
M00229-03,D00229,EG2026-PRES,ORG05,Otros,133,261,308,24,23,414,contabilizada
M00229-04,D00229,EG2026-PRES,ORG01,Fuerza Popular,27,184,223,12,27,332,contabilizada
M00229-04,D00229,EG2026-PRES,ORG02,Juntos por el Peru,39,184,223,12,27,332,contabilizada
M00229-04,D00229,EG2026-PRES,ORG03,Renovacion Popular,10,184,223,12,27,332,contabilizada
M00229-04,D00229,EG2026-PRES,ORG04,Partido del Buen Gobierno,14,184,223,12,27,332,contabilizada
M00229-04,D00229,EG2026-PRES,ORG05,Otros,94,184,223,12,27,332,contabilizada
M00230-01,D00230,EG2026-PRES,ORG01,Fuerza Popular,52,251,300,24,25,385,observada
M00230-01,D00230,EG2026-PRES,ORG02,Juntos por el Peru,41,251,300,24,25,385,observada
M00230-01,D00230,EG2026-PRES,ORG03,Renovacion Popular,28,251,300,24,25,385,observada
M00230-01,D00230,EG2026-PRES,ORG04,Partido del Buen Gobierno,39,251,300,24,25,385,observada
M00230-01,D00230,EG2026-PRES,ORG05,Otros,91,251,300,24,25,385,observada
M00230-02,D00230,EG2026-PRES,ORG01,Fuerza Popular,32,217,267,18,32,380,contabilizada
M00230-02,D00230,EG2026-PRES,ORG02,Juntos por el Peru,37,217,267,18,32,380,contabilizada
M00230-02,D00230,EG2026-PRES,ORG03,Renovacion Popular,31,217,267,18,32,380,contabilizada
M00230-02,D00230,EG2026-PRES,ORG04,Partido del Buen Gobierno,24,217,267,18,32,380,contabilizada
M00230-02,D00230,EG2026-PRES,ORG05,Otros,93,217,267,18,32,380,contabilizada
M00231-01,D00231,EG2026-PRES,ORG01,Fuerza Popular,27,142,170,10,18,212,contabilizada
M00231-01,D00231,EG2026-PRES,ORG02,Juntos por el Peru,18,142,170,10,18,212,contabilizada
M00231-01,D00231,EG2026-PRES,ORG03,Renovacion Popular,14,142,170,10,18,212,contabilizada
M00231-01,D00231,EG2026-PRES,ORG04,Partido del Buen Gobierno,18,142,170,10,18,212,contabilizada
M00231-01,D00231,EG2026-PRES,ORG05,Otros,65,142,170,10,18,212,contabilizada
M00231-02,D00231,EG2026-PRES,ORG01,Fuerza Popular,32,148,181,17,16,255,contabilizada
M00231-02,D00231,EG2026-PRES,ORG02,Juntos por el Peru,19,148,181,17,16,255,contabilizada
M00231-02,D00231,EG2026-PRES,ORG03,Renovacion Popular,24,148,181,17,16,255,contabilizada
M00231-02,D00231,EG2026-PRES,ORG04,Partido del Buen Gobierno,17,148,181,17,16,255,contabilizada
M00231-02,D00231,EG2026-PRES,ORG05,Otros,56,148,181,17,16,255,contabilizada
M00232-01,D00232,EG2026-PRES,ORG01,Fuerza Popular,43,248,271,9,14,349,contabilizada
M00232-01,D00232,EG2026-PRES,ORG02,Juntos por el Peru,62,248,271,9,14,349,contabilizada
M00232-01,D00232,EG2026-PRES,ORG03,Renovacion Popular,22,248,271,9,14,349,contabilizada
M00232-01,D00232,EG2026-PRES,ORG04,Partido del Buen Gobierno,41,248,271,9,14,349,contabilizada
M00232-01,D00232,EG2026-PRES,ORG05,Otros,80,248,271,9,14,349,contabilizada
M00232-02,D00232,EG2026-PRES,ORG01,Fuerza Popular,40,313,361,21,27,401,contabilizada
M00232-02,D00232,EG2026-PRES,ORG02,Juntos por el Peru,70,313,361,21,27,401,contabilizada
M00232-02,D00232,EG2026-PRES,ORG03,Renovacion Popular,38,313,361,21,27,401,contabilizada
M00232-02,D00232,EG2026-PRES,ORG04,Partido del Buen Gobierno,44,313,361,21,27,401,contabilizada
M00232-02,D00232,EG2026-PRES,ORG05,Otros,121,313,361,21,27,401,contabilizada
M00232-03,D00232,EG2026-PRES,ORG01,Fuerza Popular,18,141,160,7,12,200,contabilizada
M00232-03,D00232,EG2026-PRES,ORG02,Juntos por el Peru,36,141,160,7,12,200,contabilizada
M00232-03,D00232,EG2026-PRES,ORG03,Renovacion Popular,10,141,160,7,12,200,contabilizada
M00232-03,D00232,EG2026-PRES,ORG04,Partido del Buen Gobierno,11,141,160,7,12,200,contabilizada
M00232-03,D00232,EG2026-PRES,ORG05,Otros,66,141,160,7,12,200,contabilizada
M00233-01,D00233,EG2026-PRES,ORG01,Fuerza Popular,61,291,352,22,39,412,contabilizada
M00233-01,D00233,EG2026-PRES,ORG02,Juntos por el Peru,37,291,352,22,39,412,contabilizada
M00233-01,D00233,EG2026-PRES,ORG03,Renovacion Popular,40,291,352,22,39,412,contabilizada
M00233-01,D00233,EG2026-PRES,ORG04,Partido del Buen Gobierno,29,291,352,22,39,412,contabilizada
M00233-01,D00233,EG2026-PRES,ORG05,Otros,124,291,352,22,39,412,contabilizada
M00233-02,D00233,EG2026-PRES,ORG01,Fuerza Popular,41,235,277,16,26,346,contabilizada
M00233-02,D00233,EG2026-PRES,ORG02,Juntos por el Peru,26,235,277,16,26,346,contabilizada
M00233-02,D00233,EG2026-PRES,ORG03,Renovacion Popular,48,235,277,16,26,346,contabilizada
M00233-02,D00233,EG2026-PRES,ORG04,Partido del Buen Gobierno,27,235,277,16,26,346,contabilizada
M00233-02,D00233,EG2026-PRES,ORG05,Otros,93,235,277,16,26,346,contabilizada
M00233-03,D00233,EG2026-PRES,ORG01,Fuerza Popular,29,147,165,5,13,235,contabilizada
M00233-03,D00233,EG2026-PRES,ORG02,Juntos por el Peru,15,147,165,5,13,235,contabilizada
M00233-03,D00233,EG2026-PRES,ORG03,Renovacion Popular,26,147,165,5,13,235,contabilizada
M00233-03,D00233,EG2026-PRES,ORG04,Partido del Buen Gobierno,13,147,165,5,13,235,contabilizada
M00233-03,D00233,EG2026-PRES,ORG05,Otros,64,147,165,5,13,235,contabilizada
M00234-01,D00234,EG2026-PRES,ORG01,Fuerza Popular,18,126,157,11,20,235,contabilizada
M00234-01,D00234,EG2026-PRES,ORG02,Juntos por el Peru,29,126,157,11,20,235,contabilizada
M00234-01,D00234,EG2026-PRES,ORG03,Renovacion Popular,11,126,157,11,20,235,contabilizada
M00234-01,D00234,EG2026-PRES,ORG04,Partido del Buen Gobierno,12,126,157,11,20,235,contabilizada
M00234-01,D00234,EG2026-PRES,ORG05,Otros,56,126,157,11,20,235,contabilizada
M00234-02,D00234,EG2026-PRES,ORG01,Fuerza Popular,31,220,287,33,34,347,contabilizada
M00234-02,D00234,EG2026-PRES,ORG02,Juntos por el Peru,37,220,287,33,34,347,contabilizada
M00234-02,D00234,EG2026-PRES,ORG03,Renovacion Popular,19,220,287,33,34,347,contabilizada
M00234-02,D00234,EG2026-PRES,ORG04,Partido del Buen Gobierno,32,220,287,33,34,347,contabilizada
M00234-02,D00234,EG2026-PRES,ORG05,Otros,101,220,287,33,34,347,contabilizada
M00234-03,D00234,EG2026-PRES,ORG01,Fuerza Popular,27,204,244,17,23,327,contabilizada
M00234-03,D00234,EG2026-PRES,ORG02,Juntos por el Peru,48,204,244,17,23,327,contabilizada
M00234-03,D00234,EG2026-PRES,ORG03,Renovacion Popular,20,204,244,17,23,327,contabilizada
M00234-03,D00234,EG2026-PRES,ORG04,Partido del Buen Gobierno,27,204,244,17,23,327,contabilizada
M00234-03,D00234,EG2026-PRES,ORG05,Otros,82,204,244,17,23,327,contabilizada
M00234-04,D00234,EG2026-PRES,ORG01,Fuerza Popular,19,196,228,13,19,307,contabilizada
M00234-04,D00234,EG2026-PRES,ORG02,Juntos por el Peru,25,196,228,13,19,307,contabilizada
M00234-04,D00234,EG2026-PRES,ORG03,Renovacion Popular,20,196,228,13,19,307,contabilizada
M00234-04,D00234,EG2026-PRES,ORG04,Partido del Buen Gobierno,27,196,228,13,19,307,contabilizada
M00234-04,D00234,EG2026-PRES,ORG05,Otros,105,196,228,13,19,307,contabilizada
M00235-01,D00235,EG2026-PRES,ORG01,Fuerza Popular,21,198,236,17,21,288,contabilizada
M00235-01,D00235,EG2026-PRES,ORG02,Juntos por el Peru,44,198,236,17,21,288,contabilizada
M00235-01,D00235,EG2026-PRES,ORG03,Renovacion Popular,15,198,236,17,21,288,contabilizada
M00235-01,D00235,EG2026-PRES,ORG04,Partido del Buen Gobierno,20,198,236,17,21,288,contabilizada
M00235-01,D00235,EG2026-PRES,ORG05,Otros,98,198,236,17,21,288,contabilizada
M00235-02,D00235,EG2026-PRES,ORG01,Fuerza Popular,20,144,171,13,14,253,contabilizada
M00235-02,D00235,EG2026-PRES,ORG02,Juntos por el Peru,43,144,171,13,14,253,contabilizada
M00235-02,D00235,EG2026-PRES,ORG03,Renovacion Popular,8,144,171,13,14,253,contabilizada
M00235-02,D00235,EG2026-PRES,ORG04,Partido del Buen Gobierno,19,144,171,13,14,253,contabilizada
M00235-02,D00235,EG2026-PRES,ORG05,Otros,54,144,171,13,14,253,contabilizada
M00235-03,D00235,EG2026-PRES,ORG01,Fuerza Popular,17,144,172,11,17,271,contabilizada
M00235-03,D00235,EG2026-PRES,ORG02,Juntos por el Peru,34,144,172,11,17,271,contabilizada
M00235-03,D00235,EG2026-PRES,ORG03,Renovacion Popular,13,144,172,11,17,271,contabilizada
M00235-03,D00235,EG2026-PRES,ORG04,Partido del Buen Gobierno,19,144,172,11,17,271,contabilizada
M00235-03,D00235,EG2026-PRES,ORG05,Otros,61,144,172,11,17,271,contabilizada
M00236-01,D00236,EG2026-PRES,ORG01,Fuerza Popular,27,208,264,19,37,343,contabilizada
M00236-01,D00236,EG2026-PRES,ORG02,Juntos por el Peru,28,208,264,19,37,343,contabilizada
M00236-01,D00236,EG2026-PRES,ORG03,Renovacion Popular,27,208,264,19,37,343,contabilizada
M00236-01,D00236,EG2026-PRES,ORG04,Partido del Buen Gobierno,22,208,264,19,37,343,contabilizada
M00236-01,D00236,EG2026-PRES,ORG05,Otros,104,208,264,19,37,343,contabilizada
M00236-02,D00236,EG2026-PRES,ORG01,Fuerza Popular,26,159,183,11,13,244,contabilizada
M00236-02,D00236,EG2026-PRES,ORG02,Juntos por el Peru,18,159,183,11,13,244,contabilizada
M00236-02,D00236,EG2026-PRES,ORG03,Renovacion Popular,23,159,183,11,13,244,contabilizada
M00236-02,D00236,EG2026-PRES,ORG04,Partido del Buen Gobierno,19,159,183,11,13,244,contabilizada
M00236-02,D00236,EG2026-PRES,ORG05,Otros,73,159,183,11,13,244,contabilizada
M00236-03,D00236,EG2026-PRES,ORG01,Fuerza Popular,21,120,143,11,12,197,contabilizada
M00236-03,D00236,EG2026-PRES,ORG02,Juntos por el Peru,19,120,143,11,12,197,contabilizada
M00236-03,D00236,EG2026-PRES,ORG03,Renovacion Popular,14,120,143,11,12,197,contabilizada
M00236-03,D00236,EG2026-PRES,ORG04,Partido del Buen Gobierno,11,120,143,11,12,197,contabilizada
M00236-03,D00236,EG2026-PRES,ORG05,Otros,55,120,143,11,12,197,contabilizada
M00236-04,D00236,EG2026-PRES,ORG01,Fuerza Popular,17,109,127,11,7,181,contabilizada
M00236-04,D00236,EG2026-PRES,ORG02,Juntos por el Peru,17,109,127,11,7,181,contabilizada
M00236-04,D00236,EG2026-PRES,ORG03,Renovacion Popular,16,109,127,11,7,181,contabilizada
M00236-04,D00236,EG2026-PRES,ORG04,Partido del Buen Gobierno,10,109,127,11,7,181,contabilizada
M00236-04,D00236,EG2026-PRES,ORG05,Otros,49,109,127,11,7,181,contabilizada
M00236-05,D00236,EG2026-PRES,ORG01,Fuerza Popular,37,196,237,13,28,318,contabilizada
M00236-05,D00236,EG2026-PRES,ORG02,Juntos por el Peru,20,196,237,13,28,318,contabilizada
M00236-05,D00236,EG2026-PRES,ORG03,Renovacion Popular,30,196,237,13,28,318,contabilizada
M00236-05,D00236,EG2026-PRES,ORG04,Partido del Buen Gobierno,31,196,237,13,28,318,contabilizada
M00236-05,D00236,EG2026-PRES,ORG05,Otros,78,196,237,13,28,318,contabilizada
M00237-01,D00237,EG2026-PRES,ORG01,Fuerza Popular,45,239,265,6,20,377,contabilizada
M00237-01,D00237,EG2026-PRES,ORG02,Juntos por el Peru,26,239,265,6,20,377,contabilizada
M00237-01,D00237,EG2026-PRES,ORG03,Renovacion Popular,37,239,265,6,20,377,contabilizada
M00237-01,D00237,EG2026-PRES,ORG04,Partido del Buen Gobierno,21,239,265,6,20,377,contabilizada
M00237-01,D00237,EG2026-PRES,ORG05,Otros,110,239,265,6,20,377,contabilizada
M00237-02,D00237,EG2026-PRES,ORG01,Fuerza Popular,18,163,184,9,12,269,contabilizada
M00237-02,D00237,EG2026-PRES,ORG02,Juntos por el Peru,26,163,184,9,12,269,contabilizada
M00237-02,D00237,EG2026-PRES,ORG03,Renovacion Popular,26,163,184,9,12,269,contabilizada
M00237-02,D00237,EG2026-PRES,ORG04,Partido del Buen Gobierno,21,163,184,9,12,269,contabilizada
M00237-02,D00237,EG2026-PRES,ORG05,Otros,72,163,184,9,12,269,contabilizada
M00237-03,D00237,EG2026-PRES,ORG01,Fuerza Popular,31,158,178,4,16,228,contabilizada
M00237-03,D00237,EG2026-PRES,ORG02,Juntos por el Peru,20,158,178,4,16,228,contabilizada
M00237-03,D00237,EG2026-PRES,ORG03,Renovacion Popular,17,158,178,4,16,228,contabilizada
M00237-03,D00237,EG2026-PRES,ORG04,Partido del Buen Gobierno,15,158,178,4,16,228,contabilizada
M00237-03,D00237,EG2026-PRES,ORG05,Otros,75,158,178,4,16,228,contabilizada
M00237-04,D00237,EG2026-PRES,ORG01,Fuerza Popular,32,154,176,13,9,241,contabilizada
M00237-04,D00237,EG2026-PRES,ORG02,Juntos por el Peru,18,154,176,13,9,241,contabilizada
M00237-04,D00237,EG2026-PRES,ORG03,Renovacion Popular,17,154,176,13,9,241,contabilizada
M00237-04,D00237,EG2026-PRES,ORG04,Partido del Buen Gobierno,9,154,176,13,9,241,contabilizada
M00237-04,D00237,EG2026-PRES,ORG05,Otros,78,154,176,13,9,241,contabilizada
M00237-05,D00237,EG2026-PRES,ORG01,Fuerza Popular,26,173,199,9,17,311,contabilizada
M00237-05,D00237,EG2026-PRES,ORG02,Juntos por el Peru,32,173,199,9,17,311,contabilizada
M00237-05,D00237,EG2026-PRES,ORG03,Renovacion Popular,21,173,199,9,17,311,contabilizada
M00237-05,D00237,EG2026-PRES,ORG04,Partido del Buen Gobierno,21,173,199,9,17,311,contabilizada
M00237-05,D00237,EG2026-PRES,ORG05,Otros,73,173,199,9,17,311,contabilizada
M00237-06,D00237,EG2026-PRES,ORG01,Fuerza Popular,31,145,170,9,16,254,contabilizada
M00237-06,D00237,EG2026-PRES,ORG02,Juntos por el Peru,23,145,170,9,16,254,contabilizada
M00237-06,D00237,EG2026-PRES,ORG03,Renovacion Popular,19,145,170,9,16,254,contabilizada
M00237-06,D00237,EG2026-PRES,ORG04,Partido del Buen Gobierno,22,145,170,9,16,254,contabilizada
M00237-06,D00237,EG2026-PRES,ORG05,Otros,50,145,170,9,16,254,contabilizada
M00238-01,D00238,EG2026-PRES,ORG01,Fuerza Popular,47,250,284,17,17,398,contabilizada
M00238-01,D00238,EG2026-PRES,ORG02,Juntos por el Peru,38,250,284,17,17,398,contabilizada
M00238-01,D00238,EG2026-PRES,ORG03,Renovacion Popular,37,250,284,17,17,398,contabilizada
M00238-01,D00238,EG2026-PRES,ORG04,Partido del Buen Gobierno,28,250,284,17,17,398,contabilizada
M00238-01,D00238,EG2026-PRES,ORG05,Otros,100,250,284,17,17,398,contabilizada
M00238-02,D00238,EG2026-PRES,ORG01,Fuerza Popular,38,236,272,7,29,375,contabilizada
M00238-02,D00238,EG2026-PRES,ORG02,Juntos por el Peru,35,236,272,7,29,375,contabilizada
M00238-02,D00238,EG2026-PRES,ORG03,Renovacion Popular,20,236,272,7,29,375,contabilizada
M00238-02,D00238,EG2026-PRES,ORG04,Partido del Buen Gobierno,33,236,272,7,29,375,contabilizada
M00238-02,D00238,EG2026-PRES,ORG05,Otros,110,236,272,7,29,375,contabilizada
M00238-03,D00238,EG2026-PRES,ORG01,Fuerza Popular,42,237,291,22,32,415,contabilizada
M00238-03,D00238,EG2026-PRES,ORG02,Juntos por el Peru,46,237,291,22,32,415,contabilizada
M00238-03,D00238,EG2026-PRES,ORG03,Renovacion Popular,30,237,291,22,32,415,contabilizada
M00238-03,D00238,EG2026-PRES,ORG04,Partido del Buen Gobierno,22,237,291,22,32,415,contabilizada
M00238-03,D00238,EG2026-PRES,ORG05,Otros,97,237,291,22,32,415,contabilizada
M00238-04,D00238,EG2026-PRES,ORG01,Fuerza Popular,25,179,205,6,20,331,contabilizada
M00238-04,D00238,EG2026-PRES,ORG02,Juntos por el Peru,27,179,205,6,20,331,contabilizada
M00238-04,D00238,EG2026-PRES,ORG03,Renovacion Popular,31,179,205,6,20,331,contabilizada
M00238-04,D00238,EG2026-PRES,ORG04,Partido del Buen Gobierno,13,179,205,6,20,331,contabilizada
M00238-04,D00238,EG2026-PRES,ORG05,Otros,83,179,205,6,20,331,contabilizada
M00238-05,D00238,EG2026-PRES,ORG01,Fuerza Popular,54,275,322,22,25,380,contabilizada
M00238-05,D00238,EG2026-PRES,ORG02,Juntos por el Peru,31,275,322,22,25,380,contabilizada
M00238-05,D00238,EG2026-PRES,ORG03,Renovacion Popular,36,275,322,22,25,380,contabilizada
M00238-05,D00238,EG2026-PRES,ORG04,Partido del Buen Gobierno,33,275,322,22,25,380,contabilizada
M00238-05,D00238,EG2026-PRES,ORG05,Otros,121,275,322,22,25,380,contabilizada
M00238-06,D00238,EG2026-PRES,ORG01,Fuerza Popular,24,150,183,17,16,216,contabilizada
M00238-06,D00238,EG2026-PRES,ORG02,Juntos por el Peru,21,150,183,17,16,216,contabilizada
M00238-06,D00238,EG2026-PRES,ORG03,Renovacion Popular,22,150,183,17,16,216,contabilizada
M00238-06,D00238,EG2026-PRES,ORG04,Partido del Buen Gobierno,16,150,183,17,16,216,contabilizada
M00238-06,D00238,EG2026-PRES,ORG05,Otros,67,150,183,17,16,216,contabilizada
M00239-01,D00239,EG2026-PRES,ORG01,Fuerza Popular,48,243,286,17,26,403,contabilizada
M00239-01,D00239,EG2026-PRES,ORG02,Juntos por el Peru,33,243,286,17,26,403,contabilizada
M00239-01,D00239,EG2026-PRES,ORG03,Renovacion Popular,26,243,286,17,26,403,contabilizada
M00239-01,D00239,EG2026-PRES,ORG04,Partido del Buen Gobierno,25,243,286,17,26,403,contabilizada
M00239-01,D00239,EG2026-PRES,ORG05,Otros,111,243,286,17,26,403,contabilizada
M00239-02,D00239,EG2026-PRES,ORG01,Fuerza Popular,40,228,255,6,21,318,contabilizada
M00239-02,D00239,EG2026-PRES,ORG02,Juntos por el Peru,31,228,255,6,21,318,contabilizada
M00239-02,D00239,EG2026-PRES,ORG03,Renovacion Popular,25,228,255,6,21,318,contabilizada
M00239-02,D00239,EG2026-PRES,ORG04,Partido del Buen Gobierno,29,228,255,6,21,318,contabilizada
M00239-02,D00239,EG2026-PRES,ORG05,Otros,103,228,255,6,21,318,contabilizada
M00239-03,D00239,EG2026-PRES,ORG01,Fuerza Popular,26,169,209,11,29,232,contabilizada
M00239-03,D00239,EG2026-PRES,ORG02,Juntos por el Peru,30,169,209,11,29,232,contabilizada
M00239-03,D00239,EG2026-PRES,ORG03,Renovacion Popular,24,169,209,11,29,232,contabilizada
M00239-03,D00239,EG2026-PRES,ORG04,Partido del Buen Gobierno,20,169,209,11,29,232,contabilizada
M00239-03,D00239,EG2026-PRES,ORG05,Otros,69,169,209,11,29,232,contabilizada
M00239-04,D00239,EG2026-PRES,ORG01,Fuerza Popular,30,184,223,11,28,334,contabilizada
M00239-04,D00239,EG2026-PRES,ORG02,Juntos por el Peru,25,184,223,11,28,334,contabilizada
M00239-04,D00239,EG2026-PRES,ORG03,Renovacion Popular,22,184,223,11,28,334,contabilizada
M00239-04,D00239,EG2026-PRES,ORG04,Partido del Buen Gobierno,27,184,223,11,28,334,contabilizada
M00239-04,D00239,EG2026-PRES,ORG05,Otros,80,184,223,11,28,334,contabilizada
M00239-05,D00239,EG2026-PRES,ORG01,Fuerza Popular,31,213,244,13,18,303,observada
M00239-05,D00239,EG2026-PRES,ORG02,Juntos por el Peru,31,213,244,13,18,303,observada
M00239-05,D00239,EG2026-PRES,ORG03,Renovacion Popular,32,213,244,13,18,303,observada
M00239-05,D00239,EG2026-PRES,ORG04,Partido del Buen Gobierno,16,213,244,13,18,303,observada
M00239-05,D00239,EG2026-PRES,ORG05,Otros,103,213,244,13,18,303,observada
M00240-01,D00240,EG2026-PRES,ORG01,Fuerza Popular,36,146,162,6,10,261,observada
M00240-01,D00240,EG2026-PRES,ORG02,Juntos por el Peru,17,146,162,6,10,261,observada
M00240-01,D00240,EG2026-PRES,ORG03,Renovacion Popular,22,146,162,6,10,261,observada
M00240-01,D00240,EG2026-PRES,ORG04,Partido del Buen Gobierno,23,146,162,6,10,261,observada
M00240-01,D00240,EG2026-PRES,ORG05,Otros,48,146,162,6,10,261,observada
M00240-02,D00240,EG2026-PRES,ORG01,Fuerza Popular,52,254,303,20,29,404,contabilizada
M00240-02,D00240,EG2026-PRES,ORG02,Juntos por el Peru,28,254,303,20,29,404,contabilizada
M00240-02,D00240,EG2026-PRES,ORG03,Renovacion Popular,44,254,303,20,29,404,contabilizada
M00240-02,D00240,EG2026-PRES,ORG04,Partido del Buen Gobierno,29,254,303,20,29,404,contabilizada
M00240-02,D00240,EG2026-PRES,ORG05,Otros,101,254,303,20,29,404,contabilizada
M00240-03,D00240,EG2026-PRES,ORG01,Fuerza Popular,35,188,215,8,19,263,contabilizada
M00240-03,D00240,EG2026-PRES,ORG02,Juntos por el Peru,22,188,215,8,19,263,contabilizada
M00240-03,D00240,EG2026-PRES,ORG03,Renovacion Popular,33,188,215,8,19,263,contabilizada
M00240-03,D00240,EG2026-PRES,ORG04,Partido del Buen Gobierno,24,188,215,8,19,263,contabilizada
M00240-03,D00240,EG2026-PRES,ORG05,Otros,74,188,215,8,19,263,contabilizada
M00240-04,D00240,EG2026-PRES,ORG01,Fuerza Popular,31,129,151,10,12,238,contabilizada
M00240-04,D00240,EG2026-PRES,ORG02,Juntos por el Peru,16,129,151,10,12,238,contabilizada
M00240-04,D00240,EG2026-PRES,ORG03,Renovacion Popular,32,129,151,10,12,238,contabilizada
M00240-04,D00240,EG2026-PRES,ORG04,Partido del Buen Gobierno,16,129,151,10,12,238,contabilizada
M00240-04,D00240,EG2026-PRES,ORG05,Otros,34,129,151,10,12,238,contabilizada
M00240-05,D00240,EG2026-PRES,ORG01,Fuerza Popular,19,96,118,7,15,183,contabilizada
M00240-05,D00240,EG2026-PRES,ORG02,Juntos por el Peru,13,96,118,7,15,183,contabilizada
M00240-05,D00240,EG2026-PRES,ORG03,Renovacion Popular,18,96,118,7,15,183,contabilizada
M00240-05,D00240,EG2026-PRES,ORG04,Partido del Buen Gobierno,15,96,118,7,15,183,contabilizada
M00240-05,D00240,EG2026-PRES,ORG05,Otros,31,96,118,7,15,183,contabilizada
M00241-01,D00241,EG2026-PRES,ORG01,Fuerza Popular,29,223,267,18,26,355,contabilizada
M00241-01,D00241,EG2026-PRES,ORG02,Juntos por el Peru,53,223,267,18,26,355,contabilizada
M00241-01,D00241,EG2026-PRES,ORG03,Renovacion Popular,18,223,267,18,26,355,contabilizada
M00241-01,D00241,EG2026-PRES,ORG04,Partido del Buen Gobierno,16,223,267,18,26,355,contabilizada
M00241-01,D00241,EG2026-PRES,ORG05,Otros,107,223,267,18,26,355,contabilizada
M00241-02,D00241,EG2026-PRES,ORG01,Fuerza Popular,38,253,288,13,22,343,contabilizada
M00241-02,D00241,EG2026-PRES,ORG02,Juntos por el Peru,44,253,288,13,22,343,contabilizada
M00241-02,D00241,EG2026-PRES,ORG03,Renovacion Popular,19,253,288,13,22,343,contabilizada
M00241-02,D00241,EG2026-PRES,ORG04,Partido del Buen Gobierno,30,253,288,13,22,343,contabilizada
M00241-02,D00241,EG2026-PRES,ORG05,Otros,122,253,288,13,22,343,contabilizada
M00241-03,D00241,EG2026-PRES,ORG01,Fuerza Popular,24,186,219,15,18,262,observada
M00241-03,D00241,EG2026-PRES,ORG02,Juntos por el Peru,33,186,219,15,18,262,observada
M00241-03,D00241,EG2026-PRES,ORG03,Renovacion Popular,10,186,219,15,18,262,observada
M00241-03,D00241,EG2026-PRES,ORG04,Partido del Buen Gobierno,14,186,219,15,18,262,observada
M00241-03,D00241,EG2026-PRES,ORG05,Otros,105,186,219,15,18,262,observada
M00241-04,D00241,EG2026-PRES,ORG01,Fuerza Popular,32,208,246,10,28,328,observada
M00241-04,D00241,EG2026-PRES,ORG02,Juntos por el Peru,42,208,246,10,28,328,observada
M00241-04,D00241,EG2026-PRES,ORG03,Renovacion Popular,13,208,246,10,28,328,observada
M00241-04,D00241,EG2026-PRES,ORG04,Partido del Buen Gobierno,25,208,246,10,28,328,observada
M00241-04,D00241,EG2026-PRES,ORG05,Otros,96,208,246,10,28,328,observada
M00242-01,D00242,EG2026-PRES,ORG01,Fuerza Popular,28,135,165,11,19,236,contabilizada
M00242-01,D00242,EG2026-PRES,ORG02,Juntos por el Peru,19,135,165,11,19,236,contabilizada
M00242-01,D00242,EG2026-PRES,ORG03,Renovacion Popular,21,135,165,11,19,236,contabilizada
M00242-01,D00242,EG2026-PRES,ORG04,Partido del Buen Gobierno,16,135,165,11,19,236,contabilizada
M00242-01,D00242,EG2026-PRES,ORG05,Otros,51,135,165,11,19,236,contabilizada
M00242-02,D00242,EG2026-PRES,ORG01,Fuerza Popular,24,167,184,7,10,266,contabilizada
M00242-02,D00242,EG2026-PRES,ORG02,Juntos por el Peru,25,167,184,7,10,266,contabilizada
M00242-02,D00242,EG2026-PRES,ORG03,Renovacion Popular,27,167,184,7,10,266,contabilizada
M00242-02,D00242,EG2026-PRES,ORG04,Partido del Buen Gobierno,23,167,184,7,10,266,contabilizada
M00242-02,D00242,EG2026-PRES,ORG05,Otros,68,167,184,7,10,266,contabilizada
M00242-03,D00242,EG2026-PRES,ORG01,Fuerza Popular,25,181,211,13,17,306,contabilizada
M00242-03,D00242,EG2026-PRES,ORG02,Juntos por el Peru,24,181,211,13,17,306,contabilizada
M00242-03,D00242,EG2026-PRES,ORG03,Renovacion Popular,28,181,211,13,17,306,contabilizada
M00242-03,D00242,EG2026-PRES,ORG04,Partido del Buen Gobierno,19,181,211,13,17,306,contabilizada
M00242-03,D00242,EG2026-PRES,ORG05,Otros,85,181,211,13,17,306,contabilizada
M00242-04,D00242,EG2026-PRES,ORG01,Fuerza Popular,28,198,224,13,13,417,contabilizada
M00242-04,D00242,EG2026-PRES,ORG02,Juntos por el Peru,29,198,224,13,13,417,contabilizada
M00242-04,D00242,EG2026-PRES,ORG03,Renovacion Popular,18,198,224,13,13,417,contabilizada
M00242-04,D00242,EG2026-PRES,ORG04,Partido del Buen Gobierno,26,198,224,13,13,417,contabilizada
M00242-04,D00242,EG2026-PRES,ORG05,Otros,97,198,224,13,13,417,contabilizada
M00243-01,D00243,EG2026-PRES,ORG01,Fuerza Popular,44,256,285,10,19,333,contabilizada
M00243-01,D00243,EG2026-PRES,ORG02,Juntos por el Peru,43,256,285,10,19,333,contabilizada
M00243-01,D00243,EG2026-PRES,ORG03,Renovacion Popular,30,256,285,10,19,333,contabilizada
M00243-01,D00243,EG2026-PRES,ORG04,Partido del Buen Gobierno,35,256,285,10,19,333,contabilizada
M00243-01,D00243,EG2026-PRES,ORG05,Otros,104,256,285,10,19,333,contabilizada
M00243-02,D00243,EG2026-PRES,ORG01,Fuerza Popular,37,273,303,10,20,400,contabilizada
M00243-02,D00243,EG2026-PRES,ORG02,Juntos por el Peru,40,273,303,10,20,400,contabilizada
M00243-02,D00243,EG2026-PRES,ORG03,Renovacion Popular,45,273,303,10,20,400,contabilizada
M00243-02,D00243,EG2026-PRES,ORG04,Partido del Buen Gobierno,41,273,303,10,20,400,contabilizada
M00243-02,D00243,EG2026-PRES,ORG05,Otros,110,273,303,10,20,400,contabilizada
M00243-03,D00243,EG2026-PRES,ORG01,Fuerza Popular,30,189,218,11,18,316,contabilizada
M00243-03,D00243,EG2026-PRES,ORG02,Juntos por el Peru,20,189,218,11,18,316,contabilizada
M00243-03,D00243,EG2026-PRES,ORG03,Renovacion Popular,26,189,218,11,18,316,contabilizada
M00243-03,D00243,EG2026-PRES,ORG04,Partido del Buen Gobierno,16,189,218,11,18,316,contabilizada
M00243-03,D00243,EG2026-PRES,ORG05,Otros,97,189,218,11,18,316,contabilizada
M00243-04,D00243,EG2026-PRES,ORG01,Fuerza Popular,41,217,260,11,32,289,contabilizada
M00243-04,D00243,EG2026-PRES,ORG02,Juntos por el Peru,27,217,260,11,32,289,contabilizada
M00243-04,D00243,EG2026-PRES,ORG03,Renovacion Popular,24,217,260,11,32,289,contabilizada
M00243-04,D00243,EG2026-PRES,ORG04,Partido del Buen Gobierno,23,217,260,11,32,289,contabilizada
M00243-04,D00243,EG2026-PRES,ORG05,Otros,102,217,260,11,32,289,contabilizada
M00244-01,D00244,EG2026-PRES,ORG01,Fuerza Popular,20,133,151,8,10,192,contabilizada
M00244-01,D00244,EG2026-PRES,ORG02,Juntos por el Peru,34,133,151,8,10,192,contabilizada
M00244-01,D00244,EG2026-PRES,ORG03,Renovacion Popular,10,133,151,8,10,192,contabilizada
M00244-01,D00244,EG2026-PRES,ORG04,Partido del Buen Gobierno,18,133,151,8,10,192,contabilizada
M00244-01,D00244,EG2026-PRES,ORG05,Otros,51,133,151,8,10,192,contabilizada
M00244-02,D00244,EG2026-PRES,ORG01,Fuerza Popular,31,173,195,9,13,232,contabilizada
M00244-02,D00244,EG2026-PRES,ORG02,Juntos por el Peru,43,173,195,9,13,232,contabilizada
M00244-02,D00244,EG2026-PRES,ORG03,Renovacion Popular,16,173,195,9,13,232,contabilizada
M00244-02,D00244,EG2026-PRES,ORG04,Partido del Buen Gobierno,16,173,195,9,13,232,contabilizada
M00244-02,D00244,EG2026-PRES,ORG05,Otros,67,173,195,9,13,232,contabilizada
M00244-03,D00244,EG2026-PRES,ORG01,Fuerza Popular,19,193,227,12,22,328,observada
M00244-03,D00244,EG2026-PRES,ORG02,Juntos por el Peru,46,193,227,12,22,328,observada
M00244-03,D00244,EG2026-PRES,ORG03,Renovacion Popular,14,193,227,12,22,328,observada
M00244-03,D00244,EG2026-PRES,ORG04,Partido del Buen Gobierno,21,193,227,12,22,328,observada
M00244-03,D00244,EG2026-PRES,ORG05,Otros,93,193,227,12,22,328,observada
M00245-01,D00245,EG2026-PRES,ORG01,Fuerza Popular,30,168,205,9,28,259,observada
M00245-01,D00245,EG2026-PRES,ORG02,Juntos por el Peru,21,168,205,9,28,259,observada
M00245-01,D00245,EG2026-PRES,ORG03,Renovacion Popular,21,168,205,9,28,259,observada
M00245-01,D00245,EG2026-PRES,ORG04,Partido del Buen Gobierno,17,168,205,9,28,259,observada
M00245-01,D00245,EG2026-PRES,ORG05,Otros,79,168,205,9,28,259,observada
M00245-02,D00245,EG2026-PRES,ORG01,Fuerza Popular,27,158,182,9,15,292,contabilizada
M00245-02,D00245,EG2026-PRES,ORG02,Juntos por el Peru,17,158,182,9,15,292,contabilizada
M00245-02,D00245,EG2026-PRES,ORG03,Renovacion Popular,25,158,182,9,15,292,contabilizada
M00245-02,D00245,EG2026-PRES,ORG04,Partido del Buen Gobierno,20,158,182,9,15,292,contabilizada
M00245-02,D00245,EG2026-PRES,ORG05,Otros,69,158,182,9,15,292,contabilizada
M00245-03,D00245,EG2026-PRES,ORG01,Fuerza Popular,38,230,271,18,23,402,contabilizada
M00245-03,D00245,EG2026-PRES,ORG02,Juntos por el Peru,35,230,271,18,23,402,contabilizada
M00245-03,D00245,EG2026-PRES,ORG03,Renovacion Popular,52,230,271,18,23,402,contabilizada
M00245-03,D00245,EG2026-PRES,ORG04,Partido del Buen Gobierno,26,230,271,18,23,402,contabilizada
M00245-03,D00245,EG2026-PRES,ORG05,Otros,79,230,271,18,23,402,contabilizada
M00245-04,D00245,EG2026-PRES,ORG01,Fuerza Popular,60,218,261,25,18,313,contabilizada
M00245-04,D00245,EG2026-PRES,ORG02,Juntos por el Peru,24,218,261,25,18,313,contabilizada
M00245-04,D00245,EG2026-PRES,ORG03,Renovacion Popular,29,218,261,25,18,313,contabilizada
M00245-04,D00245,EG2026-PRES,ORG04,Partido del Buen Gobierno,39,218,261,25,18,313,contabilizada
M00245-04,D00245,EG2026-PRES,ORG05,Otros,66,218,261,25,18,313,contabilizada
M00246-01,D00246,EG2026-PRES,ORG01,Fuerza Popular,23,127,143,4,12,198,contabilizada
M00246-01,D00246,EG2026-PRES,ORG02,Juntos por el Peru,19,127,143,4,12,198,contabilizada
M00246-01,D00246,EG2026-PRES,ORG03,Renovacion Popular,19,127,143,4,12,198,contabilizada
M00246-01,D00246,EG2026-PRES,ORG04,Partido del Buen Gobierno,17,127,143,4,12,198,contabilizada
M00246-01,D00246,EG2026-PRES,ORG05,Otros,49,127,143,4,12,198,contabilizada
M00246-02,D00246,EG2026-PRES,ORG01,Fuerza Popular,30,177,212,4,31,281,contabilizada
M00246-02,D00246,EG2026-PRES,ORG02,Juntos por el Peru,19,177,212,4,31,281,contabilizada
M00246-02,D00246,EG2026-PRES,ORG03,Renovacion Popular,20,177,212,4,31,281,contabilizada
M00246-02,D00246,EG2026-PRES,ORG04,Partido del Buen Gobierno,25,177,212,4,31,281,contabilizada
M00246-02,D00246,EG2026-PRES,ORG05,Otros,83,177,212,4,31,281,contabilizada
M00246-03,D00246,EG2026-PRES,ORG01,Fuerza Popular,63,279,319,8,32,392,contabilizada
M00246-03,D00246,EG2026-PRES,ORG02,Juntos por el Peru,23,279,319,8,32,392,contabilizada
M00246-03,D00246,EG2026-PRES,ORG03,Renovacion Popular,45,279,319,8,32,392,contabilizada
M00246-03,D00246,EG2026-PRES,ORG04,Partido del Buen Gobierno,34,279,319,8,32,392,contabilizada
M00246-03,D00246,EG2026-PRES,ORG05,Otros,114,279,319,8,32,392,contabilizada
M00246-04,D00246,EG2026-PRES,ORG01,Fuerza Popular,23,111,134,7,16,200,contabilizada
M00246-04,D00246,EG2026-PRES,ORG02,Juntos por el Peru,14,111,134,7,16,200,contabilizada
M00246-04,D00246,EG2026-PRES,ORG03,Renovacion Popular,15,111,134,7,16,200,contabilizada
M00246-04,D00246,EG2026-PRES,ORG04,Partido del Buen Gobierno,19,111,134,7,16,200,contabilizada
M00246-04,D00246,EG2026-PRES,ORG05,Otros,40,111,134,7,16,200,contabilizada
M00247-01,D00247,EG2026-PRES,ORG01,Fuerza Popular,29,255,307,17,35,384,contabilizada
M00247-01,D00247,EG2026-PRES,ORG02,Juntos por el Peru,23,255,307,17,35,384,contabilizada
M00247-01,D00247,EG2026-PRES,ORG03,Renovacion Popular,30,255,307,17,35,384,contabilizada
M00247-01,D00247,EG2026-PRES,ORG04,Partido del Buen Gobierno,39,255,307,17,35,384,contabilizada
M00247-01,D00247,EG2026-PRES,ORG05,Otros,134,255,307,17,35,384,contabilizada
M00247-02,D00247,EG2026-PRES,ORG01,Fuerza Popular,38,205,234,16,13,340,contabilizada
M00247-02,D00247,EG2026-PRES,ORG02,Juntos por el Peru,20,205,234,16,13,340,contabilizada
M00247-02,D00247,EG2026-PRES,ORG03,Renovacion Popular,37,205,234,16,13,340,contabilizada
M00247-02,D00247,EG2026-PRES,ORG04,Partido del Buen Gobierno,26,205,234,16,13,340,contabilizada
M00247-02,D00247,EG2026-PRES,ORG05,Otros,84,205,234,16,13,340,contabilizada
M00247-03,D00247,EG2026-PRES,ORG01,Fuerza Popular,40,190,215,4,21,296,contabilizada
M00247-03,D00247,EG2026-PRES,ORG02,Juntos por el Peru,37,190,215,4,21,296,contabilizada
M00247-03,D00247,EG2026-PRES,ORG03,Renovacion Popular,35,190,215,4,21,296,contabilizada
M00247-03,D00247,EG2026-PRES,ORG04,Partido del Buen Gobierno,27,190,215,4,21,296,contabilizada
M00247-03,D00247,EG2026-PRES,ORG05,Otros,51,190,215,4,21,296,contabilizada
M00248-01,D00248,EG2026-PRES,ORG01,Fuerza Popular,42,208,244,13,23,323,contabilizada
M00248-01,D00248,EG2026-PRES,ORG02,Juntos por el Peru,21,208,244,13,23,323,contabilizada
M00248-01,D00248,EG2026-PRES,ORG03,Renovacion Popular,32,208,244,13,23,323,contabilizada
M00248-01,D00248,EG2026-PRES,ORG04,Partido del Buen Gobierno,28,208,244,13,23,323,contabilizada
M00248-01,D00248,EG2026-PRES,ORG05,Otros,85,208,244,13,23,323,contabilizada
M00248-02,D00248,EG2026-PRES,ORG01,Fuerza Popular,54,251,293,24,18,402,contabilizada
M00248-02,D00248,EG2026-PRES,ORG02,Juntos por el Peru,23,251,293,24,18,402,contabilizada
M00248-02,D00248,EG2026-PRES,ORG03,Renovacion Popular,50,251,293,24,18,402,contabilizada
M00248-02,D00248,EG2026-PRES,ORG04,Partido del Buen Gobierno,36,251,293,24,18,402,contabilizada
M00248-02,D00248,EG2026-PRES,ORG05,Otros,88,251,293,24,18,402,contabilizada
M00248-03,D00248,EG2026-PRES,ORG01,Fuerza Popular,18,126,153,10,17,214,contabilizada
M00248-03,D00248,EG2026-PRES,ORG02,Juntos por el Peru,12,126,153,10,17,214,contabilizada
M00248-03,D00248,EG2026-PRES,ORG03,Renovacion Popular,19,126,153,10,17,214,contabilizada
M00248-03,D00248,EG2026-PRES,ORG04,Partido del Buen Gobierno,17,126,153,10,17,214,contabilizada
M00248-03,D00248,EG2026-PRES,ORG05,Otros,60,126,153,10,17,214,contabilizada
M00249-01,D00249,EG2026-PRES,ORG01,Fuerza Popular,33,186,229,15,28,349,contabilizada
M00249-01,D00249,EG2026-PRES,ORG02,Juntos por el Peru,20,186,229,15,28,349,contabilizada
M00249-01,D00249,EG2026-PRES,ORG03,Renovacion Popular,40,186,229,15,28,349,contabilizada
M00249-01,D00249,EG2026-PRES,ORG04,Partido del Buen Gobierno,20,186,229,15,28,349,contabilizada
M00249-01,D00249,EG2026-PRES,ORG05,Otros,73,186,229,15,28,349,contabilizada
M00249-02,D00249,EG2026-PRES,ORG01,Fuerza Popular,45,223,268,19,26,351,contabilizada
M00249-02,D00249,EG2026-PRES,ORG02,Juntos por el Peru,25,223,268,19,26,351,contabilizada
M00249-02,D00249,EG2026-PRES,ORG03,Renovacion Popular,33,223,268,19,26,351,contabilizada
M00249-02,D00249,EG2026-PRES,ORG04,Partido del Buen Gobierno,30,223,268,19,26,351,contabilizada
M00249-02,D00249,EG2026-PRES,ORG05,Otros,90,223,268,19,26,351,contabilizada
M00249-03,D00249,EG2026-PRES,ORG01,Fuerza Popular,59,223,256,16,17,322,contabilizada
M00249-03,D00249,EG2026-PRES,ORG02,Juntos por el Peru,24,223,256,16,17,322,contabilizada
M00249-03,D00249,EG2026-PRES,ORG03,Renovacion Popular,32,223,256,16,17,322,contabilizada
M00249-03,D00249,EG2026-PRES,ORG04,Partido del Buen Gobierno,25,223,256,16,17,322,contabilizada
M00249-03,D00249,EG2026-PRES,ORG05,Otros,83,223,256,16,17,322,contabilizada
M00249-04,D00249,EG2026-PRES,ORG01,Fuerza Popular,45,230,265,10,25,307,contabilizada
M00249-04,D00249,EG2026-PRES,ORG02,Juntos por el Peru,26,230,265,10,25,307,contabilizada
M00249-04,D00249,EG2026-PRES,ORG03,Renovacion Popular,45,230,265,10,25,307,contabilizada
M00249-04,D00249,EG2026-PRES,ORG04,Partido del Buen Gobierno,27,230,265,10,25,307,contabilizada
M00249-04,D00249,EG2026-PRES,ORG05,Otros,87,230,265,10,25,307,contabilizada
M00249-05,D00249,EG2026-PRES,ORG01,Fuerza Popular,29,151,163,3,9,192,contabilizada
M00249-05,D00249,EG2026-PRES,ORG02,Juntos por el Peru,22,151,163,3,9,192,contabilizada
M00249-05,D00249,EG2026-PRES,ORG03,Renovacion Popular,26,151,163,3,9,192,contabilizada
M00249-05,D00249,EG2026-PRES,ORG04,Partido del Buen Gobierno,18,151,163,3,9,192,contabilizada
M00249-05,D00249,EG2026-PRES,ORG05,Otros,56,151,163,3,9,192,contabilizada
M00250-01,D00250,EG2026-PRES,ORG01,Fuerza Popular,31,201,222,9,12,267,contabilizada
M00250-01,D00250,EG2026-PRES,ORG02,Juntos por el Peru,26,201,222,9,12,267,contabilizada
M00250-01,D00250,EG2026-PRES,ORG03,Renovacion Popular,37,201,222,9,12,267,contabilizada
M00250-01,D00250,EG2026-PRES,ORG04,Partido del Buen Gobierno,27,201,222,9,12,267,contabilizada
M00250-01,D00250,EG2026-PRES,ORG05,Otros,80,201,222,9,12,267,contabilizada
M00250-02,D00250,EG2026-PRES,ORG01,Fuerza Popular,16,130,160,10,20,212,contabilizada
M00250-02,D00250,EG2026-PRES,ORG02,Juntos por el Peru,16,130,160,10,20,212,contabilizada
M00250-02,D00250,EG2026-PRES,ORG03,Renovacion Popular,29,130,160,10,20,212,contabilizada
M00250-02,D00250,EG2026-PRES,ORG04,Partido del Buen Gobierno,12,130,160,10,20,212,contabilizada
M00250-02,D00250,EG2026-PRES,ORG05,Otros,57,130,160,10,20,212,contabilizada
M00250-03,D00250,EG2026-PRES,ORG01,Fuerza Popular,42,226,254,15,13,394,contabilizada
M00250-03,D00250,EG2026-PRES,ORG02,Juntos por el Peru,21,226,254,15,13,394,contabilizada
M00250-03,D00250,EG2026-PRES,ORG03,Renovacion Popular,47,226,254,15,13,394,contabilizada
M00250-03,D00250,EG2026-PRES,ORG04,Partido del Buen Gobierno,26,226,254,15,13,394,contabilizada
M00250-03,D00250,EG2026-PRES,ORG05,Otros,90,226,254,15,13,394,contabilizada
M00250-04,D00250,EG2026-PRES,ORG01,Fuerza Popular,44,215,247,14,18,357,contabilizada
M00250-04,D00250,EG2026-PRES,ORG02,Juntos por el Peru,21,215,247,14,18,357,contabilizada
M00250-04,D00250,EG2026-PRES,ORG03,Renovacion Popular,34,215,247,14,18,357,contabilizada
M00250-04,D00250,EG2026-PRES,ORG04,Partido del Buen Gobierno,28,215,247,14,18,357,contabilizada
M00250-04,D00250,EG2026-PRES,ORG05,Otros,88,215,247,14,18,357,contabilizada
M00250-05,D00250,EG2026-PRES,ORG01,Fuerza Popular,27,188,235,10,37,303,contabilizada
M00250-05,D00250,EG2026-PRES,ORG02,Juntos por el Peru,19,188,235,10,37,303,contabilizada
M00250-05,D00250,EG2026-PRES,ORG03,Renovacion Popular,38,188,235,10,37,303,contabilizada
M00250-05,D00250,EG2026-PRES,ORG04,Partido del Buen Gobierno,31,188,235,10,37,303,contabilizada
M00250-05,D00250,EG2026-PRES,ORG05,Otros,73,188,235,10,37,303,contabilizada
M00250-06,D00250,EG2026-PRES,ORG01,Fuerza Popular,43,241,279,14,24,399,contabilizada
M00250-06,D00250,EG2026-PRES,ORG02,Juntos por el Peru,22,241,279,14,24,399,contabilizada
M00250-06,D00250,EG2026-PRES,ORG03,Renovacion Popular,62,241,279,14,24,399,contabilizada
M00250-06,D00250,EG2026-PRES,ORG04,Partido del Buen Gobierno,31,241,279,14,24,399,contabilizada
M00250-06,D00250,EG2026-PRES,ORG05,Otros,83,241,279,14,24,399,contabilizada
M00251-01,D00251,EG2026-PRES,ORG01,Fuerza Popular,41,250,287,6,31,375,observada
M00251-01,D00251,EG2026-PRES,ORG02,Juntos por el Peru,35,250,287,6,31,375,observada
M00251-01,D00251,EG2026-PRES,ORG03,Renovacion Popular,32,250,287,6,31,375,observada
M00251-01,D00251,EG2026-PRES,ORG04,Partido del Buen Gobierno,27,250,287,6,31,375,observada
M00251-01,D00251,EG2026-PRES,ORG05,Otros,115,250,287,6,31,375,observada
M00251-02,D00251,EG2026-PRES,ORG01,Fuerza Popular,41,194,227,14,19,320,contabilizada
M00251-02,D00251,EG2026-PRES,ORG02,Juntos por el Peru,18,194,227,14,19,320,contabilizada
M00251-02,D00251,EG2026-PRES,ORG03,Renovacion Popular,20,194,227,14,19,320,contabilizada
M00251-02,D00251,EG2026-PRES,ORG04,Partido del Buen Gobierno,26,194,227,14,19,320,contabilizada
M00251-02,D00251,EG2026-PRES,ORG05,Otros,89,194,227,14,19,320,contabilizada
M00251-03,D00251,EG2026-PRES,ORG01,Fuerza Popular,25,119,147,11,17,180,contabilizada
M00251-03,D00251,EG2026-PRES,ORG02,Juntos por el Peru,20,119,147,11,17,180,contabilizada
M00251-03,D00251,EG2026-PRES,ORG03,Renovacion Popular,9,119,147,11,17,180,contabilizada
M00251-03,D00251,EG2026-PRES,ORG04,Partido del Buen Gobierno,16,119,147,11,17,180,contabilizada
M00251-03,D00251,EG2026-PRES,ORG05,Otros,49,119,147,11,17,180,contabilizada
M00251-04,D00251,EG2026-PRES,ORG01,Fuerza Popular,43,222,258,11,25,351,contabilizada
M00251-04,D00251,EG2026-PRES,ORG02,Juntos por el Peru,41,222,258,11,25,351,contabilizada
M00251-04,D00251,EG2026-PRES,ORG03,Renovacion Popular,31,222,258,11,25,351,contabilizada
M00251-04,D00251,EG2026-PRES,ORG04,Partido del Buen Gobierno,29,222,258,11,25,351,contabilizada
M00251-04,D00251,EG2026-PRES,ORG05,Otros,78,222,258,11,25,351,contabilizada
M00251-05,D00251,EG2026-PRES,ORG01,Fuerza Popular,33,213,267,16,38,335,contabilizada
M00251-05,D00251,EG2026-PRES,ORG02,Juntos por el Peru,32,213,267,16,38,335,contabilizada
M00251-05,D00251,EG2026-PRES,ORG03,Renovacion Popular,25,213,267,16,38,335,contabilizada
M00251-05,D00251,EG2026-PRES,ORG04,Partido del Buen Gobierno,27,213,267,16,38,335,contabilizada
M00251-05,D00251,EG2026-PRES,ORG05,Otros,96,213,267,16,38,335,contabilizada
M00252-01,D00252,EG2026-PRES,ORG01,Fuerza Popular,15,136,162,14,12,222,observada
M00252-01,D00252,EG2026-PRES,ORG02,Juntos por el Peru,33,136,162,14,12,222,observada
M00252-01,D00252,EG2026-PRES,ORG03,Renovacion Popular,11,136,162,14,12,222,observada
M00252-01,D00252,EG2026-PRES,ORG04,Partido del Buen Gobierno,12,136,162,14,12,222,observada
M00252-01,D00252,EG2026-PRES,ORG05,Otros,65,136,162,14,12,222,observada
M00252-02,D00252,EG2026-PRES,ORG01,Fuerza Popular,14,101,129,9,19,217,contabilizada
M00252-02,D00252,EG2026-PRES,ORG02,Juntos por el Peru,22,101,129,9,19,217,contabilizada
M00252-02,D00252,EG2026-PRES,ORG03,Renovacion Popular,7,101,129,9,19,217,contabilizada
M00252-02,D00252,EG2026-PRES,ORG04,Partido del Buen Gobierno,9,101,129,9,19,217,contabilizada
M00252-02,D00252,EG2026-PRES,ORG05,Otros,49,101,129,9,19,217,contabilizada
M00252-03,D00252,EG2026-PRES,ORG01,Fuerza Popular,29,250,299,16,33,396,contabilizada
M00252-03,D00252,EG2026-PRES,ORG02,Juntos por el Peru,51,250,299,16,33,396,contabilizada
M00252-03,D00252,EG2026-PRES,ORG03,Renovacion Popular,19,250,299,16,33,396,contabilizada
M00252-03,D00252,EG2026-PRES,ORG04,Partido del Buen Gobierno,35,250,299,16,33,396,contabilizada
M00252-03,D00252,EG2026-PRES,ORG05,Otros,116,250,299,16,33,396,contabilizada
M00252-04,D00252,EG2026-PRES,ORG01,Fuerza Popular,26,187,227,9,31,270,contabilizada
M00252-04,D00252,EG2026-PRES,ORG02,Juntos por el Peru,49,187,227,9,31,270,contabilizada
M00252-04,D00252,EG2026-PRES,ORG03,Renovacion Popular,13,187,227,9,31,270,contabilizada
M00252-04,D00252,EG2026-PRES,ORG04,Partido del Buen Gobierno,17,187,227,9,31,270,contabilizada
M00252-04,D00252,EG2026-PRES,ORG05,Otros,82,187,227,9,31,270,contabilizada
M00252-05,D00252,EG2026-PRES,ORG01,Fuerza Popular,27,195,232,14,23,312,contabilizada
M00252-05,D00252,EG2026-PRES,ORG02,Juntos por el Peru,38,195,232,14,23,312,contabilizada
M00252-05,D00252,EG2026-PRES,ORG03,Renovacion Popular,14,195,232,14,23,312,contabilizada
M00252-05,D00252,EG2026-PRES,ORG04,Partido del Buen Gobierno,27,195,232,14,23,312,contabilizada
M00252-05,D00252,EG2026-PRES,ORG05,Otros,89,195,232,14,23,312,contabilizada
M00252-06,D00252,EG2026-PRES,ORG01,Fuerza Popular,28,205,256,22,29,338,observada
M00252-06,D00252,EG2026-PRES,ORG02,Juntos por el Peru,47,205,256,22,29,338,observada
M00252-06,D00252,EG2026-PRES,ORG03,Renovacion Popular,14,205,256,22,29,338,observada
M00252-06,D00252,EG2026-PRES,ORG04,Partido del Buen Gobierno,25,205,256,22,29,338,observada
M00252-06,D00252,EG2026-PRES,ORG05,Otros,91,205,256,22,29,338,observada
M00253-01,D00253,EG2026-PRES,ORG01,Fuerza Popular,37,192,231,12,27,263,contabilizada
M00253-01,D00253,EG2026-PRES,ORG02,Juntos por el Peru,15,192,231,12,27,263,contabilizada
M00253-01,D00253,EG2026-PRES,ORG03,Renovacion Popular,38,192,231,12,27,263,contabilizada
M00253-01,D00253,EG2026-PRES,ORG04,Partido del Buen Gobierno,22,192,231,12,27,263,contabilizada
M00253-01,D00253,EG2026-PRES,ORG05,Otros,80,192,231,12,27,263,contabilizada
M00253-02,D00253,EG2026-PRES,ORG01,Fuerza Popular,38,233,269,10,26,349,contabilizada
M00253-02,D00253,EG2026-PRES,ORG02,Juntos por el Peru,30,233,269,10,26,349,contabilizada
M00253-02,D00253,EG2026-PRES,ORG03,Renovacion Popular,30,233,269,10,26,349,contabilizada
M00253-02,D00253,EG2026-PRES,ORG04,Partido del Buen Gobierno,36,233,269,10,26,349,contabilizada
M00253-02,D00253,EG2026-PRES,ORG05,Otros,99,233,269,10,26,349,contabilizada
M00253-03,D00253,EG2026-PRES,ORG01,Fuerza Popular,23,162,201,7,32,303,contabilizada
M00253-03,D00253,EG2026-PRES,ORG02,Juntos por el Peru,18,162,201,7,32,303,contabilizada
M00253-03,D00253,EG2026-PRES,ORG03,Renovacion Popular,33,162,201,7,32,303,contabilizada
M00253-03,D00253,EG2026-PRES,ORG04,Partido del Buen Gobierno,21,162,201,7,32,303,contabilizada
M00253-03,D00253,EG2026-PRES,ORG05,Otros,67,162,201,7,32,303,contabilizada
M00253-04,D00253,EG2026-PRES,ORG01,Fuerza Popular,35,218,254,12,24,325,observada
M00253-04,D00253,EG2026-PRES,ORG02,Juntos por el Peru,25,218,254,12,24,325,observada
M00253-04,D00253,EG2026-PRES,ORG03,Renovacion Popular,50,218,254,12,24,325,observada
M00253-04,D00253,EG2026-PRES,ORG04,Partido del Buen Gobierno,22,218,254,12,24,325,observada
M00253-04,D00253,EG2026-PRES,ORG05,Otros,86,218,254,12,24,325,observada
M00253-05,D00253,EG2026-PRES,ORG01,Fuerza Popular,42,208,239,14,17,385,contabilizada
M00253-05,D00253,EG2026-PRES,ORG02,Juntos por el Peru,25,208,239,14,17,385,contabilizada
M00253-05,D00253,EG2026-PRES,ORG03,Renovacion Popular,35,208,239,14,17,385,contabilizada
M00253-05,D00253,EG2026-PRES,ORG04,Partido del Buen Gobierno,28,208,239,14,17,385,contabilizada
M00253-05,D00253,EG2026-PRES,ORG05,Otros,78,208,239,14,17,385,contabilizada
M00254-01,D00254,EG2026-PRES,ORG01,Fuerza Popular,15,97,117,6,14,184,contabilizada
M00254-01,D00254,EG2026-PRES,ORG02,Juntos por el Peru,14,97,117,6,14,184,contabilizada
M00254-01,D00254,EG2026-PRES,ORG03,Renovacion Popular,12,97,117,6,14,184,contabilizada
M00254-01,D00254,EG2026-PRES,ORG04,Partido del Buen Gobierno,15,97,117,6,14,184,contabilizada
M00254-01,D00254,EG2026-PRES,ORG05,Otros,41,97,117,6,14,184,contabilizada
M00254-02,D00254,EG2026-PRES,ORG01,Fuerza Popular,42,243,288,23,22,342,contabilizada
M00254-02,D00254,EG2026-PRES,ORG02,Juntos por el Peru,40,243,288,23,22,342,contabilizada
M00254-02,D00254,EG2026-PRES,ORG03,Renovacion Popular,34,243,288,23,22,342,contabilizada
M00254-02,D00254,EG2026-PRES,ORG04,Partido del Buen Gobierno,33,243,288,23,22,342,contabilizada
M00254-02,D00254,EG2026-PRES,ORG05,Otros,94,243,288,23,22,342,contabilizada
M00254-03,D00254,EG2026-PRES,ORG01,Fuerza Popular,43,249,278,9,20,375,contabilizada
M00254-03,D00254,EG2026-PRES,ORG02,Juntos por el Peru,35,249,278,9,20,375,contabilizada
M00254-03,D00254,EG2026-PRES,ORG03,Renovacion Popular,40,249,278,9,20,375,contabilizada
M00254-03,D00254,EG2026-PRES,ORG04,Partido del Buen Gobierno,38,249,278,9,20,375,contabilizada
M00254-03,D00254,EG2026-PRES,ORG05,Otros,93,249,278,9,20,375,contabilizada
M00254-04,D00254,EG2026-PRES,ORG01,Fuerza Popular,25,193,240,16,31,285,contabilizada
M00254-04,D00254,EG2026-PRES,ORG02,Juntos por el Peru,28,193,240,16,31,285,contabilizada
M00254-04,D00254,EG2026-PRES,ORG03,Renovacion Popular,24,193,240,16,31,285,contabilizada
M00254-04,D00254,EG2026-PRES,ORG04,Partido del Buen Gobierno,23,193,240,16,31,285,contabilizada
M00254-04,D00254,EG2026-PRES,ORG05,Otros,93,193,240,16,31,285,contabilizada
M00254-05,D00254,EG2026-PRES,ORG01,Fuerza Popular,27,151,179,12,16,236,contabilizada
M00254-05,D00254,EG2026-PRES,ORG02,Juntos por el Peru,21,151,179,12,16,236,contabilizada
M00254-05,D00254,EG2026-PRES,ORG03,Renovacion Popular,19,151,179,12,16,236,contabilizada
M00254-05,D00254,EG2026-PRES,ORG04,Partido del Buen Gobierno,20,151,179,12,16,236,contabilizada
M00254-05,D00254,EG2026-PRES,ORG05,Otros,64,151,179,12,16,236,contabilizada
M00254-06,D00254,EG2026-PRES,ORG01,Fuerza Popular,26,146,158,4,8,235,contabilizada
M00254-06,D00254,EG2026-PRES,ORG02,Juntos por el Peru,20,146,158,4,8,235,contabilizada
M00254-06,D00254,EG2026-PRES,ORG03,Renovacion Popular,20,146,158,4,8,235,contabilizada
M00254-06,D00254,EG2026-PRES,ORG04,Partido del Buen Gobierno,9,146,158,4,8,235,contabilizada
M00254-06,D00254,EG2026-PRES,ORG05,Otros,71,146,158,4,8,235,contabilizada
M00255-01,D00255,EG2026-PRES,ORG01,Fuerza Popular,21,149,178,11,18,253,contabilizada
M00255-01,D00255,EG2026-PRES,ORG02,Juntos por el Peru,23,149,178,11,18,253,contabilizada
M00255-01,D00255,EG2026-PRES,ORG03,Renovacion Popular,22,149,178,11,18,253,contabilizada
M00255-01,D00255,EG2026-PRES,ORG04,Partido del Buen Gobierno,8,149,178,11,18,253,contabilizada
M00255-01,D00255,EG2026-PRES,ORG05,Otros,75,149,178,11,18,253,contabilizada
M00255-02,D00255,EG2026-PRES,ORG01,Fuerza Popular,38,182,216,7,27,297,contabilizada
M00255-02,D00255,EG2026-PRES,ORG02,Juntos por el Peru,27,182,216,7,27,297,contabilizada
M00255-02,D00255,EG2026-PRES,ORG03,Renovacion Popular,22,182,216,7,27,297,contabilizada
M00255-02,D00255,EG2026-PRES,ORG04,Partido del Buen Gobierno,17,182,216,7,27,297,contabilizada
M00255-02,D00255,EG2026-PRES,ORG05,Otros,78,182,216,7,27,297,contabilizada
M00255-03,D00255,EG2026-PRES,ORG01,Fuerza Popular,62,288,330,17,25,411,contabilizada
M00255-03,D00255,EG2026-PRES,ORG02,Juntos por el Peru,51,288,330,17,25,411,contabilizada
M00255-03,D00255,EG2026-PRES,ORG03,Renovacion Popular,37,288,330,17,25,411,contabilizada
M00255-03,D00255,EG2026-PRES,ORG04,Partido del Buen Gobierno,36,288,330,17,25,411,contabilizada
M00255-03,D00255,EG2026-PRES,ORG05,Otros,102,288,330,17,25,411,contabilizada
M00256-01,D00256,EG2026-PRES,ORG01,Fuerza Popular,30,186,212,8,18,323,contabilizada
M00256-01,D00256,EG2026-PRES,ORG02,Juntos por el Peru,32,186,212,8,18,323,contabilizada
M00256-01,D00256,EG2026-PRES,ORG03,Renovacion Popular,21,186,212,8,18,323,contabilizada
M00256-01,D00256,EG2026-PRES,ORG04,Partido del Buen Gobierno,21,186,212,8,18,323,contabilizada
M00256-01,D00256,EG2026-PRES,ORG05,Otros,82,186,212,8,18,323,contabilizada
M00256-02,D00256,EG2026-PRES,ORG01,Fuerza Popular,23,186,209,5,18,286,contabilizada
M00256-02,D00256,EG2026-PRES,ORG02,Juntos por el Peru,39,186,209,5,18,286,contabilizada
M00256-02,D00256,EG2026-PRES,ORG03,Renovacion Popular,14,186,209,5,18,286,contabilizada
M00256-02,D00256,EG2026-PRES,ORG04,Partido del Buen Gobierno,15,186,209,5,18,286,contabilizada
M00256-02,D00256,EG2026-PRES,ORG05,Otros,95,186,209,5,18,286,contabilizada
M00256-03,D00256,EG2026-PRES,ORG01,Fuerza Popular,36,313,370,18,39,411,contabilizada
M00256-03,D00256,EG2026-PRES,ORG02,Juntos por el Peru,72,313,370,18,39,411,contabilizada
M00256-03,D00256,EG2026-PRES,ORG03,Renovacion Popular,23,313,370,18,39,411,contabilizada
M00256-03,D00256,EG2026-PRES,ORG04,Partido del Buen Gobierno,46,313,370,18,39,411,contabilizada
M00256-03,D00256,EG2026-PRES,ORG05,Otros,136,313,370,18,39,411,contabilizada
M00256-04,D00256,EG2026-PRES,ORG01,Fuerza Popular,20,131,144,9,4,195,contabilizada
M00256-04,D00256,EG2026-PRES,ORG02,Juntos por el Peru,25,131,144,9,4,195,contabilizada
M00256-04,D00256,EG2026-PRES,ORG03,Renovacion Popular,11,131,144,9,4,195,contabilizada
M00256-04,D00256,EG2026-PRES,ORG04,Partido del Buen Gobierno,10,131,144,9,4,195,contabilizada
M00256-04,D00256,EG2026-PRES,ORG05,Otros,65,131,144,9,4,195,contabilizada
M00256-05,D00256,EG2026-PRES,ORG01,Fuerza Popular,37,182,200,5,13,280,contabilizada
M00256-05,D00256,EG2026-PRES,ORG02,Juntos por el Peru,34,182,200,5,13,280,contabilizada
M00256-05,D00256,EG2026-PRES,ORG03,Renovacion Popular,17,182,200,5,13,280,contabilizada
M00256-05,D00256,EG2026-PRES,ORG04,Partido del Buen Gobierno,27,182,200,5,13,280,contabilizada
M00256-05,D00256,EG2026-PRES,ORG05,Otros,67,182,200,5,13,280,contabilizada
M00256-06,D00256,EG2026-PRES,ORG01,Fuerza Popular,30,258,306,26,22,405,contabilizada
M00256-06,D00256,EG2026-PRES,ORG02,Juntos por el Peru,46,258,306,26,22,405,contabilizada
M00256-06,D00256,EG2026-PRES,ORG03,Renovacion Popular,17,258,306,26,22,405,contabilizada
M00256-06,D00256,EG2026-PRES,ORG04,Partido del Buen Gobierno,26,258,306,26,22,405,contabilizada
M00256-06,D00256,EG2026-PRES,ORG05,Otros,139,258,306,26,22,405,contabilizada
M00257-01,D00257,EG2026-PRES,ORG01,Fuerza Popular,34,196,237,19,22,376,contabilizada
M00257-01,D00257,EG2026-PRES,ORG02,Juntos por el Peru,18,196,237,19,22,376,contabilizada
M00257-01,D00257,EG2026-PRES,ORG03,Renovacion Popular,25,196,237,19,22,376,contabilizada
M00257-01,D00257,EG2026-PRES,ORG04,Partido del Buen Gobierno,22,196,237,19,22,376,contabilizada
M00257-01,D00257,EG2026-PRES,ORG05,Otros,97,196,237,19,22,376,contabilizada
M00257-02,D00257,EG2026-PRES,ORG01,Fuerza Popular,26,133,149,5,11,216,contabilizada
M00257-02,D00257,EG2026-PRES,ORG02,Juntos por el Peru,20,133,149,5,11,216,contabilizada
M00257-02,D00257,EG2026-PRES,ORG03,Renovacion Popular,22,133,149,5,11,216,contabilizada
M00257-02,D00257,EG2026-PRES,ORG04,Partido del Buen Gobierno,13,133,149,5,11,216,contabilizada
M00257-02,D00257,EG2026-PRES,ORG05,Otros,52,133,149,5,11,216,contabilizada
M00258-01,D00258,EG2026-PRES,ORG01,Fuerza Popular,38,195,230,19,16,319,contabilizada
M00258-01,D00258,EG2026-PRES,ORG02,Juntos por el Peru,20,195,230,19,16,319,contabilizada
M00258-01,D00258,EG2026-PRES,ORG03,Renovacion Popular,37,195,230,19,16,319,contabilizada
M00258-01,D00258,EG2026-PRES,ORG04,Partido del Buen Gobierno,26,195,230,19,16,319,contabilizada
M00258-01,D00258,EG2026-PRES,ORG05,Otros,74,195,230,19,16,319,contabilizada
M00258-02,D00258,EG2026-PRES,ORG01,Fuerza Popular,32,224,246,13,9,273,contabilizada
M00258-02,D00258,EG2026-PRES,ORG02,Juntos por el Peru,22,224,246,13,9,273,contabilizada
M00258-02,D00258,EG2026-PRES,ORG03,Renovacion Popular,32,224,246,13,9,273,contabilizada
M00258-02,D00258,EG2026-PRES,ORG04,Partido del Buen Gobierno,25,224,246,13,9,273,contabilizada
M00258-02,D00258,EG2026-PRES,ORG05,Otros,113,224,246,13,9,273,contabilizada
M00258-03,D00258,EG2026-PRES,ORG01,Fuerza Popular,35,186,216,11,19,283,contabilizada
M00258-03,D00258,EG2026-PRES,ORG02,Juntos por el Peru,22,186,216,11,19,283,contabilizada
M00258-03,D00258,EG2026-PRES,ORG03,Renovacion Popular,36,186,216,11,19,283,contabilizada
M00258-03,D00258,EG2026-PRES,ORG04,Partido del Buen Gobierno,24,186,216,11,19,283,contabilizada
M00258-03,D00258,EG2026-PRES,ORG05,Otros,69,186,216,11,19,283,contabilizada
M00258-04,D00258,EG2026-PRES,ORG01,Fuerza Popular,52,254,302,20,28,336,contabilizada
M00258-04,D00258,EG2026-PRES,ORG02,Juntos por el Peru,22,254,302,20,28,336,contabilizada
M00258-04,D00258,EG2026-PRES,ORG03,Renovacion Popular,48,254,302,20,28,336,contabilizada
M00258-04,D00258,EG2026-PRES,ORG04,Partido del Buen Gobierno,36,254,302,20,28,336,contabilizada
M00258-04,D00258,EG2026-PRES,ORG05,Otros,96,254,302,20,28,336,contabilizada
M00258-05,D00258,EG2026-PRES,ORG01,Fuerza Popular,46,205,225,13,7,349,observada
M00258-05,D00258,EG2026-PRES,ORG02,Juntos por el Peru,25,205,225,13,7,349,observada
M00258-05,D00258,EG2026-PRES,ORG03,Renovacion Popular,38,205,225,13,7,349,observada
M00258-05,D00258,EG2026-PRES,ORG04,Partido del Buen Gobierno,24,205,225,13,7,349,observada
M00258-05,D00258,EG2026-PRES,ORG05,Otros,72,205,225,13,7,349,observada
M00259-01,D00259,EG2026-PRES,ORG01,Fuerza Popular,29,227,259,7,25,387,contabilizada
M00259-01,D00259,EG2026-PRES,ORG02,Juntos por el Peru,36,227,259,7,25,387,contabilizada
M00259-01,D00259,EG2026-PRES,ORG03,Renovacion Popular,41,227,259,7,25,387,contabilizada
M00259-01,D00259,EG2026-PRES,ORG04,Partido del Buen Gobierno,25,227,259,7,25,387,contabilizada
M00259-01,D00259,EG2026-PRES,ORG05,Otros,96,227,259,7,25,387,contabilizada
M00259-02,D00259,EG2026-PRES,ORG01,Fuerza Popular,18,130,159,7,22,188,contabilizada
M00259-02,D00259,EG2026-PRES,ORG02,Juntos por el Peru,17,130,159,7,22,188,contabilizada
M00259-02,D00259,EG2026-PRES,ORG03,Renovacion Popular,22,130,159,7,22,188,contabilizada
M00259-02,D00259,EG2026-PRES,ORG04,Partido del Buen Gobierno,20,130,159,7,22,188,contabilizada
M00259-02,D00259,EG2026-PRES,ORG05,Otros,53,130,159,7,22,188,contabilizada
M00259-03,D00259,EG2026-PRES,ORG01,Fuerza Popular,33,205,230,13,12,283,contabilizada
M00259-03,D00259,EG2026-PRES,ORG02,Juntos por el Peru,31,205,230,13,12,283,contabilizada
M00259-03,D00259,EG2026-PRES,ORG03,Renovacion Popular,26,205,230,13,12,283,contabilizada
M00259-03,D00259,EG2026-PRES,ORG04,Partido del Buen Gobierno,25,205,230,13,12,283,contabilizada
M00259-03,D00259,EG2026-PRES,ORG05,Otros,90,205,230,13,12,283,contabilizada
M00259-04,D00259,EG2026-PRES,ORG01,Fuerza Popular,24,150,171,6,15,249,contabilizada
M00259-04,D00259,EG2026-PRES,ORG02,Juntos por el Peru,15,150,171,6,15,249,contabilizada
M00259-04,D00259,EG2026-PRES,ORG03,Renovacion Popular,21,150,171,6,15,249,contabilizada
M00259-04,D00259,EG2026-PRES,ORG04,Partido del Buen Gobierno,24,150,171,6,15,249,contabilizada
M00259-04,D00259,EG2026-PRES,ORG05,Otros,66,150,171,6,15,249,contabilizada
M00260-01,D00260,EG2026-PRES,ORG01,Fuerza Popular,33,252,283,8,23,419,contabilizada
M00260-01,D00260,EG2026-PRES,ORG02,Juntos por el Peru,59,252,283,8,23,419,contabilizada
M00260-01,D00260,EG2026-PRES,ORG03,Renovacion Popular,20,252,283,8,23,419,contabilizada
M00260-01,D00260,EG2026-PRES,ORG04,Partido del Buen Gobierno,22,252,283,8,23,419,contabilizada
M00260-01,D00260,EG2026-PRES,ORG05,Otros,118,252,283,8,23,419,contabilizada
M00260-02,D00260,EG2026-PRES,ORG01,Fuerza Popular,26,197,235,15,23,272,contabilizada
M00260-02,D00260,EG2026-PRES,ORG02,Juntos por el Peru,58,197,235,15,23,272,contabilizada
M00260-02,D00260,EG2026-PRES,ORG03,Renovacion Popular,12,197,235,15,23,272,contabilizada
M00260-02,D00260,EG2026-PRES,ORG04,Partido del Buen Gobierno,20,197,235,15,23,272,contabilizada
M00260-02,D00260,EG2026-PRES,ORG05,Otros,81,197,235,15,23,272,contabilizada
M00260-03,D00260,EG2026-PRES,ORG01,Fuerza Popular,34,245,281,15,21,382,contabilizada
M00260-03,D00260,EG2026-PRES,ORG02,Juntos por el Peru,70,245,281,15,21,382,contabilizada
M00260-03,D00260,EG2026-PRES,ORG03,Renovacion Popular,23,245,281,15,21,382,contabilizada
M00260-03,D00260,EG2026-PRES,ORG04,Partido del Buen Gobierno,29,245,281,15,21,382,contabilizada
M00260-03,D00260,EG2026-PRES,ORG05,Otros,89,245,281,15,21,382,contabilizada
M00260-04,D00260,EG2026-PRES,ORG01,Fuerza Popular,28,216,262,21,25,348,contabilizada
M00260-04,D00260,EG2026-PRES,ORG02,Juntos por el Peru,53,216,262,21,25,348,contabilizada
M00260-04,D00260,EG2026-PRES,ORG03,Renovacion Popular,15,216,262,21,25,348,contabilizada
M00260-04,D00260,EG2026-PRES,ORG04,Partido del Buen Gobierno,23,216,262,21,25,348,contabilizada
M00260-04,D00260,EG2026-PRES,ORG05,Otros,97,216,262,21,25,348,contabilizada
M00261-01,D00261,EG2026-PRES,ORG01,Fuerza Popular,19,112,134,9,13,223,contabilizada
M00261-01,D00261,EG2026-PRES,ORG02,Juntos por el Peru,9,112,134,9,13,223,contabilizada
M00261-01,D00261,EG2026-PRES,ORG03,Renovacion Popular,21,112,134,9,13,223,contabilizada
M00261-01,D00261,EG2026-PRES,ORG04,Partido del Buen Gobierno,11,112,134,9,13,223,contabilizada
M00261-01,D00261,EG2026-PRES,ORG05,Otros,52,112,134,9,13,223,contabilizada
M00261-02,D00261,EG2026-PRES,ORG01,Fuerza Popular,32,188,217,8,21,307,contabilizada
M00261-02,D00261,EG2026-PRES,ORG02,Juntos por el Peru,22,188,217,8,21,307,contabilizada
M00261-02,D00261,EG2026-PRES,ORG03,Renovacion Popular,29,188,217,8,21,307,contabilizada
M00261-02,D00261,EG2026-PRES,ORG04,Partido del Buen Gobierno,28,188,217,8,21,307,contabilizada
M00261-02,D00261,EG2026-PRES,ORG05,Otros,77,188,217,8,21,307,contabilizada
M00262-01,D00262,EG2026-PRES,ORG01,Fuerza Popular,15,132,143,5,6,208,contabilizada
M00262-01,D00262,EG2026-PRES,ORG02,Juntos por el Peru,32,132,143,5,6,208,contabilizada
M00262-01,D00262,EG2026-PRES,ORG03,Renovacion Popular,13,132,143,5,6,208,contabilizada
M00262-01,D00262,EG2026-PRES,ORG04,Partido del Buen Gobierno,17,132,143,5,6,208,contabilizada
M00262-01,D00262,EG2026-PRES,ORG05,Otros,55,132,143,5,6,208,contabilizada
M00262-02,D00262,EG2026-PRES,ORG01,Fuerza Popular,36,300,340,24,16,408,contabilizada
M00262-02,D00262,EG2026-PRES,ORG02,Juntos por el Peru,62,300,340,24,16,408,contabilizada
M00262-02,D00262,EG2026-PRES,ORG03,Renovacion Popular,22,300,340,24,16,408,contabilizada
M00262-02,D00262,EG2026-PRES,ORG04,Partido del Buen Gobierno,31,300,340,24,16,408,contabilizada
M00262-02,D00262,EG2026-PRES,ORG05,Otros,149,300,340,24,16,408,contabilizada
M00263-01,D00263,EG2026-PRES,ORG01,Fuerza Popular,36,195,218,9,14,265,contabilizada
M00263-01,D00263,EG2026-PRES,ORG02,Juntos por el Peru,22,195,218,9,14,265,contabilizada
M00263-01,D00263,EG2026-PRES,ORG03,Renovacion Popular,21,195,218,9,14,265,contabilizada
M00263-01,D00263,EG2026-PRES,ORG04,Partido del Buen Gobierno,28,195,218,9,14,265,contabilizada
M00263-01,D00263,EG2026-PRES,ORG05,Otros,88,195,218,9,14,265,contabilizada
M00263-02,D00263,EG2026-PRES,ORG01,Fuerza Popular,34,220,259,13,26,336,contabilizada
M00263-02,D00263,EG2026-PRES,ORG02,Juntos por el Peru,30,220,259,13,26,336,contabilizada
M00263-02,D00263,EG2026-PRES,ORG03,Renovacion Popular,25,220,259,13,26,336,contabilizada
M00263-02,D00263,EG2026-PRES,ORG04,Partido del Buen Gobierno,34,220,259,13,26,336,contabilizada
M00263-02,D00263,EG2026-PRES,ORG05,Otros,97,220,259,13,26,336,contabilizada
M00263-03,D00263,EG2026-PRES,ORG01,Fuerza Popular,31,221,256,20,15,327,contabilizada
M00263-03,D00263,EG2026-PRES,ORG02,Juntos por el Peru,32,221,256,20,15,327,contabilizada
M00263-03,D00263,EG2026-PRES,ORG03,Renovacion Popular,23,221,256,20,15,327,contabilizada
M00263-03,D00263,EG2026-PRES,ORG04,Partido del Buen Gobierno,32,221,256,20,15,327,contabilizada
M00263-03,D00263,EG2026-PRES,ORG05,Otros,103,221,256,20,15,327,contabilizada
M00263-04,D00263,EG2026-PRES,ORG01,Fuerza Popular,46,184,216,13,19,396,contabilizada
M00263-04,D00263,EG2026-PRES,ORG02,Juntos por el Peru,25,184,216,13,19,396,contabilizada
M00263-04,D00263,EG2026-PRES,ORG03,Renovacion Popular,19,184,216,13,19,396,contabilizada
M00263-04,D00263,EG2026-PRES,ORG04,Partido del Buen Gobierno,22,184,216,13,19,396,contabilizada
M00263-04,D00263,EG2026-PRES,ORG05,Otros,72,184,216,13,19,396,contabilizada
M00263-05,D00263,EG2026-PRES,ORG01,Fuerza Popular,20,132,152,6,14,189,contabilizada
M00263-05,D00263,EG2026-PRES,ORG02,Juntos por el Peru,15,132,152,6,14,189,contabilizada
M00263-05,D00263,EG2026-PRES,ORG03,Renovacion Popular,19,132,152,6,14,189,contabilizada
M00263-05,D00263,EG2026-PRES,ORG04,Partido del Buen Gobierno,16,132,152,6,14,189,contabilizada
M00263-05,D00263,EG2026-PRES,ORG05,Otros,62,132,152,6,14,189,contabilizada
M00264-01,D00264,EG2026-PRES,ORG01,Fuerza Popular,16,126,145,4,15,207,contabilizada
M00264-01,D00264,EG2026-PRES,ORG02,Juntos por el Peru,17,126,145,4,15,207,contabilizada
M00264-01,D00264,EG2026-PRES,ORG03,Renovacion Popular,23,126,145,4,15,207,contabilizada
M00264-01,D00264,EG2026-PRES,ORG04,Partido del Buen Gobierno,19,126,145,4,15,207,contabilizada
M00264-01,D00264,EG2026-PRES,ORG05,Otros,51,126,145,4,15,207,contabilizada
M00264-02,D00264,EG2026-PRES,ORG01,Fuerza Popular,25,234,268,12,22,361,contabilizada
M00264-02,D00264,EG2026-PRES,ORG02,Juntos por el Peru,31,234,268,12,22,361,contabilizada
M00264-02,D00264,EG2026-PRES,ORG03,Renovacion Popular,26,234,268,12,22,361,contabilizada
M00264-02,D00264,EG2026-PRES,ORG04,Partido del Buen Gobierno,31,234,268,12,22,361,contabilizada
M00264-02,D00264,EG2026-PRES,ORG05,Otros,121,234,268,12,22,361,contabilizada
M00264-03,D00264,EG2026-PRES,ORG01,Fuerza Popular,28,155,180,13,12,236,contabilizada
M00264-03,D00264,EG2026-PRES,ORG02,Juntos por el Peru,19,155,180,13,12,236,contabilizada
M00264-03,D00264,EG2026-PRES,ORG03,Renovacion Popular,22,155,180,13,12,236,contabilizada
M00264-03,D00264,EG2026-PRES,ORG04,Partido del Buen Gobierno,19,155,180,13,12,236,contabilizada
M00264-03,D00264,EG2026-PRES,ORG05,Otros,67,155,180,13,12,236,contabilizada
M00264-04,D00264,EG2026-PRES,ORG01,Fuerza Popular,42,259,298,15,24,407,contabilizada
M00264-04,D00264,EG2026-PRES,ORG02,Juntos por el Peru,28,259,298,15,24,407,contabilizada
M00264-04,D00264,EG2026-PRES,ORG03,Renovacion Popular,26,259,298,15,24,407,contabilizada
M00264-04,D00264,EG2026-PRES,ORG04,Partido del Buen Gobierno,29,259,298,15,24,407,contabilizada
M00264-04,D00264,EG2026-PRES,ORG05,Otros,134,259,298,15,24,407,contabilizada
M00264-05,D00264,EG2026-PRES,ORG01,Fuerza Popular,32,207,240,18,15,309,contabilizada
M00264-05,D00264,EG2026-PRES,ORG02,Juntos por el Peru,26,207,240,18,15,309,contabilizada
M00264-05,D00264,EG2026-PRES,ORG03,Renovacion Popular,30,207,240,18,15,309,contabilizada
M00264-05,D00264,EG2026-PRES,ORG04,Partido del Buen Gobierno,25,207,240,18,15,309,contabilizada
M00264-05,D00264,EG2026-PRES,ORG05,Otros,94,207,240,18,15,309,contabilizada
M00265-01,D00265,EG2026-PRES,ORG01,Fuerza Popular,23,118,134,3,13,198,contabilizada
M00265-01,D00265,EG2026-PRES,ORG02,Juntos por el Peru,12,118,134,3,13,198,contabilizada
M00265-01,D00265,EG2026-PRES,ORG03,Renovacion Popular,19,118,134,3,13,198,contabilizada
M00265-01,D00265,EG2026-PRES,ORG04,Partido del Buen Gobierno,13,118,134,3,13,198,contabilizada
M00265-01,D00265,EG2026-PRES,ORG05,Otros,51,118,134,3,13,198,contabilizada
M00265-02,D00265,EG2026-PRES,ORG01,Fuerza Popular,53,282,327,15,30,373,contabilizada
M00265-02,D00265,EG2026-PRES,ORG02,Juntos por el Peru,32,282,327,15,30,373,contabilizada
M00265-02,D00265,EG2026-PRES,ORG03,Renovacion Popular,49,282,327,15,30,373,contabilizada
M00265-02,D00265,EG2026-PRES,ORG04,Partido del Buen Gobierno,43,282,327,15,30,373,contabilizada
M00265-02,D00265,EG2026-PRES,ORG05,Otros,105,282,327,15,30,373,contabilizada
M00265-03,D00265,EG2026-PRES,ORG01,Fuerza Popular,34,170,195,15,10,271,contabilizada
M00265-03,D00265,EG2026-PRES,ORG02,Juntos por el Peru,18,170,195,15,10,271,contabilizada
M00265-03,D00265,EG2026-PRES,ORG03,Renovacion Popular,36,170,195,15,10,271,contabilizada
M00265-03,D00265,EG2026-PRES,ORG04,Partido del Buen Gobierno,19,170,195,15,10,271,contabilizada
M00265-03,D00265,EG2026-PRES,ORG05,Otros,63,170,195,15,10,271,contabilizada
M00265-04,D00265,EG2026-PRES,ORG01,Fuerza Popular,25,170,194,8,16,257,pendiente
M00265-04,D00265,EG2026-PRES,ORG02,Juntos por el Peru,17,170,194,8,16,257,pendiente
M00265-04,D00265,EG2026-PRES,ORG03,Renovacion Popular,30,170,194,8,16,257,pendiente
M00265-04,D00265,EG2026-PRES,ORG04,Partido del Buen Gobierno,20,170,194,8,16,257,pendiente
M00265-04,D00265,EG2026-PRES,ORG05,Otros,78,170,194,8,16,257,pendiente
M00266-01,D00266,EG2026-PRES,ORG01,Fuerza Popular,45,225,257,15,17,359,contabilizada
M00266-01,D00266,EG2026-PRES,ORG02,Juntos por el Peru,35,225,257,15,17,359,contabilizada
M00266-01,D00266,EG2026-PRES,ORG03,Renovacion Popular,30,225,257,15,17,359,contabilizada
M00266-01,D00266,EG2026-PRES,ORG04,Partido del Buen Gobierno,20,225,257,15,17,359,contabilizada
M00266-01,D00266,EG2026-PRES,ORG05,Otros,95,225,257,15,17,359,contabilizada
M00266-02,D00266,EG2026-PRES,ORG01,Fuerza Popular,23,125,145,6,14,208,contabilizada
M00266-02,D00266,EG2026-PRES,ORG02,Juntos por el Peru,18,125,145,6,14,208,contabilizada
M00266-02,D00266,EG2026-PRES,ORG03,Renovacion Popular,19,125,145,6,14,208,contabilizada
M00266-02,D00266,EG2026-PRES,ORG04,Partido del Buen Gobierno,14,125,145,6,14,208,contabilizada
M00266-02,D00266,EG2026-PRES,ORG05,Otros,51,125,145,6,14,208,contabilizada
M00267-01,D00267,EG2026-PRES,ORG01,Fuerza Popular,19,118,134,8,8,203,contabilizada
M00267-01,D00267,EG2026-PRES,ORG02,Juntos por el Peru,30,118,134,8,8,203,contabilizada
M00267-01,D00267,EG2026-PRES,ORG03,Renovacion Popular,7,118,134,8,8,203,contabilizada
M00267-01,D00267,EG2026-PRES,ORG04,Partido del Buen Gobierno,10,118,134,8,8,203,contabilizada
M00267-01,D00267,EG2026-PRES,ORG05,Otros,52,118,134,8,8,203,contabilizada
M00267-02,D00267,EG2026-PRES,ORG01,Fuerza Popular,36,272,309,19,18,368,contabilizada
M00267-02,D00267,EG2026-PRES,ORG02,Juntos por el Peru,70,272,309,19,18,368,contabilizada
M00267-02,D00267,EG2026-PRES,ORG03,Renovacion Popular,15,272,309,19,18,368,contabilizada
M00267-02,D00267,EG2026-PRES,ORG04,Partido del Buen Gobierno,27,272,309,19,18,368,contabilizada
M00267-02,D00267,EG2026-PRES,ORG05,Otros,124,272,309,19,18,368,contabilizada
M00267-03,D00267,EG2026-PRES,ORG01,Fuerza Popular,35,286,346,24,36,393,contabilizada
M00267-03,D00267,EG2026-PRES,ORG02,Juntos por el Peru,65,286,346,24,36,393,contabilizada
M00267-03,D00267,EG2026-PRES,ORG03,Renovacion Popular,24,286,346,24,36,393,contabilizada
M00267-03,D00267,EG2026-PRES,ORG04,Partido del Buen Gobierno,36,286,346,24,36,393,contabilizada
M00267-03,D00267,EG2026-PRES,ORG05,Otros,126,286,346,24,36,393,contabilizada
M00268-01,D00268,EG2026-PRES,ORG01,Fuerza Popular,34,169,207,12,26,297,contabilizada
M00268-01,D00268,EG2026-PRES,ORG02,Juntos por el Peru,23,169,207,12,26,297,contabilizada
M00268-01,D00268,EG2026-PRES,ORG03,Renovacion Popular,17,169,207,12,26,297,contabilizada
M00268-01,D00268,EG2026-PRES,ORG04,Partido del Buen Gobierno,26,169,207,12,26,297,contabilizada
M00268-01,D00268,EG2026-PRES,ORG05,Otros,69,169,207,12,26,297,contabilizada
M00268-02,D00268,EG2026-PRES,ORG01,Fuerza Popular,29,133,157,9,15,230,contabilizada
M00268-02,D00268,EG2026-PRES,ORG02,Juntos por el Peru,24,133,157,9,15,230,contabilizada
M00268-02,D00268,EG2026-PRES,ORG03,Renovacion Popular,15,133,157,9,15,230,contabilizada
M00268-02,D00268,EG2026-PRES,ORG04,Partido del Buen Gobierno,18,133,157,9,15,230,contabilizada
M00268-02,D00268,EG2026-PRES,ORG05,Otros,47,133,157,9,15,230,contabilizada
M00268-03,D00268,EG2026-PRES,ORG01,Fuerza Popular,29,152,189,21,16,266,contabilizada
M00268-03,D00268,EG2026-PRES,ORG02,Juntos por el Peru,16,152,189,21,16,266,contabilizada
M00268-03,D00268,EG2026-PRES,ORG03,Renovacion Popular,19,152,189,21,16,266,contabilizada
M00268-03,D00268,EG2026-PRES,ORG04,Partido del Buen Gobierno,27,152,189,21,16,266,contabilizada
M00268-03,D00268,EG2026-PRES,ORG05,Otros,61,152,189,21,16,266,contabilizada
M00268-04,D00268,EG2026-PRES,ORG01,Fuerza Popular,34,219,273,17,37,338,contabilizada
M00268-04,D00268,EG2026-PRES,ORG02,Juntos por el Peru,25,219,273,17,37,338,contabilizada
M00268-04,D00268,EG2026-PRES,ORG03,Renovacion Popular,29,219,273,17,37,338,contabilizada
M00268-04,D00268,EG2026-PRES,ORG04,Partido del Buen Gobierno,26,219,273,17,37,338,contabilizada
M00268-04,D00268,EG2026-PRES,ORG05,Otros,105,219,273,17,37,338,contabilizada
M00269-01,D00269,EG2026-PRES,ORG01,Fuerza Popular,18,124,148,12,12,189,contabilizada
M00269-01,D00269,EG2026-PRES,ORG02,Juntos por el Peru,38,124,148,12,12,189,contabilizada
M00269-01,D00269,EG2026-PRES,ORG03,Renovacion Popular,13,124,148,12,12,189,contabilizada
M00269-01,D00269,EG2026-PRES,ORG04,Partido del Buen Gobierno,17,124,148,12,12,189,contabilizada
M00269-01,D00269,EG2026-PRES,ORG05,Otros,38,124,148,12,12,189,contabilizada
M00269-02,D00269,EG2026-PRES,ORG01,Fuerza Popular,29,235,271,27,9,327,contabilizada
M00269-02,D00269,EG2026-PRES,ORG02,Juntos por el Peru,50,235,271,27,9,327,contabilizada
M00269-02,D00269,EG2026-PRES,ORG03,Renovacion Popular,17,235,271,27,9,327,contabilizada
M00269-02,D00269,EG2026-PRES,ORG04,Partido del Buen Gobierno,17,235,271,27,9,327,contabilizada
M00269-02,D00269,EG2026-PRES,ORG05,Otros,122,235,271,27,9,327,contabilizada
M00269-03,D00269,EG2026-PRES,ORG01,Fuerza Popular,32,264,305,19,22,398,contabilizada
M00269-03,D00269,EG2026-PRES,ORG02,Juntos por el Peru,73,264,305,19,22,398,contabilizada
M00269-03,D00269,EG2026-PRES,ORG03,Renovacion Popular,15,264,305,19,22,398,contabilizada
M00269-03,D00269,EG2026-PRES,ORG04,Partido del Buen Gobierno,22,264,305,19,22,398,contabilizada
M00269-03,D00269,EG2026-PRES,ORG05,Otros,122,264,305,19,22,398,contabilizada
M00269-04,D00269,EG2026-PRES,ORG01,Fuerza Popular,43,254,286,16,16,339,contabilizada
M00269-04,D00269,EG2026-PRES,ORG02,Juntos por el Peru,59,254,286,16,16,339,contabilizada
M00269-04,D00269,EG2026-PRES,ORG03,Renovacion Popular,23,254,286,16,16,339,contabilizada
M00269-04,D00269,EG2026-PRES,ORG04,Partido del Buen Gobierno,33,254,286,16,16,339,contabilizada
M00269-04,D00269,EG2026-PRES,ORG05,Otros,96,254,286,16,16,339,contabilizada
M00269-05,D00269,EG2026-PRES,ORG01,Fuerza Popular,25,197,233,9,27,326,contabilizada
M00269-05,D00269,EG2026-PRES,ORG02,Juntos por el Peru,45,197,233,9,27,326,contabilizada
M00269-05,D00269,EG2026-PRES,ORG03,Renovacion Popular,17,197,233,9,27,326,contabilizada
M00269-05,D00269,EG2026-PRES,ORG04,Partido del Buen Gobierno,16,197,233,9,27,326,contabilizada
M00269-05,D00269,EG2026-PRES,ORG05,Otros,94,197,233,9,27,326,contabilizada
M00270-01,D00270,EG2026-PRES,ORG01,Fuerza Popular,22,185,231,8,38,262,contabilizada
M00270-01,D00270,EG2026-PRES,ORG02,Juntos por el Peru,44,185,231,8,38,262,contabilizada
M00270-01,D00270,EG2026-PRES,ORG03,Renovacion Popular,15,185,231,8,38,262,contabilizada
M00270-01,D00270,EG2026-PRES,ORG04,Partido del Buen Gobierno,21,185,231,8,38,262,contabilizada
M00270-01,D00270,EG2026-PRES,ORG05,Otros,83,185,231,8,38,262,contabilizada
M00270-02,D00270,EG2026-PRES,ORG01,Fuerza Popular,30,231,271,22,18,341,contabilizada
M00270-02,D00270,EG2026-PRES,ORG02,Juntos por el Peru,60,231,271,22,18,341,contabilizada
M00270-02,D00270,EG2026-PRES,ORG03,Renovacion Popular,18,231,271,22,18,341,contabilizada
M00270-02,D00270,EG2026-PRES,ORG04,Partido del Buen Gobierno,27,231,271,22,18,341,contabilizada
M00270-02,D00270,EG2026-PRES,ORG05,Otros,96,231,271,22,18,341,contabilizada
M00270-03,D00270,EG2026-PRES,ORG01,Fuerza Popular,28,203,247,17,27,340,contabilizada
M00270-03,D00270,EG2026-PRES,ORG02,Juntos por el Peru,51,203,247,17,27,340,contabilizada
M00270-03,D00270,EG2026-PRES,ORG03,Renovacion Popular,18,203,247,17,27,340,contabilizada
M00270-03,D00270,EG2026-PRES,ORG04,Partido del Buen Gobierno,21,203,247,17,27,340,contabilizada
M00270-03,D00270,EG2026-PRES,ORG05,Otros,85,203,247,17,27,340,contabilizada
M00271-01,D00271,EG2026-PRES,ORG01,Fuerza Popular,27,161,178,4,13,260,contabilizada
M00271-01,D00271,EG2026-PRES,ORG02,Juntos por el Peru,13,161,178,4,13,260,contabilizada
M00271-01,D00271,EG2026-PRES,ORG03,Renovacion Popular,31,161,178,4,13,260,contabilizada
M00271-01,D00271,EG2026-PRES,ORG04,Partido del Buen Gobierno,23,161,178,4,13,260,contabilizada
M00271-01,D00271,EG2026-PRES,ORG05,Otros,67,161,178,4,13,260,contabilizada
M00271-02,D00271,EG2026-PRES,ORG01,Fuerza Popular,35,150,186,16,20,248,contabilizada
M00271-02,D00271,EG2026-PRES,ORG02,Juntos por el Peru,20,150,186,16,20,248,contabilizada
M00271-02,D00271,EG2026-PRES,ORG03,Renovacion Popular,22,150,186,16,20,248,contabilizada
M00271-02,D00271,EG2026-PRES,ORG04,Partido del Buen Gobierno,23,150,186,16,20,248,contabilizada
M00271-02,D00271,EG2026-PRES,ORG05,Otros,50,150,186,16,20,248,contabilizada
M00271-03,D00271,EG2026-PRES,ORG01,Fuerza Popular,23,123,138,7,8,238,contabilizada
M00271-03,D00271,EG2026-PRES,ORG02,Juntos por el Peru,15,123,138,7,8,238,contabilizada
M00271-03,D00271,EG2026-PRES,ORG03,Renovacion Popular,18,123,138,7,8,238,contabilizada
M00271-03,D00271,EG2026-PRES,ORG04,Partido del Buen Gobierno,20,123,138,7,8,238,contabilizada
M00271-03,D00271,EG2026-PRES,ORG05,Otros,47,123,138,7,8,238,contabilizada
M00271-04,D00271,EG2026-PRES,ORG01,Fuerza Popular,15,103,123,6,14,205,contabilizada
M00271-04,D00271,EG2026-PRES,ORG02,Juntos por el Peru,12,103,123,6,14,205,contabilizada
M00271-04,D00271,EG2026-PRES,ORG03,Renovacion Popular,20,103,123,6,14,205,contabilizada
M00271-04,D00271,EG2026-PRES,ORG04,Partido del Buen Gobierno,12,103,123,6,14,205,contabilizada
M00271-04,D00271,EG2026-PRES,ORG05,Otros,44,103,123,6,14,205,contabilizada
M00272-01,D00272,EG2026-PRES,ORG01,Fuerza Popular,14,133,166,10,23,197,observada
M00272-01,D00272,EG2026-PRES,ORG02,Juntos por el Peru,23,133,166,10,23,197,observada
M00272-01,D00272,EG2026-PRES,ORG03,Renovacion Popular,18,133,166,10,23,197,observada
M00272-01,D00272,EG2026-PRES,ORG04,Partido del Buen Gobierno,18,133,166,10,23,197,observada
M00272-01,D00272,EG2026-PRES,ORG05,Otros,60,133,166,10,23,197,observada
M00272-02,D00272,EG2026-PRES,ORG01,Fuerza Popular,23,125,147,12,10,188,contabilizada
M00272-02,D00272,EG2026-PRES,ORG02,Juntos por el Peru,28,125,147,12,10,188,contabilizada
M00272-02,D00272,EG2026-PRES,ORG03,Renovacion Popular,16,125,147,12,10,188,contabilizada
M00272-02,D00272,EG2026-PRES,ORG04,Partido del Buen Gobierno,14,125,147,12,10,188,contabilizada
M00272-02,D00272,EG2026-PRES,ORG05,Otros,44,125,147,12,10,188,contabilizada
M00273-01,D00273,EG2026-PRES,ORG01,Fuerza Popular,14,152,176,7,17,208,contabilizada
M00273-01,D00273,EG2026-PRES,ORG02,Juntos por el Peru,29,152,176,7,17,208,contabilizada
M00273-01,D00273,EG2026-PRES,ORG03,Renovacion Popular,9,152,176,7,17,208,contabilizada
M00273-01,D00273,EG2026-PRES,ORG04,Partido del Buen Gobierno,16,152,176,7,17,208,contabilizada
M00273-01,D00273,EG2026-PRES,ORG05,Otros,84,152,176,7,17,208,contabilizada
M00273-02,D00273,EG2026-PRES,ORG01,Fuerza Popular,25,182,226,18,26,292,contabilizada
M00273-02,D00273,EG2026-PRES,ORG02,Juntos por el Peru,42,182,226,18,26,292,contabilizada
M00273-02,D00273,EG2026-PRES,ORG03,Renovacion Popular,17,182,226,18,26,292,contabilizada
M00273-02,D00273,EG2026-PRES,ORG04,Partido del Buen Gobierno,18,182,226,18,26,292,contabilizada
M00273-02,D00273,EG2026-PRES,ORG05,Otros,80,182,226,18,26,292,contabilizada
M00274-01,D00274,EG2026-PRES,ORG01,Fuerza Popular,25,133,165,15,17,237,contabilizada
M00274-01,D00274,EG2026-PRES,ORG02,Juntos por el Peru,16,133,165,15,17,237,contabilizada
M00274-01,D00274,EG2026-PRES,ORG03,Renovacion Popular,14,133,165,15,17,237,contabilizada
M00274-01,D00274,EG2026-PRES,ORG04,Partido del Buen Gobierno,18,133,165,15,17,237,contabilizada
M00274-01,D00274,EG2026-PRES,ORG05,Otros,60,133,165,15,17,237,contabilizada
M00274-02,D00274,EG2026-PRES,ORG01,Fuerza Popular,40,236,269,10,23,349,contabilizada
M00274-02,D00274,EG2026-PRES,ORG02,Juntos por el Peru,41,236,269,10,23,349,contabilizada
M00274-02,D00274,EG2026-PRES,ORG03,Renovacion Popular,35,236,269,10,23,349,contabilizada
M00274-02,D00274,EG2026-PRES,ORG04,Partido del Buen Gobierno,35,236,269,10,23,349,contabilizada
M00274-02,D00274,EG2026-PRES,ORG05,Otros,85,236,269,10,23,349,contabilizada
M00274-03,D00274,EG2026-PRES,ORG01,Fuerza Popular,27,178,213,14,21,285,contabilizada
M00274-03,D00274,EG2026-PRES,ORG02,Juntos por el Peru,20,178,213,14,21,285,contabilizada
M00274-03,D00274,EG2026-PRES,ORG03,Renovacion Popular,19,178,213,14,21,285,contabilizada
M00274-03,D00274,EG2026-PRES,ORG04,Partido del Buen Gobierno,19,178,213,14,21,285,contabilizada
M00274-03,D00274,EG2026-PRES,ORG05,Otros,93,178,213,14,21,285,contabilizada
M00274-04,D00274,EG2026-PRES,ORG01,Fuerza Popular,35,202,247,20,25,382,contabilizada
M00274-04,D00274,EG2026-PRES,ORG02,Juntos por el Peru,37,202,247,20,25,382,contabilizada
M00274-04,D00274,EG2026-PRES,ORG03,Renovacion Popular,26,202,247,20,25,382,contabilizada
M00274-04,D00274,EG2026-PRES,ORG04,Partido del Buen Gobierno,14,202,247,20,25,382,contabilizada
M00274-04,D00274,EG2026-PRES,ORG05,Otros,90,202,247,20,25,382,contabilizada
M00275-01,D00275,EG2026-PRES,ORG01,Fuerza Popular,28,159,183,9,15,284,contabilizada
M00275-01,D00275,EG2026-PRES,ORG02,Juntos por el Peru,16,159,183,9,15,284,contabilizada
M00275-01,D00275,EG2026-PRES,ORG03,Renovacion Popular,17,159,183,9,15,284,contabilizada
M00275-01,D00275,EG2026-PRES,ORG04,Partido del Buen Gobierno,18,159,183,9,15,284,contabilizada
M00275-01,D00275,EG2026-PRES,ORG05,Otros,80,159,183,9,15,284,contabilizada
M00275-02,D00275,EG2026-PRES,ORG01,Fuerza Popular,39,234,276,15,27,352,contabilizada
M00275-02,D00275,EG2026-PRES,ORG02,Juntos por el Peru,30,234,276,15,27,352,contabilizada
M00275-02,D00275,EG2026-PRES,ORG03,Renovacion Popular,41,234,276,15,27,352,contabilizada
M00275-02,D00275,EG2026-PRES,ORG04,Partido del Buen Gobierno,33,234,276,15,27,352,contabilizada
M00275-02,D00275,EG2026-PRES,ORG05,Otros,91,234,276,15,27,352,contabilizada
M00275-03,D00275,EG2026-PRES,ORG01,Fuerza Popular,37,202,239,5,32,315,contabilizada
M00275-03,D00275,EG2026-PRES,ORG02,Juntos por el Peru,28,202,239,5,32,315,contabilizada
M00275-03,D00275,EG2026-PRES,ORG03,Renovacion Popular,36,202,239,5,32,315,contabilizada
M00275-03,D00275,EG2026-PRES,ORG04,Partido del Buen Gobierno,18,202,239,5,32,315,contabilizada
M00275-03,D00275,EG2026-PRES,ORG05,Otros,83,202,239,5,32,315,contabilizada
M00275-04,D00275,EG2026-PRES,ORG01,Fuerza Popular,26,133,163,9,21,198,observada
M00275-04,D00275,EG2026-PRES,ORG02,Juntos por el Peru,21,133,163,9,21,198,observada
M00275-04,D00275,EG2026-PRES,ORG03,Renovacion Popular,15,133,163,9,21,198,observada
M00275-04,D00275,EG2026-PRES,ORG04,Partido del Buen Gobierno,13,133,163,9,21,198,observada
M00275-04,D00275,EG2026-PRES,ORG05,Otros,58,133,163,9,21,198,observada
M00275-05,D00275,EG2026-PRES,ORG01,Fuerza Popular,44,195,222,12,15,306,contabilizada
M00275-05,D00275,EG2026-PRES,ORG02,Juntos por el Peru,38,195,222,12,15,306,contabilizada
M00275-05,D00275,EG2026-PRES,ORG03,Renovacion Popular,27,195,222,12,15,306,contabilizada
M00275-05,D00275,EG2026-PRES,ORG04,Partido del Buen Gobierno,22,195,222,12,15,306,contabilizada
M00275-05,D00275,EG2026-PRES,ORG05,Otros,64,195,222,12,15,306,contabilizada
M00276-01,D00276,EG2026-PRES,ORG01,Fuerza Popular,16,133,146,4,9,187,contabilizada
M00276-01,D00276,EG2026-PRES,ORG02,Juntos por el Peru,30,133,146,4,9,187,contabilizada
M00276-01,D00276,EG2026-PRES,ORG03,Renovacion Popular,10,133,146,4,9,187,contabilizada
M00276-01,D00276,EG2026-PRES,ORG04,Partido del Buen Gobierno,11,133,146,4,9,187,contabilizada
M00276-01,D00276,EG2026-PRES,ORG05,Otros,66,133,146,4,9,187,contabilizada
M00276-02,D00276,EG2026-PRES,ORG01,Fuerza Popular,22,214,247,16,17,345,contabilizada
M00276-02,D00276,EG2026-PRES,ORG02,Juntos por el Peru,39,214,247,16,17,345,contabilizada
M00276-02,D00276,EG2026-PRES,ORG03,Renovacion Popular,19,214,247,16,17,345,contabilizada
M00276-02,D00276,EG2026-PRES,ORG04,Partido del Buen Gobierno,24,214,247,16,17,345,contabilizada
M00276-02,D00276,EG2026-PRES,ORG05,Otros,110,214,247,16,17,345,contabilizada
M00276-03,D00276,EG2026-PRES,ORG01,Fuerza Popular,26,207,233,17,9,302,contabilizada
M00276-03,D00276,EG2026-PRES,ORG02,Juntos por el Peru,54,207,233,17,9,302,contabilizada
M00276-03,D00276,EG2026-PRES,ORG03,Renovacion Popular,18,207,233,17,9,302,contabilizada
M00276-03,D00276,EG2026-PRES,ORG04,Partido del Buen Gobierno,16,207,233,17,9,302,contabilizada
M00276-03,D00276,EG2026-PRES,ORG05,Otros,93,207,233,17,9,302,contabilizada
M00276-04,D00276,EG2026-PRES,ORG01,Fuerza Popular,26,154,180,10,16,251,contabilizada
M00276-04,D00276,EG2026-PRES,ORG02,Juntos por el Peru,31,154,180,10,16,251,contabilizada
M00276-04,D00276,EG2026-PRES,ORG03,Renovacion Popular,9,154,180,10,16,251,contabilizada
M00276-04,D00276,EG2026-PRES,ORG04,Partido del Buen Gobierno,11,154,180,10,16,251,contabilizada
M00276-04,D00276,EG2026-PRES,ORG05,Otros,77,154,180,10,16,251,contabilizada
M00276-05,D00276,EG2026-PRES,ORG01,Fuerza Popular,18,158,189,9,22,251,contabilizada
M00276-05,D00276,EG2026-PRES,ORG02,Juntos por el Peru,43,158,189,9,22,251,contabilizada
M00276-05,D00276,EG2026-PRES,ORG03,Renovacion Popular,16,158,189,9,22,251,contabilizada
M00276-05,D00276,EG2026-PRES,ORG04,Partido del Buen Gobierno,8,158,189,9,22,251,contabilizada
M00276-05,D00276,EG2026-PRES,ORG05,Otros,73,158,189,9,22,251,contabilizada
M00277-01,D00277,EG2026-PRES,ORG01,Fuerza Popular,21,120,145,5,20,209,contabilizada
M00277-01,D00277,EG2026-PRES,ORG02,Juntos por el Peru,19,120,145,5,20,209,contabilizada
M00277-01,D00277,EG2026-PRES,ORG03,Renovacion Popular,17,120,145,5,20,209,contabilizada
M00277-01,D00277,EG2026-PRES,ORG04,Partido del Buen Gobierno,14,120,145,5,20,209,contabilizada
M00277-01,D00277,EG2026-PRES,ORG05,Otros,49,120,145,5,20,209,contabilizada
M00277-02,D00277,EG2026-PRES,ORG01,Fuerza Popular,42,228,276,19,29,379,observada
M00277-02,D00277,EG2026-PRES,ORG02,Juntos por el Peru,34,228,276,19,29,379,observada
M00277-02,D00277,EG2026-PRES,ORG03,Renovacion Popular,36,228,276,19,29,379,observada
M00277-02,D00277,EG2026-PRES,ORG04,Partido del Buen Gobierno,26,228,276,19,29,379,observada
M00277-02,D00277,EG2026-PRES,ORG05,Otros,90,228,276,19,29,379,observada
M00277-03,D00277,EG2026-PRES,ORG01,Fuerza Popular,48,250,291,16,25,408,contabilizada
M00277-03,D00277,EG2026-PRES,ORG02,Juntos por el Peru,25,250,291,16,25,408,contabilizada
M00277-03,D00277,EG2026-PRES,ORG03,Renovacion Popular,25,250,291,16,25,408,contabilizada
M00277-03,D00277,EG2026-PRES,ORG04,Partido del Buen Gobierno,34,250,291,16,25,408,contabilizada
M00277-03,D00277,EG2026-PRES,ORG05,Otros,118,250,291,16,25,408,contabilizada
M00277-04,D00277,EG2026-PRES,ORG01,Fuerza Popular,32,138,155,7,10,236,contabilizada
M00277-04,D00277,EG2026-PRES,ORG02,Juntos por el Peru,20,138,155,7,10,236,contabilizada
M00277-04,D00277,EG2026-PRES,ORG03,Renovacion Popular,16,138,155,7,10,236,contabilizada
M00277-04,D00277,EG2026-PRES,ORG04,Partido del Buen Gobierno,21,138,155,7,10,236,contabilizada
M00277-04,D00277,EG2026-PRES,ORG05,Otros,49,138,155,7,10,236,contabilizada
M00277-05,D00277,EG2026-PRES,ORG01,Fuerza Popular,20,103,119,5,11,185,contabilizada
M00277-05,D00277,EG2026-PRES,ORG02,Juntos por el Peru,17,103,119,5,11,185,contabilizada
M00277-05,D00277,EG2026-PRES,ORG03,Renovacion Popular,15,103,119,5,11,185,contabilizada
M00277-05,D00277,EG2026-PRES,ORG04,Partido del Buen Gobierno,11,103,119,5,11,185,contabilizada
M00277-05,D00277,EG2026-PRES,ORG05,Otros,40,103,119,5,11,185,contabilizada
M00278-01,D00278,EG2026-PRES,ORG01,Fuerza Popular,45,266,307,15,26,371,contabilizada
M00278-01,D00278,EG2026-PRES,ORG02,Juntos por el Peru,48,266,307,15,26,371,contabilizada
M00278-01,D00278,EG2026-PRES,ORG03,Renovacion Popular,19,266,307,15,26,371,contabilizada
M00278-01,D00278,EG2026-PRES,ORG04,Partido del Buen Gobierno,23,266,307,15,26,371,contabilizada
M00278-01,D00278,EG2026-PRES,ORG05,Otros,131,266,307,15,26,371,contabilizada
M00278-02,D00278,EG2026-PRES,ORG01,Fuerza Popular,15,125,148,11,12,200,contabilizada
M00278-02,D00278,EG2026-PRES,ORG02,Juntos por el Peru,25,125,148,11,12,200,contabilizada
M00278-02,D00278,EG2026-PRES,ORG03,Renovacion Popular,13,125,148,11,12,200,contabilizada
M00278-02,D00278,EG2026-PRES,ORG04,Partido del Buen Gobierno,13,125,148,11,12,200,contabilizada
M00278-02,D00278,EG2026-PRES,ORG05,Otros,59,125,148,11,12,200,contabilizada
M00279-01,D00279,EG2026-PRES,ORG01,Fuerza Popular,27,221,253,5,27,337,contabilizada
M00279-01,D00279,EG2026-PRES,ORG02,Juntos por el Peru,53,221,253,5,27,337,contabilizada
M00279-01,D00279,EG2026-PRES,ORG03,Renovacion Popular,13,221,253,5,27,337,contabilizada
M00279-01,D00279,EG2026-PRES,ORG04,Partido del Buen Gobierno,21,221,253,5,27,337,contabilizada
M00279-01,D00279,EG2026-PRES,ORG05,Otros,107,221,253,5,27,337,contabilizada
M00279-02,D00279,EG2026-PRES,ORG01,Fuerza Popular,27,178,210,9,23,299,contabilizada
M00279-02,D00279,EG2026-PRES,ORG02,Juntos por el Peru,31,178,210,9,23,299,contabilizada
M00279-02,D00279,EG2026-PRES,ORG03,Renovacion Popular,17,178,210,9,23,299,contabilizada
M00279-02,D00279,EG2026-PRES,ORG04,Partido del Buen Gobierno,17,178,210,9,23,299,contabilizada
M00279-02,D00279,EG2026-PRES,ORG05,Otros,86,178,210,9,23,299,contabilizada
M00279-03,D00279,EG2026-PRES,ORG01,Fuerza Popular,18,130,148,6,12,229,observada
M00279-03,D00279,EG2026-PRES,ORG02,Juntos por el Peru,19,130,148,6,12,229,observada
M00279-03,D00279,EG2026-PRES,ORG03,Renovacion Popular,10,130,148,6,12,229,observada
M00279-03,D00279,EG2026-PRES,ORG04,Partido del Buen Gobierno,8,130,148,6,12,229,observada
M00279-03,D00279,EG2026-PRES,ORG05,Otros,75,130,148,6,12,229,observada
M00279-04,D00279,EG2026-PRES,ORG01,Fuerza Popular,32,226,261,8,27,350,contabilizada
M00279-04,D00279,EG2026-PRES,ORG02,Juntos por el Peru,42,226,261,8,27,350,contabilizada
M00279-04,D00279,EG2026-PRES,ORG03,Renovacion Popular,14,226,261,8,27,350,contabilizada
M00279-04,D00279,EG2026-PRES,ORG04,Partido del Buen Gobierno,27,226,261,8,27,350,contabilizada
M00279-04,D00279,EG2026-PRES,ORG05,Otros,111,226,261,8,27,350,contabilizada
M00279-05,D00279,EG2026-PRES,ORG01,Fuerza Popular,32,244,293,13,36,403,contabilizada
M00279-05,D00279,EG2026-PRES,ORG02,Juntos por el Peru,49,244,293,13,36,403,contabilizada
M00279-05,D00279,EG2026-PRES,ORG03,Renovacion Popular,19,244,293,13,36,403,contabilizada
M00279-05,D00279,EG2026-PRES,ORG04,Partido del Buen Gobierno,22,244,293,13,36,403,contabilizada
M00279-05,D00279,EG2026-PRES,ORG05,Otros,122,244,293,13,36,403,contabilizada
M00279-06,D00279,EG2026-PRES,ORG01,Fuerza Popular,18,181,224,22,21,318,contabilizada
M00279-06,D00279,EG2026-PRES,ORG02,Juntos por el Peru,35,181,224,22,21,318,contabilizada
M00279-06,D00279,EG2026-PRES,ORG03,Renovacion Popular,14,181,224,22,21,318,contabilizada
M00279-06,D00279,EG2026-PRES,ORG04,Partido del Buen Gobierno,17,181,224,22,21,318,contabilizada
M00279-06,D00279,EG2026-PRES,ORG05,Otros,97,181,224,22,21,318,contabilizada
M00280-01,D00280,EG2026-PRES,ORG01,Fuerza Popular,55,265,296,9,22,383,contabilizada
M00280-01,D00280,EG2026-PRES,ORG02,Juntos por el Peru,27,265,296,9,22,383,contabilizada
M00280-01,D00280,EG2026-PRES,ORG03,Renovacion Popular,34,265,296,9,22,383,contabilizada
M00280-01,D00280,EG2026-PRES,ORG04,Partido del Buen Gobierno,35,265,296,9,22,383,contabilizada
M00280-01,D00280,EG2026-PRES,ORG05,Otros,114,265,296,9,22,383,contabilizada
M00280-02,D00280,EG2026-PRES,ORG01,Fuerza Popular,48,271,312,23,18,389,contabilizada
M00280-02,D00280,EG2026-PRES,ORG02,Juntos por el Peru,22,271,312,23,18,389,contabilizada
M00280-02,D00280,EG2026-PRES,ORG03,Renovacion Popular,51,271,312,23,18,389,contabilizada
M00280-02,D00280,EG2026-PRES,ORG04,Partido del Buen Gobierno,34,271,312,23,18,389,contabilizada
M00280-02,D00280,EG2026-PRES,ORG05,Otros,116,271,312,23,18,389,contabilizada
M00280-03,D00280,EG2026-PRES,ORG01,Fuerza Popular,33,184,222,15,23,263,contabilizada
M00280-03,D00280,EG2026-PRES,ORG02,Juntos por el Peru,19,184,222,15,23,263,contabilizada
M00280-03,D00280,EG2026-PRES,ORG03,Renovacion Popular,35,184,222,15,23,263,contabilizada
M00280-03,D00280,EG2026-PRES,ORG04,Partido del Buen Gobierno,27,184,222,15,23,263,contabilizada
M00280-03,D00280,EG2026-PRES,ORG05,Otros,70,184,222,15,23,263,contabilizada
M00280-04,D00280,EG2026-PRES,ORG01,Fuerza Popular,19,141,161,9,11,233,contabilizada
M00280-04,D00280,EG2026-PRES,ORG02,Juntos por el Peru,14,141,161,9,11,233,contabilizada
M00280-04,D00280,EG2026-PRES,ORG03,Renovacion Popular,23,141,161,9,11,233,contabilizada
M00280-04,D00280,EG2026-PRES,ORG04,Partido del Buen Gobierno,22,141,161,9,11,233,contabilizada
M00280-04,D00280,EG2026-PRES,ORG05,Otros,63,141,161,9,11,233,contabilizada
M00280-05,D00280,EG2026-PRES,ORG01,Fuerza Popular,19,101,117,10,6,194,contabilizada
M00280-05,D00280,EG2026-PRES,ORG02,Juntos por el Peru,14,101,117,10,6,194,contabilizada
M00280-05,D00280,EG2026-PRES,ORG03,Renovacion Popular,22,101,117,10,6,194,contabilizada
M00280-05,D00280,EG2026-PRES,ORG04,Partido del Buen Gobierno,12,101,117,10,6,194,contabilizada
M00280-05,D00280,EG2026-PRES,ORG05,Otros,34,101,117,10,6,194,contabilizada
M00280-06,D00280,EG2026-PRES,ORG01,Fuerza Popular,29,173,217,17,27,261,contabilizada
M00280-06,D00280,EG2026-PRES,ORG02,Juntos por el Peru,17,173,217,17,27,261,contabilizada
M00280-06,D00280,EG2026-PRES,ORG03,Renovacion Popular,27,173,217,17,27,261,contabilizada
M00280-06,D00280,EG2026-PRES,ORG04,Partido del Buen Gobierno,25,173,217,17,27,261,contabilizada
M00280-06,D00280,EG2026-PRES,ORG05,Otros,75,173,217,17,27,261,contabilizada
M00281-01,D00281,EG2026-PRES,ORG01,Fuerza Popular,21,123,144,3,18,192,contabilizada
M00281-01,D00281,EG2026-PRES,ORG02,Juntos por el Peru,21,123,144,3,18,192,contabilizada
M00281-01,D00281,EG2026-PRES,ORG03,Renovacion Popular,8,123,144,3,18,192,contabilizada
M00281-01,D00281,EG2026-PRES,ORG04,Partido del Buen Gobierno,11,123,144,3,18,192,contabilizada
M00281-01,D00281,EG2026-PRES,ORG05,Otros,62,123,144,3,18,192,contabilizada
M00281-02,D00281,EG2026-PRES,ORG01,Fuerza Popular,21,189,236,15,32,284,contabilizada
M00281-02,D00281,EG2026-PRES,ORG02,Juntos por el Peru,42,189,236,15,32,284,contabilizada
M00281-02,D00281,EG2026-PRES,ORG03,Renovacion Popular,15,189,236,15,32,284,contabilizada
M00281-02,D00281,EG2026-PRES,ORG04,Partido del Buen Gobierno,23,189,236,15,32,284,contabilizada
M00281-02,D00281,EG2026-PRES,ORG05,Otros,88,189,236,15,32,284,contabilizada
M00281-03,D00281,EG2026-PRES,ORG01,Fuerza Popular,23,181,208,10,17,232,contabilizada
M00281-03,D00281,EG2026-PRES,ORG02,Juntos por el Peru,38,181,208,10,17,232,contabilizada
M00281-03,D00281,EG2026-PRES,ORG03,Renovacion Popular,14,181,208,10,17,232,contabilizada
M00281-03,D00281,EG2026-PRES,ORG04,Partido del Buen Gobierno,24,181,208,10,17,232,contabilizada
M00281-03,D00281,EG2026-PRES,ORG05,Otros,82,181,208,10,17,232,contabilizada
M00281-04,D00281,EG2026-PRES,ORG01,Fuerza Popular,30,150,180,12,18,261,contabilizada
M00281-04,D00281,EG2026-PRES,ORG02,Juntos por el Peru,37,150,180,12,18,261,contabilizada
M00281-04,D00281,EG2026-PRES,ORG03,Renovacion Popular,11,150,180,12,18,261,contabilizada
M00281-04,D00281,EG2026-PRES,ORG04,Partido del Buen Gobierno,17,150,180,12,18,261,contabilizada
M00281-04,D00281,EG2026-PRES,ORG05,Otros,55,150,180,12,18,261,contabilizada
M00282-01,D00282,EG2026-PRES,ORG01,Fuerza Popular,20,155,179,14,10,262,observada
M00282-01,D00282,EG2026-PRES,ORG02,Juntos por el Peru,19,155,179,14,10,262,observada
M00282-01,D00282,EG2026-PRES,ORG03,Renovacion Popular,17,155,179,14,10,262,observada
M00282-01,D00282,EG2026-PRES,ORG04,Partido del Buen Gobierno,20,155,179,14,10,262,observada
M00282-01,D00282,EG2026-PRES,ORG05,Otros,79,155,179,14,10,262,observada
M00282-02,D00282,EG2026-PRES,ORG01,Fuerza Popular,33,155,184,11,18,236,contabilizada
M00282-02,D00282,EG2026-PRES,ORG02,Juntos por el Peru,12,155,184,11,18,236,contabilizada
M00282-02,D00282,EG2026-PRES,ORG03,Renovacion Popular,16,155,184,11,18,236,contabilizada
M00282-02,D00282,EG2026-PRES,ORG04,Partido del Buen Gobierno,20,155,184,11,18,236,contabilizada
M00282-02,D00282,EG2026-PRES,ORG05,Otros,74,155,184,11,18,236,contabilizada
M00283-01,D00283,EG2026-PRES,ORG01,Fuerza Popular,47,243,282,10,29,341,contabilizada
M00283-01,D00283,EG2026-PRES,ORG02,Juntos por el Peru,29,243,282,10,29,341,contabilizada
M00283-01,D00283,EG2026-PRES,ORG03,Renovacion Popular,40,243,282,10,29,341,contabilizada
M00283-01,D00283,EG2026-PRES,ORG04,Partido del Buen Gobierno,18,243,282,10,29,341,contabilizada
M00283-01,D00283,EG2026-PRES,ORG05,Otros,109,243,282,10,29,341,contabilizada
M00283-02,D00283,EG2026-PRES,ORG01,Fuerza Popular,34,196,240,17,27,362,contabilizada
M00283-02,D00283,EG2026-PRES,ORG02,Juntos por el Peru,20,196,240,17,27,362,contabilizada
M00283-02,D00283,EG2026-PRES,ORG03,Renovacion Popular,42,196,240,17,27,362,contabilizada
M00283-02,D00283,EG2026-PRES,ORG04,Partido del Buen Gobierno,19,196,240,17,27,362,contabilizada
M00283-02,D00283,EG2026-PRES,ORG05,Otros,81,196,240,17,27,362,contabilizada
M00283-03,D00283,EG2026-PRES,ORG01,Fuerza Popular,23,152,175,8,15,258,contabilizada
M00283-03,D00283,EG2026-PRES,ORG02,Juntos por el Peru,24,152,175,8,15,258,contabilizada
M00283-03,D00283,EG2026-PRES,ORG03,Renovacion Popular,37,152,175,8,15,258,contabilizada
M00283-03,D00283,EG2026-PRES,ORG04,Partido del Buen Gobierno,18,152,175,8,15,258,contabilizada
M00283-03,D00283,EG2026-PRES,ORG05,Otros,50,152,175,8,15,258,contabilizada
M00284-01,D00284,EG2026-PRES,ORG01,Fuerza Popular,21,116,142,8,18,191,contabilizada
M00284-01,D00284,EG2026-PRES,ORG02,Juntos por el Peru,13,116,142,8,18,191,contabilizada
M00284-01,D00284,EG2026-PRES,ORG03,Renovacion Popular,17,116,142,8,18,191,contabilizada
M00284-01,D00284,EG2026-PRES,ORG04,Partido del Buen Gobierno,16,116,142,8,18,191,contabilizada
M00284-01,D00284,EG2026-PRES,ORG05,Otros,49,116,142,8,18,191,contabilizada
M00284-02,D00284,EG2026-PRES,ORG01,Fuerza Popular,35,248,285,10,27,351,contabilizada
M00284-02,D00284,EG2026-PRES,ORG02,Juntos por el Peru,31,248,285,10,27,351,contabilizada
M00284-02,D00284,EG2026-PRES,ORG03,Renovacion Popular,38,248,285,10,27,351,contabilizada
M00284-02,D00284,EG2026-PRES,ORG04,Partido del Buen Gobierno,33,248,285,10,27,351,contabilizada
M00284-02,D00284,EG2026-PRES,ORG05,Otros,111,248,285,10,27,351,contabilizada
M00285-01,D00285,EG2026-PRES,ORG01,Fuerza Popular,42,240,293,19,34,413,observada
M00285-01,D00285,EG2026-PRES,ORG02,Juntos por el Peru,38,240,293,19,34,413,observada
M00285-01,D00285,EG2026-PRES,ORG03,Renovacion Popular,34,240,293,19,34,413,observada
M00285-01,D00285,EG2026-PRES,ORG04,Partido del Buen Gobierno,21,240,293,19,34,413,observada
M00285-01,D00285,EG2026-PRES,ORG05,Otros,105,240,293,19,34,413,observada
M00285-02,D00285,EG2026-PRES,ORG01,Fuerza Popular,31,143,168,3,22,191,contabilizada
M00285-02,D00285,EG2026-PRES,ORG02,Juntos por el Peru,19,143,168,3,22,191,contabilizada
M00285-02,D00285,EG2026-PRES,ORG03,Renovacion Popular,18,143,168,3,22,191,contabilizada
M00285-02,D00285,EG2026-PRES,ORG04,Partido del Buen Gobierno,17,143,168,3,22,191,contabilizada
M00285-02,D00285,EG2026-PRES,ORG05,Otros,58,143,168,3,22,191,contabilizada
M00286-01,D00286,EG2026-PRES,ORG01,Fuerza Popular,22,123,154,11,20,234,contabilizada
M00286-01,D00286,EG2026-PRES,ORG02,Juntos por el Peru,19,123,154,11,20,234,contabilizada
M00286-01,D00286,EG2026-PRES,ORG03,Renovacion Popular,13,123,154,11,20,234,contabilizada
M00286-01,D00286,EG2026-PRES,ORG04,Partido del Buen Gobierno,17,123,154,11,20,234,contabilizada
M00286-01,D00286,EG2026-PRES,ORG05,Otros,52,123,154,11,20,234,contabilizada
M00286-02,D00286,EG2026-PRES,ORG01,Fuerza Popular,17,153,185,12,20,270,contabilizada
M00286-02,D00286,EG2026-PRES,ORG02,Juntos por el Peru,42,153,185,12,20,270,contabilizada
M00286-02,D00286,EG2026-PRES,ORG03,Renovacion Popular,11,153,185,12,20,270,contabilizada
M00286-02,D00286,EG2026-PRES,ORG04,Partido del Buen Gobierno,19,153,185,12,20,270,contabilizada
M00286-02,D00286,EG2026-PRES,ORG05,Otros,64,153,185,12,20,270,contabilizada
M00286-03,D00286,EG2026-PRES,ORG01,Fuerza Popular,35,261,306,13,32,378,contabilizada
M00286-03,D00286,EG2026-PRES,ORG02,Juntos por el Peru,67,261,306,13,32,378,contabilizada
M00286-03,D00286,EG2026-PRES,ORG03,Renovacion Popular,30,261,306,13,32,378,contabilizada
M00286-03,D00286,EG2026-PRES,ORG04,Partido del Buen Gobierno,35,261,306,13,32,378,contabilizada
M00286-03,D00286,EG2026-PRES,ORG05,Otros,94,261,306,13,32,378,contabilizada
M00286-04,D00286,EG2026-PRES,ORG01,Fuerza Popular,17,137,159,7,15,215,contabilizada
M00286-04,D00286,EG2026-PRES,ORG02,Juntos por el Peru,26,137,159,7,15,215,contabilizada
M00286-04,D00286,EG2026-PRES,ORG03,Renovacion Popular,9,137,159,7,15,215,contabilizada
M00286-04,D00286,EG2026-PRES,ORG04,Partido del Buen Gobierno,13,137,159,7,15,215,contabilizada
M00286-04,D00286,EG2026-PRES,ORG05,Otros,72,137,159,7,15,215,contabilizada
M00286-05,D00286,EG2026-PRES,ORG01,Fuerza Popular,30,247,298,16,35,411,contabilizada
M00286-05,D00286,EG2026-PRES,ORG02,Juntos por el Peru,63,247,298,16,35,411,contabilizada
M00286-05,D00286,EG2026-PRES,ORG03,Renovacion Popular,25,247,298,16,35,411,contabilizada
M00286-05,D00286,EG2026-PRES,ORG04,Partido del Buen Gobierno,26,247,298,16,35,411,contabilizada
M00286-05,D00286,EG2026-PRES,ORG05,Otros,103,247,298,16,35,411,contabilizada
M00287-01,D00287,EG2026-PRES,ORG01,Fuerza Popular,45,226,275,13,36,357,contabilizada
M00287-01,D00287,EG2026-PRES,ORG02,Juntos por el Peru,24,226,275,13,36,357,contabilizada
M00287-01,D00287,EG2026-PRES,ORG03,Renovacion Popular,49,226,275,13,36,357,contabilizada
M00287-01,D00287,EG2026-PRES,ORG04,Partido del Buen Gobierno,36,226,275,13,36,357,contabilizada
M00287-01,D00287,EG2026-PRES,ORG05,Otros,72,226,275,13,36,357,contabilizada
M00287-02,D00287,EG2026-PRES,ORG01,Fuerza Popular,54,270,322,21,31,406,contabilizada
M00287-02,D00287,EG2026-PRES,ORG02,Juntos por el Peru,32,270,322,21,31,406,contabilizada
M00287-02,D00287,EG2026-PRES,ORG03,Renovacion Popular,39,270,322,21,31,406,contabilizada
M00287-02,D00287,EG2026-PRES,ORG04,Partido del Buen Gobierno,22,270,322,21,31,406,contabilizada
M00287-02,D00287,EG2026-PRES,ORG05,Otros,123,270,322,21,31,406,contabilizada
M00287-03,D00287,EG2026-PRES,ORG01,Fuerza Popular,58,246,293,14,33,353,contabilizada
M00287-03,D00287,EG2026-PRES,ORG02,Juntos por el Peru,28,246,293,14,33,353,contabilizada
M00287-03,D00287,EG2026-PRES,ORG03,Renovacion Popular,46,246,293,14,33,353,contabilizada
M00287-03,D00287,EG2026-PRES,ORG04,Partido del Buen Gobierno,37,246,293,14,33,353,contabilizada
M00287-03,D00287,EG2026-PRES,ORG05,Otros,77,246,293,14,33,353,contabilizada
M00288-01,D00288,EG2026-PRES,ORG01,Fuerza Popular,26,212,252,14,26,303,observada
M00288-01,D00288,EG2026-PRES,ORG02,Juntos por el Peru,58,212,252,14,26,303,observada
M00288-01,D00288,EG2026-PRES,ORG03,Renovacion Popular,22,212,252,14,26,303,observada
M00288-01,D00288,EG2026-PRES,ORG04,Partido del Buen Gobierno,27,212,252,14,26,303,observada
M00288-01,D00288,EG2026-PRES,ORG05,Otros,79,212,252,14,26,303,observada
M00288-02,D00288,EG2026-PRES,ORG01,Fuerza Popular,27,157,168,4,7,233,contabilizada
M00288-02,D00288,EG2026-PRES,ORG02,Juntos por el Peru,24,157,168,4,7,233,contabilizada
M00288-02,D00288,EG2026-PRES,ORG03,Renovacion Popular,10,157,168,4,7,233,contabilizada
M00288-02,D00288,EG2026-PRES,ORG04,Partido del Buen Gobierno,18,157,168,4,7,233,contabilizada
M00288-02,D00288,EG2026-PRES,ORG05,Otros,78,157,168,4,7,233,contabilizada
M00288-03,D00288,EG2026-PRES,ORG01,Fuerza Popular,24,201,230,9,20,349,contabilizada
M00288-03,D00288,EG2026-PRES,ORG02,Juntos por el Peru,46,201,230,9,20,349,contabilizada
M00288-03,D00288,EG2026-PRES,ORG03,Renovacion Popular,15,201,230,9,20,349,contabilizada
M00288-03,D00288,EG2026-PRES,ORG04,Partido del Buen Gobierno,24,201,230,9,20,349,contabilizada
M00288-03,D00288,EG2026-PRES,ORG05,Otros,92,201,230,9,20,349,contabilizada
M00288-04,D00288,EG2026-PRES,ORG01,Fuerza Popular,36,289,332,14,29,391,contabilizada
M00288-04,D00288,EG2026-PRES,ORG02,Juntos por el Peru,50,289,332,14,29,391,contabilizada
M00288-04,D00288,EG2026-PRES,ORG03,Renovacion Popular,23,289,332,14,29,391,contabilizada
M00288-04,D00288,EG2026-PRES,ORG04,Partido del Buen Gobierno,39,289,332,14,29,391,contabilizada
M00288-04,D00288,EG2026-PRES,ORG05,Otros,141,289,332,14,29,391,contabilizada
M00288-05,D00288,EG2026-PRES,ORG01,Fuerza Popular,27,197,243,23,23,349,contabilizada
M00288-05,D00288,EG2026-PRES,ORG02,Juntos por el Peru,57,197,243,23,23,349,contabilizada
M00288-05,D00288,EG2026-PRES,ORG03,Renovacion Popular,24,197,243,23,23,349,contabilizada
M00288-05,D00288,EG2026-PRES,ORG04,Partido del Buen Gobierno,26,197,243,23,23,349,contabilizada
M00288-05,D00288,EG2026-PRES,ORG05,Otros,63,197,243,23,23,349,contabilizada
M00289-01,D00289,EG2026-PRES,ORG01,Fuerza Popular,36,170,197,14,13,282,contabilizada
M00289-01,D00289,EG2026-PRES,ORG02,Juntos por el Peru,16,170,197,14,13,282,contabilizada
M00289-01,D00289,EG2026-PRES,ORG03,Renovacion Popular,24,170,197,14,13,282,contabilizada
M00289-01,D00289,EG2026-PRES,ORG04,Partido del Buen Gobierno,15,170,197,14,13,282,contabilizada
M00289-01,D00289,EG2026-PRES,ORG05,Otros,79,170,197,14,13,282,contabilizada
M00289-02,D00289,EG2026-PRES,ORG01,Fuerza Popular,47,203,258,16,39,398,contabilizada
M00289-02,D00289,EG2026-PRES,ORG02,Juntos por el Peru,25,203,258,16,39,398,contabilizada
M00289-02,D00289,EG2026-PRES,ORG03,Renovacion Popular,26,203,258,16,39,398,contabilizada
M00289-02,D00289,EG2026-PRES,ORG04,Partido del Buen Gobierno,26,203,258,16,39,398,contabilizada
M00289-02,D00289,EG2026-PRES,ORG05,Otros,79,203,258,16,39,398,contabilizada
M00289-03,D00289,EG2026-PRES,ORG01,Fuerza Popular,20,150,179,10,19,253,contabilizada
M00289-03,D00289,EG2026-PRES,ORG02,Juntos por el Peru,28,150,179,10,19,253,contabilizada
M00289-03,D00289,EG2026-PRES,ORG03,Renovacion Popular,21,150,179,10,19,253,contabilizada
M00289-03,D00289,EG2026-PRES,ORG04,Partido del Buen Gobierno,19,150,179,10,19,253,contabilizada
M00289-03,D00289,EG2026-PRES,ORG05,Otros,62,150,179,10,19,253,contabilizada
M00290-01,D00290,EG2026-PRES,ORG01,Fuerza Popular,32,241,285,15,29,413,contabilizada
M00290-01,D00290,EG2026-PRES,ORG02,Juntos por el Peru,41,241,285,15,29,413,contabilizada
M00290-01,D00290,EG2026-PRES,ORG03,Renovacion Popular,32,241,285,15,29,413,contabilizada
M00290-01,D00290,EG2026-PRES,ORG04,Partido del Buen Gobierno,24,241,285,15,29,413,contabilizada
M00290-01,D00290,EG2026-PRES,ORG05,Otros,112,241,285,15,29,413,contabilizada
M00290-02,D00290,EG2026-PRES,ORG01,Fuerza Popular,29,136,165,6,23,192,contabilizada
M00290-02,D00290,EG2026-PRES,ORG02,Juntos por el Peru,32,136,165,6,23,192,contabilizada
M00290-02,D00290,EG2026-PRES,ORG03,Renovacion Popular,17,136,165,6,23,192,contabilizada
M00290-02,D00290,EG2026-PRES,ORG04,Partido del Buen Gobierno,17,136,165,6,23,192,contabilizada
M00290-02,D00290,EG2026-PRES,ORG05,Otros,41,136,165,6,23,192,contabilizada
M00290-03,D00290,EG2026-PRES,ORG01,Fuerza Popular,35,272,314,20,22,384,contabilizada
M00290-03,D00290,EG2026-PRES,ORG02,Juntos por el Peru,67,272,314,20,22,384,contabilizada
M00290-03,D00290,EG2026-PRES,ORG03,Renovacion Popular,37,272,314,20,22,384,contabilizada
M00290-03,D00290,EG2026-PRES,ORG04,Partido del Buen Gobierno,40,272,314,20,22,384,contabilizada
M00290-03,D00290,EG2026-PRES,ORG05,Otros,93,272,314,20,22,384,contabilizada
M00290-04,D00290,EG2026-PRES,ORG01,Fuerza Popular,38,262,320,11,47,384,contabilizada
M00290-04,D00290,EG2026-PRES,ORG02,Juntos por el Peru,56,262,320,11,47,384,contabilizada
M00290-04,D00290,EG2026-PRES,ORG03,Renovacion Popular,38,262,320,11,47,384,contabilizada
M00290-04,D00290,EG2026-PRES,ORG04,Partido del Buen Gobierno,22,262,320,11,47,384,contabilizada
M00290-04,D00290,EG2026-PRES,ORG05,Otros,108,262,320,11,47,384,contabilizada
M00290-05,D00290,EG2026-PRES,ORG01,Fuerza Popular,16,121,144,13,10,185,contabilizada
M00290-05,D00290,EG2026-PRES,ORG02,Juntos por el Peru,22,121,144,13,10,185,contabilizada
M00290-05,D00290,EG2026-PRES,ORG03,Renovacion Popular,18,121,144,13,10,185,contabilizada
M00290-05,D00290,EG2026-PRES,ORG04,Partido del Buen Gobierno,12,121,144,13,10,185,contabilizada
M00290-05,D00290,EG2026-PRES,ORG05,Otros,53,121,144,13,10,185,contabilizada
M00291-01,D00291,EG2026-PRES,ORG01,Fuerza Popular,31,221,250,8,21,418,contabilizada
M00291-01,D00291,EG2026-PRES,ORG02,Juntos por el Peru,72,221,250,8,21,418,contabilizada
M00291-01,D00291,EG2026-PRES,ORG03,Renovacion Popular,15,221,250,8,21,418,contabilizada
M00291-01,D00291,EG2026-PRES,ORG04,Partido del Buen Gobierno,26,221,250,8,21,418,contabilizada
M00291-01,D00291,EG2026-PRES,ORG05,Otros,77,221,250,8,21,418,contabilizada
M00291-02,D00291,EG2026-PRES,ORG01,Fuerza Popular,25,194,221,15,12,310,contabilizada
M00291-02,D00291,EG2026-PRES,ORG02,Juntos por el Peru,55,194,221,15,12,310,contabilizada
M00291-02,D00291,EG2026-PRES,ORG03,Renovacion Popular,15,194,221,15,12,310,contabilizada
M00291-02,D00291,EG2026-PRES,ORG04,Partido del Buen Gobierno,15,194,221,15,12,310,contabilizada
M00291-02,D00291,EG2026-PRES,ORG05,Otros,84,194,221,15,12,310,contabilizada
M00291-03,D00291,EG2026-PRES,ORG01,Fuerza Popular,27,186,224,18,20,257,contabilizada
M00291-03,D00291,EG2026-PRES,ORG02,Juntos por el Peru,48,186,224,18,20,257,contabilizada
M00291-03,D00291,EG2026-PRES,ORG03,Renovacion Popular,14,186,224,18,20,257,contabilizada
M00291-03,D00291,EG2026-PRES,ORG04,Partido del Buen Gobierno,28,186,224,18,20,257,contabilizada
M00291-03,D00291,EG2026-PRES,ORG05,Otros,69,186,224,18,20,257,contabilizada
M00292-01,D00292,EG2026-PRES,ORG01,Fuerza Popular,34,201,234,14,19,347,contabilizada
M00292-01,D00292,EG2026-PRES,ORG02,Juntos por el Peru,24,201,234,14,19,347,contabilizada
M00292-01,D00292,EG2026-PRES,ORG03,Renovacion Popular,24,201,234,14,19,347,contabilizada
M00292-01,D00292,EG2026-PRES,ORG04,Partido del Buen Gobierno,20,201,234,14,19,347,contabilizada
M00292-01,D00292,EG2026-PRES,ORG05,Otros,99,201,234,14,19,347,contabilizada
M00292-02,D00292,EG2026-PRES,ORG01,Fuerza Popular,55,250,295,21,24,356,contabilizada
M00292-02,D00292,EG2026-PRES,ORG02,Juntos por el Peru,25,250,295,21,24,356,contabilizada
M00292-02,D00292,EG2026-PRES,ORG03,Renovacion Popular,37,250,295,21,24,356,contabilizada
M00292-02,D00292,EG2026-PRES,ORG04,Partido del Buen Gobierno,27,250,295,21,24,356,contabilizada
M00292-02,D00292,EG2026-PRES,ORG05,Otros,106,250,295,21,24,356,contabilizada
M00292-03,D00292,EG2026-PRES,ORG01,Fuerza Popular,23,153,201,19,29,299,contabilizada
M00292-03,D00292,EG2026-PRES,ORG02,Juntos por el Peru,31,153,201,19,29,299,contabilizada
M00292-03,D00292,EG2026-PRES,ORG03,Renovacion Popular,18,153,201,19,29,299,contabilizada
M00292-03,D00292,EG2026-PRES,ORG04,Partido del Buen Gobierno,20,153,201,19,29,299,contabilizada
M00292-03,D00292,EG2026-PRES,ORG05,Otros,61,153,201,19,29,299,contabilizada
M00292-04,D00292,EG2026-PRES,ORG01,Fuerza Popular,22,130,158,8,20,207,contabilizada
M00292-04,D00292,EG2026-PRES,ORG02,Juntos por el Peru,18,130,158,8,20,207,contabilizada
M00292-04,D00292,EG2026-PRES,ORG03,Renovacion Popular,18,130,158,8,20,207,contabilizada
M00292-04,D00292,EG2026-PRES,ORG04,Partido del Buen Gobierno,16,130,158,8,20,207,contabilizada
M00292-04,D00292,EG2026-PRES,ORG05,Otros,56,130,158,8,20,207,contabilizada
M00292-05,D00292,EG2026-PRES,ORG01,Fuerza Popular,18,117,145,11,17,206,contabilizada
M00292-05,D00292,EG2026-PRES,ORG02,Juntos por el Peru,19,117,145,11,17,206,contabilizada
M00292-05,D00292,EG2026-PRES,ORG03,Renovacion Popular,16,117,145,11,17,206,contabilizada
M00292-05,D00292,EG2026-PRES,ORG04,Partido del Buen Gobierno,13,117,145,11,17,206,contabilizada
M00292-05,D00292,EG2026-PRES,ORG05,Otros,51,117,145,11,17,206,contabilizada
M00292-06,D00292,EG2026-PRES,ORG01,Fuerza Popular,35,201,247,14,32,372,contabilizada
M00292-06,D00292,EG2026-PRES,ORG02,Juntos por el Peru,27,201,247,14,32,372,contabilizada
M00292-06,D00292,EG2026-PRES,ORG03,Renovacion Popular,24,201,247,14,32,372,contabilizada
M00292-06,D00292,EG2026-PRES,ORG04,Partido del Buen Gobierno,25,201,247,14,32,372,contabilizada
M00292-06,D00292,EG2026-PRES,ORG05,Otros,90,201,247,14,32,372,contabilizada
M00293-01,D00293,EG2026-PRES,ORG01,Fuerza Popular,20,204,250,17,29,298,contabilizada
M00293-01,D00293,EG2026-PRES,ORG02,Juntos por el Peru,51,204,250,17,29,298,contabilizada
M00293-01,D00293,EG2026-PRES,ORG03,Renovacion Popular,14,204,250,17,29,298,contabilizada
M00293-01,D00293,EG2026-PRES,ORG04,Partido del Buen Gobierno,20,204,250,17,29,298,contabilizada
M00293-01,D00293,EG2026-PRES,ORG05,Otros,99,204,250,17,29,298,contabilizada
M00293-02,D00293,EG2026-PRES,ORG01,Fuerza Popular,17,184,220,11,25,299,contabilizada
M00293-02,D00293,EG2026-PRES,ORG02,Juntos por el Peru,39,184,220,11,25,299,contabilizada
M00293-02,D00293,EG2026-PRES,ORG03,Renovacion Popular,10,184,220,11,25,299,contabilizada
M00293-02,D00293,EG2026-PRES,ORG04,Partido del Buen Gobierno,14,184,220,11,25,299,contabilizada
M00293-02,D00293,EG2026-PRES,ORG05,Otros,104,184,220,11,25,299,contabilizada
M00293-03,D00293,EG2026-PRES,ORG01,Fuerza Popular,21,146,170,10,14,219,contabilizada
M00293-03,D00293,EG2026-PRES,ORG02,Juntos por el Peru,34,146,170,10,14,219,contabilizada
M00293-03,D00293,EG2026-PRES,ORG03,Renovacion Popular,12,146,170,10,14,219,contabilizada
M00293-03,D00293,EG2026-PRES,ORG04,Partido del Buen Gobierno,22,146,170,10,14,219,contabilizada
M00293-03,D00293,EG2026-PRES,ORG05,Otros,57,146,170,10,14,219,contabilizada
M00293-04,D00293,EG2026-PRES,ORG01,Fuerza Popular,19,239,277,11,27,410,contabilizada
M00293-04,D00293,EG2026-PRES,ORG02,Juntos por el Peru,59,239,277,11,27,410,contabilizada
M00293-04,D00293,EG2026-PRES,ORG03,Renovacion Popular,20,239,277,11,27,410,contabilizada
M00293-04,D00293,EG2026-PRES,ORG04,Partido del Buen Gobierno,21,239,277,11,27,410,contabilizada
M00293-04,D00293,EG2026-PRES,ORG05,Otros,120,239,277,11,27,410,contabilizada
M00293-05,D00293,EG2026-PRES,ORG01,Fuerza Popular,20,125,151,16,10,211,contabilizada
M00293-05,D00293,EG2026-PRES,ORG02,Juntos por el Peru,36,125,151,16,10,211,contabilizada
M00293-05,D00293,EG2026-PRES,ORG03,Renovacion Popular,15,125,151,16,10,211,contabilizada
M00293-05,D00293,EG2026-PRES,ORG04,Partido del Buen Gobierno,18,125,151,16,10,211,contabilizada
M00293-05,D00293,EG2026-PRES,ORG05,Otros,36,125,151,16,10,211,contabilizada
M00293-06,D00293,EG2026-PRES,ORG01,Fuerza Popular,23,147,173,8,18,274,contabilizada
M00293-06,D00293,EG2026-PRES,ORG02,Juntos por el Peru,21,147,173,8,18,274,contabilizada
M00293-06,D00293,EG2026-PRES,ORG03,Renovacion Popular,12,147,173,8,18,274,contabilizada
M00293-06,D00293,EG2026-PRES,ORG04,Partido del Buen Gobierno,17,147,173,8,18,274,contabilizada
M00293-06,D00293,EG2026-PRES,ORG05,Otros,74,147,173,8,18,274,contabilizada
M00294-01,D00294,EG2026-PRES,ORG01,Fuerza Popular,45,225,262,13,24,340,contabilizada
M00294-01,D00294,EG2026-PRES,ORG02,Juntos por el Peru,29,225,262,13,24,340,contabilizada
M00294-01,D00294,EG2026-PRES,ORG03,Renovacion Popular,35,225,262,13,24,340,contabilizada
M00294-01,D00294,EG2026-PRES,ORG04,Partido del Buen Gobierno,17,225,262,13,24,340,contabilizada
M00294-01,D00294,EG2026-PRES,ORG05,Otros,99,225,262,13,24,340,contabilizada
M00294-02,D00294,EG2026-PRES,ORG01,Fuerza Popular,32,186,204,5,13,279,contabilizada
M00294-02,D00294,EG2026-PRES,ORG02,Juntos por el Peru,22,186,204,5,13,279,contabilizada
M00294-02,D00294,EG2026-PRES,ORG03,Renovacion Popular,28,186,204,5,13,279,contabilizada
M00294-02,D00294,EG2026-PRES,ORG04,Partido del Buen Gobierno,20,186,204,5,13,279,contabilizada
M00294-02,D00294,EG2026-PRES,ORG05,Otros,84,186,204,5,13,279,contabilizada
M00295-01,D00295,EG2026-PRES,ORG01,Fuerza Popular,23,151,190,12,27,287,observada
M00295-01,D00295,EG2026-PRES,ORG02,Juntos por el Peru,40,151,190,12,27,287,observada
M00295-01,D00295,EG2026-PRES,ORG03,Renovacion Popular,11,151,190,12,27,287,observada
M00295-01,D00295,EG2026-PRES,ORG04,Partido del Buen Gobierno,18,151,190,12,27,287,observada
M00295-01,D00295,EG2026-PRES,ORG05,Otros,59,151,190,12,27,287,observada
M00295-02,D00295,EG2026-PRES,ORG01,Fuerza Popular,27,256,307,21,30,407,contabilizada
M00295-02,D00295,EG2026-PRES,ORG02,Juntos por el Peru,51,256,307,21,30,407,contabilizada
M00295-02,D00295,EG2026-PRES,ORG03,Renovacion Popular,17,256,307,21,30,407,contabilizada
M00295-02,D00295,EG2026-PRES,ORG04,Partido del Buen Gobierno,25,256,307,21,30,407,contabilizada
M00295-02,D00295,EG2026-PRES,ORG05,Otros,136,256,307,21,30,407,contabilizada
M00295-03,D00295,EG2026-PRES,ORG01,Fuerza Popular,19,142,171,10,19,211,contabilizada
M00295-03,D00295,EG2026-PRES,ORG02,Juntos por el Peru,30,142,171,10,19,211,contabilizada
M00295-03,D00295,EG2026-PRES,ORG03,Renovacion Popular,13,142,171,10,19,211,contabilizada
M00295-03,D00295,EG2026-PRES,ORG04,Partido del Buen Gobierno,19,142,171,10,19,211,contabilizada
M00295-03,D00295,EG2026-PRES,ORG05,Otros,61,142,171,10,19,211,contabilizada
M00295-04,D00295,EG2026-PRES,ORG01,Fuerza Popular,17,194,234,9,31,294,contabilizada
M00295-04,D00295,EG2026-PRES,ORG02,Juntos por el Peru,61,194,234,9,31,294,contabilizada
M00295-04,D00295,EG2026-PRES,ORG03,Renovacion Popular,10,194,234,9,31,294,contabilizada
M00295-04,D00295,EG2026-PRES,ORG04,Partido del Buen Gobierno,21,194,234,9,31,294,contabilizada
M00295-04,D00295,EG2026-PRES,ORG05,Otros,85,194,234,9,31,294,contabilizada
M00295-05,D00295,EG2026-PRES,ORG01,Fuerza Popular,29,197,230,13,20,296,contabilizada
M00295-05,D00295,EG2026-PRES,ORG02,Juntos por el Peru,52,197,230,13,20,296,contabilizada
M00295-05,D00295,EG2026-PRES,ORG03,Renovacion Popular,13,197,230,13,20,296,contabilizada
M00295-05,D00295,EG2026-PRES,ORG04,Partido del Buen Gobierno,25,197,230,13,20,296,contabilizada
M00295-05,D00295,EG2026-PRES,ORG05,Otros,78,197,230,13,20,296,contabilizada
M00296-01,D00296,EG2026-PRES,ORG01,Fuerza Popular,35,156,176,7,13,260,contabilizada
M00296-01,D00296,EG2026-PRES,ORG02,Juntos por el Peru,16,156,176,7,13,260,contabilizada
M00296-01,D00296,EG2026-PRES,ORG03,Renovacion Popular,26,156,176,7,13,260,contabilizada
M00296-01,D00296,EG2026-PRES,ORG04,Partido del Buen Gobierno,17,156,176,7,13,260,contabilizada
M00296-01,D00296,EG2026-PRES,ORG05,Otros,62,156,176,7,13,260,contabilizada
M00296-02,D00296,EG2026-PRES,ORG01,Fuerza Popular,26,151,181,10,20,234,contabilizada
M00296-02,D00296,EG2026-PRES,ORG02,Juntos por el Peru,15,151,181,10,20,234,contabilizada
M00296-02,D00296,EG2026-PRES,ORG03,Renovacion Popular,24,151,181,10,20,234,contabilizada
M00296-02,D00296,EG2026-PRES,ORG04,Partido del Buen Gobierno,16,151,181,10,20,234,contabilizada
M00296-02,D00296,EG2026-PRES,ORG05,Otros,70,151,181,10,20,234,contabilizada
M00296-03,D00296,EG2026-PRES,ORG01,Fuerza Popular,20,124,142,6,12,196,contabilizada
M00296-03,D00296,EG2026-PRES,ORG02,Juntos por el Peru,10,124,142,6,12,196,contabilizada
M00296-03,D00296,EG2026-PRES,ORG03,Renovacion Popular,25,124,142,6,12,196,contabilizada
M00296-03,D00296,EG2026-PRES,ORG04,Partido del Buen Gobierno,14,124,142,6,12,196,contabilizada
M00296-03,D00296,EG2026-PRES,ORG05,Otros,55,124,142,6,12,196,contabilizada
M00296-04,D00296,EG2026-PRES,ORG01,Fuerza Popular,53,188,206,4,14,282,contabilizada
M00296-04,D00296,EG2026-PRES,ORG02,Juntos por el Peru,19,188,206,4,14,282,contabilizada
M00296-04,D00296,EG2026-PRES,ORG03,Renovacion Popular,24,188,206,4,14,282,contabilizada
M00296-04,D00296,EG2026-PRES,ORG04,Partido del Buen Gobierno,24,188,206,4,14,282,contabilizada
M00296-04,D00296,EG2026-PRES,ORG05,Otros,68,188,206,4,14,282,contabilizada
M00296-05,D00296,EG2026-PRES,ORG01,Fuerza Popular,49,191,218,15,12,288,observada
M00296-05,D00296,EG2026-PRES,ORG02,Juntos por el Peru,19,191,218,15,12,288,observada
M00296-05,D00296,EG2026-PRES,ORG03,Renovacion Popular,33,191,218,15,12,288,observada
M00296-05,D00296,EG2026-PRES,ORG04,Partido del Buen Gobierno,27,191,218,15,12,288,observada
M00296-05,D00296,EG2026-PRES,ORG05,Otros,63,191,218,15,12,288,observada
M00297-01,D00297,EG2026-PRES,ORG01,Fuerza Popular,21,107,138,8,23,184,observada
M00297-01,D00297,EG2026-PRES,ORG02,Juntos por el Peru,16,107,138,8,23,184,observada
M00297-01,D00297,EG2026-PRES,ORG03,Renovacion Popular,15,107,138,8,23,184,observada
M00297-01,D00297,EG2026-PRES,ORG04,Partido del Buen Gobierno,8,107,138,8,23,184,observada
M00297-01,D00297,EG2026-PRES,ORG05,Otros,47,107,138,8,23,184,observada
M00297-02,D00297,EG2026-PRES,ORG01,Fuerza Popular,48,248,289,8,33,402,contabilizada
M00297-02,D00297,EG2026-PRES,ORG02,Juntos por el Peru,29,248,289,8,33,402,contabilizada
M00297-02,D00297,EG2026-PRES,ORG03,Renovacion Popular,28,248,289,8,33,402,contabilizada
M00297-02,D00297,EG2026-PRES,ORG04,Partido del Buen Gobierno,23,248,289,8,33,402,contabilizada
M00297-02,D00297,EG2026-PRES,ORG05,Otros,120,248,289,8,33,402,contabilizada
M00297-03,D00297,EG2026-PRES,ORG01,Fuerza Popular,28,190,222,13,19,328,observada
M00297-03,D00297,EG2026-PRES,ORG02,Juntos por el Peru,30,190,222,13,19,328,observada
M00297-03,D00297,EG2026-PRES,ORG03,Renovacion Popular,21,190,222,13,19,328,observada
M00297-03,D00297,EG2026-PRES,ORG04,Partido del Buen Gobierno,20,190,222,13,19,328,observada
M00297-03,D00297,EG2026-PRES,ORG05,Otros,91,190,222,13,19,328,observada
M00298-01,D00298,EG2026-PRES,ORG01,Fuerza Popular,49,250,293,8,35,416,contabilizada
M00298-01,D00298,EG2026-PRES,ORG02,Juntos por el Peru,30,250,293,8,35,416,contabilizada
M00298-01,D00298,EG2026-PRES,ORG03,Renovacion Popular,31,250,293,8,35,416,contabilizada
M00298-01,D00298,EG2026-PRES,ORG04,Partido del Buen Gobierno,34,250,293,8,35,416,contabilizada
M00298-01,D00298,EG2026-PRES,ORG05,Otros,106,250,293,8,35,416,contabilizada
M00298-02,D00298,EG2026-PRES,ORG01,Fuerza Popular,37,210,248,12,26,320,observada
M00298-02,D00298,EG2026-PRES,ORG02,Juntos por el Peru,26,210,248,12,26,320,observada
M00298-02,D00298,EG2026-PRES,ORG03,Renovacion Popular,30,210,248,12,26,320,observada
M00298-02,D00298,EG2026-PRES,ORG04,Partido del Buen Gobierno,23,210,248,12,26,320,observada
M00298-02,D00298,EG2026-PRES,ORG05,Otros,94,210,248,12,26,320,observada
M00298-03,D00298,EG2026-PRES,ORG01,Fuerza Popular,33,199,234,16,19,359,contabilizada
M00298-03,D00298,EG2026-PRES,ORG02,Juntos por el Peru,33,199,234,16,19,359,contabilizada
M00298-03,D00298,EG2026-PRES,ORG03,Renovacion Popular,37,199,234,16,19,359,contabilizada
M00298-03,D00298,EG2026-PRES,ORG04,Partido del Buen Gobierno,21,199,234,16,19,359,contabilizada
M00298-03,D00298,EG2026-PRES,ORG05,Otros,75,199,234,16,19,359,contabilizada
M00298-04,D00298,EG2026-PRES,ORG01,Fuerza Popular,28,160,203,15,28,289,contabilizada
M00298-04,D00298,EG2026-PRES,ORG02,Juntos por el Peru,19,160,203,15,28,289,contabilizada
M00298-04,D00298,EG2026-PRES,ORG03,Renovacion Popular,22,160,203,15,28,289,contabilizada
M00298-04,D00298,EG2026-PRES,ORG04,Partido del Buen Gobierno,16,160,203,15,28,289,contabilizada
M00298-04,D00298,EG2026-PRES,ORG05,Otros,75,160,203,15,28,289,contabilizada
M00298-05,D00298,EG2026-PRES,ORG01,Fuerza Popular,35,184,215,11,20,323,contabilizada
M00298-05,D00298,EG2026-PRES,ORG02,Juntos por el Peru,27,184,215,11,20,323,contabilizada
M00298-05,D00298,EG2026-PRES,ORG03,Renovacion Popular,18,184,215,11,20,323,contabilizada
M00298-05,D00298,EG2026-PRES,ORG04,Partido del Buen Gobierno,20,184,215,11,20,323,contabilizada
M00298-05,D00298,EG2026-PRES,ORG05,Otros,84,184,215,11,20,323,contabilizada
M00299-01,D00299,EG2026-PRES,ORG01,Fuerza Popular,19,148,168,7,13,223,contabilizada
M00299-01,D00299,EG2026-PRES,ORG02,Juntos por el Peru,25,148,168,7,13,223,contabilizada
M00299-01,D00299,EG2026-PRES,ORG03,Renovacion Popular,10,148,168,7,13,223,contabilizada
M00299-01,D00299,EG2026-PRES,ORG04,Partido del Buen Gobierno,13,148,168,7,13,223,contabilizada
M00299-01,D00299,EG2026-PRES,ORG05,Otros,81,148,168,7,13,223,contabilizada
M00299-02,D00299,EG2026-PRES,ORG01,Fuerza Popular,28,251,300,26,23,419,contabilizada
M00299-02,D00299,EG2026-PRES,ORG02,Juntos por el Peru,71,251,300,26,23,419,contabilizada
M00299-02,D00299,EG2026-PRES,ORG03,Renovacion Popular,19,251,300,26,23,419,contabilizada
M00299-02,D00299,EG2026-PRES,ORG04,Partido del Buen Gobierno,24,251,300,26,23,419,contabilizada
M00299-02,D00299,EG2026-PRES,ORG05,Otros,109,251,300,26,23,419,contabilizada
M00299-03,D00299,EG2026-PRES,ORG01,Fuerza Popular,12,110,129,7,12,189,contabilizada
M00299-03,D00299,EG2026-PRES,ORG02,Juntos por el Peru,28,110,129,7,12,189,contabilizada
M00299-03,D00299,EG2026-PRES,ORG03,Renovacion Popular,9,110,129,7,12,189,contabilizada
M00299-03,D00299,EG2026-PRES,ORG04,Partido del Buen Gobierno,12,110,129,7,12,189,contabilizada
M00299-03,D00299,EG2026-PRES,ORG05,Otros,49,110,129,7,12,189,contabilizada
M00299-04,D00299,EG2026-PRES,ORG01,Fuerza Popular,39,239,303,25,39,373,contabilizada
M00299-04,D00299,EG2026-PRES,ORG02,Juntos por el Peru,41,239,303,25,39,373,contabilizada
M00299-04,D00299,EG2026-PRES,ORG03,Renovacion Popular,18,239,303,25,39,373,contabilizada
M00299-04,D00299,EG2026-PRES,ORG04,Partido del Buen Gobierno,38,239,303,25,39,373,contabilizada
M00299-04,D00299,EG2026-PRES,ORG05,Otros,103,239,303,25,39,373,contabilizada
M00299-05,D00299,EG2026-PRES,ORG01,Fuerza Popular,28,288,336,16,32,409,contabilizada
M00299-05,D00299,EG2026-PRES,ORG02,Juntos por el Peru,47,288,336,16,32,409,contabilizada
M00299-05,D00299,EG2026-PRES,ORG03,Renovacion Popular,27,288,336,16,32,409,contabilizada
M00299-05,D00299,EG2026-PRES,ORG04,Partido del Buen Gobierno,31,288,336,16,32,409,contabilizada
M00299-05,D00299,EG2026-PRES,ORG05,Otros,155,288,336,16,32,409,contabilizada
M00300-01,D00300,EG2026-PRES,ORG01,Fuerza Popular,22,146,171,15,10,234,contabilizada
M00300-01,D00300,EG2026-PRES,ORG02,Juntos por el Peru,22,146,171,15,10,234,contabilizada
M00300-01,D00300,EG2026-PRES,ORG03,Renovacion Popular,18,146,171,15,10,234,contabilizada
M00300-01,D00300,EG2026-PRES,ORG04,Partido del Buen Gobierno,14,146,171,15,10,234,contabilizada
M00300-01,D00300,EG2026-PRES,ORG05,Otros,70,146,171,15,10,234,contabilizada
M00300-02,D00300,EG2026-PRES,ORG01,Fuerza Popular,42,232,291,20,39,353,contabilizada
M00300-02,D00300,EG2026-PRES,ORG02,Juntos por el Peru,36,232,291,20,39,353,contabilizada
M00300-02,D00300,EG2026-PRES,ORG03,Renovacion Popular,27,232,291,20,39,353,contabilizada
M00300-02,D00300,EG2026-PRES,ORG04,Partido del Buen Gobierno,31,232,291,20,39,353,contabilizada
M00300-02,D00300,EG2026-PRES,ORG05,Otros,96,232,291,20,39,353,contabilizada
M00300-03,D00300,EG2026-PRES,ORG01,Fuerza Popular,23,118,144,11,15,205,observada
M00300-03,D00300,EG2026-PRES,ORG02,Juntos por el Peru,15,118,144,11,15,205,observada
M00300-03,D00300,EG2026-PRES,ORG03,Renovacion Popular,15,118,144,11,15,205,observada
M00300-03,D00300,EG2026-PRES,ORG04,Partido del Buen Gobierno,15,118,144,11,15,205,observada
M00300-03,D00300,EG2026-PRES,ORG05,Otros,50,118,144,11,15,205,observada
M00300-04,D00300,EG2026-PRES,ORG01,Fuerza Popular,26,158,182,13,11,318,contabilizada
M00300-04,D00300,EG2026-PRES,ORG02,Juntos por el Peru,20,158,182,13,11,318,contabilizada
M00300-04,D00300,EG2026-PRES,ORG03,Renovacion Popular,22,158,182,13,11,318,contabilizada
M00300-04,D00300,EG2026-PRES,ORG04,Partido del Buen Gobierno,18,158,182,13,11,318,contabilizada
M00300-04,D00300,EG2026-PRES,ORG05,Otros,72,158,182,13,11,318,contabilizada
M00300-05,D00300,EG2026-PRES,ORG01,Fuerza Popular,17,135,155,10,10,202,contabilizada
M00300-05,D00300,EG2026-PRES,ORG02,Juntos por el Peru,21,135,155,10,10,202,contabilizada
M00300-05,D00300,EG2026-PRES,ORG03,Renovacion Popular,15,135,155,10,10,202,contabilizada
M00300-05,D00300,EG2026-PRES,ORG04,Partido del Buen Gobierno,12,135,155,10,10,202,contabilizada
M00300-05,D00300,EG2026-PRES,ORG05,Otros,70,135,155,10,10,202,contabilizada
M00300-06,D00300,EG2026-PRES,ORG01,Fuerza Popular,23,176,190,8,6,288,contabilizada
M00300-06,D00300,EG2026-PRES,ORG02,Juntos por el Peru,26,176,190,8,6,288,contabilizada
M00300-06,D00300,EG2026-PRES,ORG03,Renovacion Popular,28,176,190,8,6,288,contabilizada
M00300-06,D00300,EG2026-PRES,ORG04,Partido del Buen Gobierno,14,176,190,8,6,288,contabilizada
M00300-06,D00300,EG2026-PRES,ORG05,Otros,85,176,190,8,6,288,contabilizada
M00301-01,D00301,EG2026-PRES,ORG01,Fuerza Popular,30,254,304,22,28,406,contabilizada
M00301-01,D00301,EG2026-PRES,ORG02,Juntos por el Peru,49,254,304,22,28,406,contabilizada
M00301-01,D00301,EG2026-PRES,ORG03,Renovacion Popular,17,254,304,22,28,406,contabilizada
M00301-01,D00301,EG2026-PRES,ORG04,Partido del Buen Gobierno,33,254,304,22,28,406,contabilizada
M00301-01,D00301,EG2026-PRES,ORG05,Otros,125,254,304,22,28,406,contabilizada
M00301-02,D00301,EG2026-PRES,ORG01,Fuerza Popular,18,208,247,10,29,335,contabilizada
M00301-02,D00301,EG2026-PRES,ORG02,Juntos por el Peru,57,208,247,10,29,335,contabilizada
M00301-02,D00301,EG2026-PRES,ORG03,Renovacion Popular,16,208,247,10,29,335,contabilizada
M00301-02,D00301,EG2026-PRES,ORG04,Partido del Buen Gobierno,21,208,247,10,29,335,contabilizada
M00301-02,D00301,EG2026-PRES,ORG05,Otros,96,208,247,10,29,335,contabilizada
M00301-03,D00301,EG2026-PRES,ORG01,Fuerza Popular,35,221,265,19,25,309,contabilizada
M00301-03,D00301,EG2026-PRES,ORG02,Juntos por el Peru,42,221,265,19,25,309,contabilizada
M00301-03,D00301,EG2026-PRES,ORG03,Renovacion Popular,17,221,265,19,25,309,contabilizada
M00301-03,D00301,EG2026-PRES,ORG04,Partido del Buen Gobierno,31,221,265,19,25,309,contabilizada
M00301-03,D00301,EG2026-PRES,ORG05,Otros,96,221,265,19,25,309,contabilizada
M00302-01,D00302,EG2026-PRES,ORG01,Fuerza Popular,47,225,260,12,23,363,contabilizada
M00302-01,D00302,EG2026-PRES,ORG02,Juntos por el Peru,23,225,260,12,23,363,contabilizada
M00302-01,D00302,EG2026-PRES,ORG03,Renovacion Popular,40,225,260,12,23,363,contabilizada
M00302-01,D00302,EG2026-PRES,ORG04,Partido del Buen Gobierno,29,225,260,12,23,363,contabilizada
M00302-01,D00302,EG2026-PRES,ORG05,Otros,86,225,260,12,23,363,contabilizada
M00302-02,D00302,EG2026-PRES,ORG01,Fuerza Popular,23,122,143,8,13,184,contabilizada
M00302-02,D00302,EG2026-PRES,ORG02,Juntos por el Peru,12,122,143,8,13,184,contabilizada
M00302-02,D00302,EG2026-PRES,ORG03,Renovacion Popular,23,122,143,8,13,184,contabilizada
M00302-02,D00302,EG2026-PRES,ORG04,Partido del Buen Gobierno,15,122,143,8,13,184,contabilizada
M00302-02,D00302,EG2026-PRES,ORG05,Otros,49,122,143,8,13,184,contabilizada
M00303-01,D00303,EG2026-PRES,ORG01,Fuerza Popular,25,146,174,7,21,231,contabilizada
M00303-01,D00303,EG2026-PRES,ORG02,Juntos por el Peru,21,146,174,7,21,231,contabilizada
M00303-01,D00303,EG2026-PRES,ORG03,Renovacion Popular,21,146,174,7,21,231,contabilizada
M00303-01,D00303,EG2026-PRES,ORG04,Partido del Buen Gobierno,17,146,174,7,21,231,contabilizada
M00303-01,D00303,EG2026-PRES,ORG05,Otros,62,146,174,7,21,231,contabilizada
M00303-02,D00303,EG2026-PRES,ORG01,Fuerza Popular,24,142,159,6,11,263,contabilizada
M00303-02,D00303,EG2026-PRES,ORG02,Juntos por el Peru,14,142,159,6,11,263,contabilizada
M00303-02,D00303,EG2026-PRES,ORG03,Renovacion Popular,21,142,159,6,11,263,contabilizada
M00303-02,D00303,EG2026-PRES,ORG04,Partido del Buen Gobierno,18,142,159,6,11,263,contabilizada
M00303-02,D00303,EG2026-PRES,ORG05,Otros,65,142,159,6,11,263,contabilizada
M00303-03,D00303,EG2026-PRES,ORG01,Fuerza Popular,47,253,292,12,27,400,contabilizada
M00303-03,D00303,EG2026-PRES,ORG02,Juntos por el Peru,36,253,292,12,27,400,contabilizada
M00303-03,D00303,EG2026-PRES,ORG03,Renovacion Popular,35,253,292,12,27,400,contabilizada
M00303-03,D00303,EG2026-PRES,ORG04,Partido del Buen Gobierno,33,253,292,12,27,400,contabilizada
M00303-03,D00303,EG2026-PRES,ORG05,Otros,102,253,292,12,27,400,contabilizada
M00303-04,D00303,EG2026-PRES,ORG01,Fuerza Popular,36,187,215,12,16,270,pendiente
M00303-04,D00303,EG2026-PRES,ORG02,Juntos por el Peru,20,187,215,12,16,270,pendiente
M00303-04,D00303,EG2026-PRES,ORG03,Renovacion Popular,24,187,215,12,16,270,pendiente
M00303-04,D00303,EG2026-PRES,ORG04,Partido del Buen Gobierno,24,187,215,12,16,270,pendiente
M00303-04,D00303,EG2026-PRES,ORG05,Otros,83,187,215,12,16,270,pendiente
M00303-05,D00303,EG2026-PRES,ORG01,Fuerza Popular,28,121,154,14,19,216,contabilizada
M00303-05,D00303,EG2026-PRES,ORG02,Juntos por el Peru,20,121,154,14,19,216,contabilizada
M00303-05,D00303,EG2026-PRES,ORG03,Renovacion Popular,10,121,154,14,19,216,contabilizada
M00303-05,D00303,EG2026-PRES,ORG04,Partido del Buen Gobierno,13,121,154,14,19,216,contabilizada
M00303-05,D00303,EG2026-PRES,ORG05,Otros,50,121,154,14,19,216,contabilizada
M00303-06,D00303,EG2026-PRES,ORG01,Fuerza Popular,26,154,179,8,17,247,contabilizada
M00303-06,D00303,EG2026-PRES,ORG02,Juntos por el Peru,16,154,179,8,17,247,contabilizada
M00303-06,D00303,EG2026-PRES,ORG03,Renovacion Popular,20,154,179,8,17,247,contabilizada
M00303-06,D00303,EG2026-PRES,ORG04,Partido del Buen Gobierno,18,154,179,8,17,247,contabilizada
M00303-06,D00303,EG2026-PRES,ORG05,Otros,74,154,179,8,17,247,contabilizada
M00304-01,D00304,EG2026-PRES,ORG01,Fuerza Popular,34,147,174,4,23,296,contabilizada
M00304-01,D00304,EG2026-PRES,ORG02,Juntos por el Peru,15,147,174,4,23,296,contabilizada
M00304-01,D00304,EG2026-PRES,ORG03,Renovacion Popular,28,147,174,4,23,296,contabilizada
M00304-01,D00304,EG2026-PRES,ORG04,Partido del Buen Gobierno,14,147,174,4,23,296,contabilizada
M00304-01,D00304,EG2026-PRES,ORG05,Otros,56,147,174,4,23,296,contabilizada
M00304-02,D00304,EG2026-PRES,ORG01,Fuerza Popular,23,149,170,3,18,261,contabilizada
M00304-02,D00304,EG2026-PRES,ORG02,Juntos por el Peru,19,149,170,3,18,261,contabilizada
M00304-02,D00304,EG2026-PRES,ORG03,Renovacion Popular,22,149,170,3,18,261,contabilizada
M00304-02,D00304,EG2026-PRES,ORG04,Partido del Buen Gobierno,18,149,170,3,18,261,contabilizada
M00304-02,D00304,EG2026-PRES,ORG05,Otros,67,149,170,3,18,261,contabilizada
M00304-03,D00304,EG2026-PRES,ORG01,Fuerza Popular,31,186,217,10,21,300,contabilizada
M00304-03,D00304,EG2026-PRES,ORG02,Juntos por el Peru,18,186,217,10,21,300,contabilizada
M00304-03,D00304,EG2026-PRES,ORG03,Renovacion Popular,36,186,217,10,21,300,contabilizada
M00304-03,D00304,EG2026-PRES,ORG04,Partido del Buen Gobierno,22,186,217,10,21,300,contabilizada
M00304-03,D00304,EG2026-PRES,ORG05,Otros,79,186,217,10,21,300,contabilizada
M00305-01,D00305,EG2026-PRES,ORG01,Fuerza Popular,36,225,271,17,29,307,contabilizada
M00305-01,D00305,EG2026-PRES,ORG02,Juntos por el Peru,45,225,271,17,29,307,contabilizada
M00305-01,D00305,EG2026-PRES,ORG03,Renovacion Popular,21,225,271,17,29,307,contabilizada
M00305-01,D00305,EG2026-PRES,ORG04,Partido del Buen Gobierno,31,225,271,17,29,307,contabilizada
M00305-01,D00305,EG2026-PRES,ORG05,Otros,92,225,271,17,29,307,contabilizada
M00305-02,D00305,EG2026-PRES,ORG01,Fuerza Popular,20,183,211,16,12,276,contabilizada
M00305-02,D00305,EG2026-PRES,ORG02,Juntos por el Peru,48,183,211,16,12,276,contabilizada
M00305-02,D00305,EG2026-PRES,ORG03,Renovacion Popular,13,183,211,16,12,276,contabilizada
M00305-02,D00305,EG2026-PRES,ORG04,Partido del Buen Gobierno,20,183,211,16,12,276,contabilizada
M00305-02,D00305,EG2026-PRES,ORG05,Otros,82,183,211,16,12,276,contabilizada
M00305-03,D00305,EG2026-PRES,ORG01,Fuerza Popular,25,209,252,22,21,382,contabilizada
M00305-03,D00305,EG2026-PRES,ORG02,Juntos por el Peru,56,209,252,22,21,382,contabilizada
M00305-03,D00305,EG2026-PRES,ORG03,Renovacion Popular,18,209,252,22,21,382,contabilizada
M00305-03,D00305,EG2026-PRES,ORG04,Partido del Buen Gobierno,22,209,252,22,21,382,contabilizada
M00305-03,D00305,EG2026-PRES,ORG05,Otros,88,209,252,22,21,382,contabilizada
M00305-04,D00305,EG2026-PRES,ORG01,Fuerza Popular,17,163,188,13,12,289,contabilizada
M00305-04,D00305,EG2026-PRES,ORG02,Juntos por el Peru,42,163,188,13,12,289,contabilizada
M00305-04,D00305,EG2026-PRES,ORG03,Renovacion Popular,14,163,188,13,12,289,contabilizada
M00305-04,D00305,EG2026-PRES,ORG04,Partido del Buen Gobierno,18,163,188,13,12,289,contabilizada
M00305-04,D00305,EG2026-PRES,ORG05,Otros,72,163,188,13,12,289,contabilizada
M00305-05,D00305,EG2026-PRES,ORG01,Fuerza Popular,36,301,368,27,40,414,contabilizada
M00305-05,D00305,EG2026-PRES,ORG02,Juntos por el Peru,73,301,368,27,40,414,contabilizada
M00305-05,D00305,EG2026-PRES,ORG03,Renovacion Popular,21,301,368,27,40,414,contabilizada
M00305-05,D00305,EG2026-PRES,ORG04,Partido del Buen Gobierno,34,301,368,27,40,414,contabilizada
M00305-05,D00305,EG2026-PRES,ORG05,Otros,137,301,368,27,40,414,contabilizada
M00305-06,D00305,EG2026-PRES,ORG01,Fuerza Popular,37,226,261,9,26,341,contabilizada
M00305-06,D00305,EG2026-PRES,ORG02,Juntos por el Peru,58,226,261,9,26,341,contabilizada
M00305-06,D00305,EG2026-PRES,ORG03,Renovacion Popular,23,226,261,9,26,341,contabilizada
M00305-06,D00305,EG2026-PRES,ORG04,Partido del Buen Gobierno,25,226,261,9,26,341,contabilizada
M00305-06,D00305,EG2026-PRES,ORG05,Otros,83,226,261,9,26,341,contabilizada
M00306-01,D00306,EG2026-PRES,ORG01,Fuerza Popular,28,209,244,16,19,286,contabilizada
M00306-01,D00306,EG2026-PRES,ORG02,Juntos por el Peru,28,209,244,16,19,286,contabilizada
M00306-01,D00306,EG2026-PRES,ORG03,Renovacion Popular,22,209,244,16,19,286,contabilizada
M00306-01,D00306,EG2026-PRES,ORG04,Partido del Buen Gobierno,26,209,244,16,19,286,contabilizada
M00306-01,D00306,EG2026-PRES,ORG05,Otros,105,209,244,16,19,286,contabilizada
M00306-02,D00306,EG2026-PRES,ORG01,Fuerza Popular,23,185,226,10,31,314,contabilizada
M00306-02,D00306,EG2026-PRES,ORG02,Juntos por el Peru,28,185,226,10,31,314,contabilizada
M00306-02,D00306,EG2026-PRES,ORG03,Renovacion Popular,20,185,226,10,31,314,contabilizada
M00306-02,D00306,EG2026-PRES,ORG04,Partido del Buen Gobierno,21,185,226,10,31,314,contabilizada
M00306-02,D00306,EG2026-PRES,ORG05,Otros,93,185,226,10,31,314,contabilizada
M00306-03,D00306,EG2026-PRES,ORG01,Fuerza Popular,21,128,147,5,14,209,contabilizada
M00306-03,D00306,EG2026-PRES,ORG02,Juntos por el Peru,20,128,147,5,14,209,contabilizada
M00306-03,D00306,EG2026-PRES,ORG03,Renovacion Popular,17,128,147,5,14,209,contabilizada
M00306-03,D00306,EG2026-PRES,ORG04,Partido del Buen Gobierno,17,128,147,5,14,209,contabilizada
M00306-03,D00306,EG2026-PRES,ORG05,Otros,53,128,147,5,14,209,contabilizada
M00306-04,D00306,EG2026-PRES,ORG01,Fuerza Popular,47,232,266,12,22,397,contabilizada
M00306-04,D00306,EG2026-PRES,ORG02,Juntos por el Peru,37,232,266,12,22,397,contabilizada
M00306-04,D00306,EG2026-PRES,ORG03,Renovacion Popular,39,232,266,12,22,397,contabilizada
M00306-04,D00306,EG2026-PRES,ORG04,Partido del Buen Gobierno,26,232,266,12,22,397,contabilizada
M00306-04,D00306,EG2026-PRES,ORG05,Otros,83,232,266,12,22,397,contabilizada
M00306-05,D00306,EG2026-PRES,ORG01,Fuerza Popular,24,163,180,6,11,221,contabilizada
M00306-05,D00306,EG2026-PRES,ORG02,Juntos por el Peru,28,163,180,6,11,221,contabilizada
M00306-05,D00306,EG2026-PRES,ORG03,Renovacion Popular,20,163,180,6,11,221,contabilizada
M00306-05,D00306,EG2026-PRES,ORG04,Partido del Buen Gobierno,26,163,180,6,11,221,contabilizada
M00306-05,D00306,EG2026-PRES,ORG05,Otros,65,163,180,6,11,221,contabilizada
M00306-06,D00306,EG2026-PRES,ORG01,Fuerza Popular,32,181,220,19,20,269,contabilizada
M00306-06,D00306,EG2026-PRES,ORG02,Juntos por el Peru,25,181,220,19,20,269,contabilizada
M00306-06,D00306,EG2026-PRES,ORG03,Renovacion Popular,22,181,220,19,20,269,contabilizada
M00306-06,D00306,EG2026-PRES,ORG04,Partido del Buen Gobierno,24,181,220,19,20,269,contabilizada
M00306-06,D00306,EG2026-PRES,ORG05,Otros,78,181,220,19,20,269,contabilizada
M00307-01,D00307,EG2026-PRES,ORG01,Fuerza Popular,28,125,147,8,14,208,contabilizada
M00307-01,D00307,EG2026-PRES,ORG02,Juntos por el Peru,8,125,147,8,14,208,contabilizada
M00307-01,D00307,EG2026-PRES,ORG03,Renovacion Popular,21,125,147,8,14,208,contabilizada
M00307-01,D00307,EG2026-PRES,ORG04,Partido del Buen Gobierno,22,125,147,8,14,208,contabilizada
M00307-01,D00307,EG2026-PRES,ORG05,Otros,46,125,147,8,14,208,contabilizada
M00307-02,D00307,EG2026-PRES,ORG01,Fuerza Popular,38,188,216,13,15,385,contabilizada
M00307-02,D00307,EG2026-PRES,ORG02,Juntos por el Peru,18,188,216,13,15,385,contabilizada
M00307-02,D00307,EG2026-PRES,ORG03,Renovacion Popular,33,188,216,13,15,385,contabilizada
M00307-02,D00307,EG2026-PRES,ORG04,Partido del Buen Gobierno,31,188,216,13,15,385,contabilizada
M00307-02,D00307,EG2026-PRES,ORG05,Otros,68,188,216,13,15,385,contabilizada
M00307-03,D00307,EG2026-PRES,ORG01,Fuerza Popular,23,123,140,4,13,182,contabilizada
M00307-03,D00307,EG2026-PRES,ORG02,Juntos por el Peru,15,123,140,4,13,182,contabilizada
M00307-03,D00307,EG2026-PRES,ORG03,Renovacion Popular,18,123,140,4,13,182,contabilizada
M00307-03,D00307,EG2026-PRES,ORG04,Partido del Buen Gobierno,16,123,140,4,13,182,contabilizada
M00307-03,D00307,EG2026-PRES,ORG05,Otros,51,123,140,4,13,182,contabilizada
M00307-04,D00307,EG2026-PRES,ORG01,Fuerza Popular,52,216,255,11,28,327,contabilizada
M00307-04,D00307,EG2026-PRES,ORG02,Juntos por el Peru,22,216,255,11,28,327,contabilizada
M00307-04,D00307,EG2026-PRES,ORG03,Renovacion Popular,32,216,255,11,28,327,contabilizada
M00307-04,D00307,EG2026-PRES,ORG04,Partido del Buen Gobierno,25,216,255,11,28,327,contabilizada
M00307-04,D00307,EG2026-PRES,ORG05,Otros,85,216,255,11,28,327,contabilizada
M00308-01,D00308,EG2026-PRES,ORG01,Fuerza Popular,26,237,285,18,30,389,contabilizada
M00308-01,D00308,EG2026-PRES,ORG02,Juntos por el Peru,56,237,285,18,30,389,contabilizada
M00308-01,D00308,EG2026-PRES,ORG03,Renovacion Popular,16,237,285,18,30,389,contabilizada
M00308-01,D00308,EG2026-PRES,ORG04,Partido del Buen Gobierno,28,237,285,18,30,389,contabilizada
M00308-01,D00308,EG2026-PRES,ORG05,Otros,111,237,285,18,30,389,contabilizada
M00308-02,D00308,EG2026-PRES,ORG01,Fuerza Popular,10,118,139,3,18,222,contabilizada
M00308-02,D00308,EG2026-PRES,ORG02,Juntos por el Peru,25,118,139,3,18,222,contabilizada
M00308-02,D00308,EG2026-PRES,ORG03,Renovacion Popular,7,118,139,3,18,222,contabilizada
M00308-02,D00308,EG2026-PRES,ORG04,Partido del Buen Gobierno,12,118,139,3,18,222,contabilizada
M00308-02,D00308,EG2026-PRES,ORG05,Otros,64,118,139,3,18,222,contabilizada
M00308-03,D00308,EG2026-PRES,ORG01,Fuerza Popular,21,161,198,13,24,268,contabilizada
M00308-03,D00308,EG2026-PRES,ORG02,Juntos por el Peru,41,161,198,13,24,268,contabilizada
M00308-03,D00308,EG2026-PRES,ORG03,Renovacion Popular,16,161,198,13,24,268,contabilizada
M00308-03,D00308,EG2026-PRES,ORG04,Partido del Buen Gobierno,19,161,198,13,24,268,contabilizada
M00308-03,D00308,EG2026-PRES,ORG05,Otros,64,161,198,13,24,268,contabilizada
M00308-04,D00308,EG2026-PRES,ORG01,Fuerza Popular,42,273,309,15,21,380,contabilizada
M00308-04,D00308,EG2026-PRES,ORG02,Juntos por el Peru,68,273,309,15,21,380,contabilizada
M00308-04,D00308,EG2026-PRES,ORG03,Renovacion Popular,21,273,309,15,21,380,contabilizada
M00308-04,D00308,EG2026-PRES,ORG04,Partido del Buen Gobierno,34,273,309,15,21,380,contabilizada
M00308-04,D00308,EG2026-PRES,ORG05,Otros,108,273,309,15,21,380,contabilizada
M00308-05,D00308,EG2026-PRES,ORG01,Fuerza Popular,13,146,179,13,20,250,contabilizada
M00308-05,D00308,EG2026-PRES,ORG02,Juntos por el Peru,18,146,179,13,20,250,contabilizada
M00308-05,D00308,EG2026-PRES,ORG03,Renovacion Popular,11,146,179,13,20,250,contabilizada
M00308-05,D00308,EG2026-PRES,ORG04,Partido del Buen Gobierno,19,146,179,13,20,250,contabilizada
M00308-05,D00308,EG2026-PRES,ORG05,Otros,85,146,179,13,20,250,contabilizada
M00308-06,D00308,EG2026-PRES,ORG01,Fuerza Popular,15,145,171,10,16,221,observada
M00308-06,D00308,EG2026-PRES,ORG02,Juntos por el Peru,27,145,171,10,16,221,observada
M00308-06,D00308,EG2026-PRES,ORG03,Renovacion Popular,10,145,171,10,16,221,observada
M00308-06,D00308,EG2026-PRES,ORG04,Partido del Buen Gobierno,16,145,171,10,16,221,observada
M00308-06,D00308,EG2026-PRES,ORG05,Otros,77,145,171,10,16,221,observada
M00309-01,D00309,EG2026-PRES,ORG01,Fuerza Popular,18,100,114,6,8,180,contabilizada
M00309-01,D00309,EG2026-PRES,ORG02,Juntos por el Peru,12,100,114,6,8,180,contabilizada
M00309-01,D00309,EG2026-PRES,ORG03,Renovacion Popular,13,100,114,6,8,180,contabilizada
M00309-01,D00309,EG2026-PRES,ORG04,Partido del Buen Gobierno,10,100,114,6,8,180,contabilizada
M00309-01,D00309,EG2026-PRES,ORG05,Otros,47,100,114,6,8,180,contabilizada
M00309-02,D00309,EG2026-PRES,ORG01,Fuerza Popular,28,186,224,17,21,271,contabilizada
M00309-02,D00309,EG2026-PRES,ORG02,Juntos por el Peru,41,186,224,17,21,271,contabilizada
M00309-02,D00309,EG2026-PRES,ORG03,Renovacion Popular,25,186,224,17,21,271,contabilizada
M00309-02,D00309,EG2026-PRES,ORG04,Partido del Buen Gobierno,22,186,224,17,21,271,contabilizada
M00309-02,D00309,EG2026-PRES,ORG05,Otros,70,186,224,17,21,271,contabilizada
M00309-03,D00309,EG2026-PRES,ORG01,Fuerza Popular,37,211,234,7,16,287,contabilizada
M00309-03,D00309,EG2026-PRES,ORG02,Juntos por el Peru,25,211,234,7,16,287,contabilizada
M00309-03,D00309,EG2026-PRES,ORG03,Renovacion Popular,29,211,234,7,16,287,contabilizada
M00309-03,D00309,EG2026-PRES,ORG04,Partido del Buen Gobierno,27,211,234,7,16,287,contabilizada
M00309-03,D00309,EG2026-PRES,ORG05,Otros,93,211,234,7,16,287,contabilizada
M00309-04,D00309,EG2026-PRES,ORG01,Fuerza Popular,35,211,259,19,29,361,contabilizada
M00309-04,D00309,EG2026-PRES,ORG02,Juntos por el Peru,28,211,259,19,29,361,contabilizada
M00309-04,D00309,EG2026-PRES,ORG03,Renovacion Popular,17,211,259,19,29,361,contabilizada
M00309-04,D00309,EG2026-PRES,ORG04,Partido del Buen Gobierno,15,211,259,19,29,361,contabilizada
M00309-04,D00309,EG2026-PRES,ORG05,Otros,116,211,259,19,29,361,contabilizada
M00309-05,D00309,EG2026-PRES,ORG01,Fuerza Popular,39,215,260,17,28,358,contabilizada
M00309-05,D00309,EG2026-PRES,ORG02,Juntos por el Peru,26,215,260,17,28,358,contabilizada
M00309-05,D00309,EG2026-PRES,ORG03,Renovacion Popular,27,215,260,17,28,358,contabilizada
M00309-05,D00309,EG2026-PRES,ORG04,Partido del Buen Gobierno,21,215,260,17,28,358,contabilizada
M00309-05,D00309,EG2026-PRES,ORG05,Otros,102,215,260,17,28,358,contabilizada
M00310-01,D00310,EG2026-PRES,ORG01,Fuerza Popular,18,141,171,10,20,256,contabilizada
M00310-01,D00310,EG2026-PRES,ORG02,Juntos por el Peru,31,141,171,10,20,256,contabilizada
M00310-01,D00310,EG2026-PRES,ORG03,Renovacion Popular,10,141,171,10,20,256,contabilizada
M00310-01,D00310,EG2026-PRES,ORG04,Partido del Buen Gobierno,28,141,171,10,20,256,contabilizada
M00310-01,D00310,EG2026-PRES,ORG05,Otros,54,141,171,10,20,256,contabilizada
M00310-02,D00310,EG2026-PRES,ORG01,Fuerza Popular,32,158,195,16,21,310,contabilizada
M00310-02,D00310,EG2026-PRES,ORG02,Juntos por el Peru,36,158,195,16,21,310,contabilizada
M00310-02,D00310,EG2026-PRES,ORG03,Renovacion Popular,14,158,195,16,21,310,contabilizada
M00310-02,D00310,EG2026-PRES,ORG04,Partido del Buen Gobierno,16,158,195,16,21,310,contabilizada
M00310-02,D00310,EG2026-PRES,ORG05,Otros,60,158,195,16,21,310,contabilizada
M00310-03,D00310,EG2026-PRES,ORG01,Fuerza Popular,27,188,218,11,19,282,contabilizada
M00310-03,D00310,EG2026-PRES,ORG02,Juntos por el Peru,45,188,218,11,19,282,contabilizada
M00310-03,D00310,EG2026-PRES,ORG03,Renovacion Popular,14,188,218,11,19,282,contabilizada
M00310-03,D00310,EG2026-PRES,ORG04,Partido del Buen Gobierno,23,188,218,11,19,282,contabilizada
M00310-03,D00310,EG2026-PRES,ORG05,Otros,79,188,218,11,19,282,contabilizada
M00310-04,D00310,EG2026-PRES,ORG01,Fuerza Popular,39,247,301,16,38,345,contabilizada
M00310-04,D00310,EG2026-PRES,ORG02,Juntos por el Peru,51,247,301,16,38,345,contabilizada
M00310-04,D00310,EG2026-PRES,ORG03,Renovacion Popular,17,247,301,16,38,345,contabilizada
M00310-04,D00310,EG2026-PRES,ORG04,Partido del Buen Gobierno,29,247,301,16,38,345,contabilizada
M00310-04,D00310,EG2026-PRES,ORG05,Otros,111,247,301,16,38,345,contabilizada
M00311-01,D00311,EG2026-PRES,ORG01,Fuerza Popular,29,152,183,7,24,244,contabilizada
M00311-01,D00311,EG2026-PRES,ORG02,Juntos por el Peru,14,152,183,7,24,244,contabilizada
M00311-01,D00311,EG2026-PRES,ORG03,Renovacion Popular,23,152,183,7,24,244,contabilizada
M00311-01,D00311,EG2026-PRES,ORG04,Partido del Buen Gobierno,24,152,183,7,24,244,contabilizada
M00311-01,D00311,EG2026-PRES,ORG05,Otros,62,152,183,7,24,244,contabilizada
M00311-02,D00311,EG2026-PRES,ORG01,Fuerza Popular,27,165,199,14,20,258,contabilizada
M00311-02,D00311,EG2026-PRES,ORG02,Juntos por el Peru,17,165,199,14,20,258,contabilizada
M00311-02,D00311,EG2026-PRES,ORG03,Renovacion Popular,36,165,199,14,20,258,contabilizada
M00311-02,D00311,EG2026-PRES,ORG04,Partido del Buen Gobierno,22,165,199,14,20,258,contabilizada
M00311-02,D00311,EG2026-PRES,ORG05,Otros,63,165,199,14,20,258,contabilizada
M00311-03,D00311,EG2026-PRES,ORG01,Fuerza Popular,21,106,125,7,12,191,contabilizada
M00311-03,D00311,EG2026-PRES,ORG02,Juntos por el Peru,9,106,125,7,12,191,contabilizada
M00311-03,D00311,EG2026-PRES,ORG03,Renovacion Popular,19,106,125,7,12,191,contabilizada
M00311-03,D00311,EG2026-PRES,ORG04,Partido del Buen Gobierno,11,106,125,7,12,191,contabilizada
M00311-03,D00311,EG2026-PRES,ORG05,Otros,46,106,125,7,12,191,contabilizada
M00311-04,D00311,EG2026-PRES,ORG01,Fuerza Popular,43,180,220,15,25,290,contabilizada
M00311-04,D00311,EG2026-PRES,ORG02,Juntos por el Peru,24,180,220,15,25,290,contabilizada
M00311-04,D00311,EG2026-PRES,ORG03,Renovacion Popular,34,180,220,15,25,290,contabilizada
M00311-04,D00311,EG2026-PRES,ORG04,Partido del Buen Gobierno,28,180,220,15,25,290,contabilizada
M00311-04,D00311,EG2026-PRES,ORG05,Otros,51,180,220,15,25,290,contabilizada
M00311-05,D00311,EG2026-PRES,ORG01,Fuerza Popular,21,120,138,9,9,216,contabilizada
M00311-05,D00311,EG2026-PRES,ORG02,Juntos por el Peru,13,120,138,9,9,216,contabilizada
M00311-05,D00311,EG2026-PRES,ORG03,Renovacion Popular,22,120,138,9,9,216,contabilizada
M00311-05,D00311,EG2026-PRES,ORG04,Partido del Buen Gobierno,13,120,138,9,9,216,contabilizada
M00311-05,D00311,EG2026-PRES,ORG05,Otros,51,120,138,9,9,216,contabilizada
M00311-06,D00311,EG2026-PRES,ORG01,Fuerza Popular,31,155,182,10,17,255,contabilizada
M00311-06,D00311,EG2026-PRES,ORG02,Juntos por el Peru,22,155,182,10,17,255,contabilizada
M00311-06,D00311,EG2026-PRES,ORG03,Renovacion Popular,24,155,182,10,17,255,contabilizada
M00311-06,D00311,EG2026-PRES,ORG04,Partido del Buen Gobierno,28,155,182,10,17,255,contabilizada
M00311-06,D00311,EG2026-PRES,ORG05,Otros,50,155,182,10,17,255,contabilizada
M00312-01,D00312,EG2026-PRES,ORG01,Fuerza Popular,26,163,190,9,18,258,contabilizada
M00312-01,D00312,EG2026-PRES,ORG02,Juntos por el Peru,14,163,190,9,18,258,contabilizada
M00312-01,D00312,EG2026-PRES,ORG03,Renovacion Popular,27,163,190,9,18,258,contabilizada
M00312-01,D00312,EG2026-PRES,ORG04,Partido del Buen Gobierno,24,163,190,9,18,258,contabilizada
M00312-01,D00312,EG2026-PRES,ORG05,Otros,72,163,190,9,18,258,contabilizada
M00312-02,D00312,EG2026-PRES,ORG01,Fuerza Popular,43,194,220,4,22,273,contabilizada
M00312-02,D00312,EG2026-PRES,ORG02,Juntos por el Peru,23,194,220,4,22,273,contabilizada
M00312-02,D00312,EG2026-PRES,ORG03,Renovacion Popular,38,194,220,4,22,273,contabilizada
M00312-02,D00312,EG2026-PRES,ORG04,Partido del Buen Gobierno,30,194,220,4,22,273,contabilizada
M00312-02,D00312,EG2026-PRES,ORG05,Otros,60,194,220,4,22,273,contabilizada
M00312-03,D00312,EG2026-PRES,ORG01,Fuerza Popular,34,245,286,12,29,417,contabilizada
M00312-03,D00312,EG2026-PRES,ORG02,Juntos por el Peru,25,245,286,12,29,417,contabilizada
M00312-03,D00312,EG2026-PRES,ORG03,Renovacion Popular,29,245,286,12,29,417,contabilizada
M00312-03,D00312,EG2026-PRES,ORG04,Partido del Buen Gobierno,41,245,286,12,29,417,contabilizada
M00312-03,D00312,EG2026-PRES,ORG05,Otros,116,245,286,12,29,417,contabilizada
M00312-04,D00312,EG2026-PRES,ORG01,Fuerza Popular,28,151,175,4,20,241,contabilizada
M00312-04,D00312,EG2026-PRES,ORG02,Juntos por el Peru,19,151,175,4,20,241,contabilizada
M00312-04,D00312,EG2026-PRES,ORG03,Renovacion Popular,25,151,175,4,20,241,contabilizada
M00312-04,D00312,EG2026-PRES,ORG04,Partido del Buen Gobierno,18,151,175,4,20,241,contabilizada
M00312-04,D00312,EG2026-PRES,ORG05,Otros,61,151,175,4,20,241,contabilizada
M00312-05,D00312,EG2026-PRES,ORG01,Fuerza Popular,56,211,250,17,22,337,contabilizada
M00312-05,D00312,EG2026-PRES,ORG02,Juntos por el Peru,18,211,250,17,22,337,contabilizada
M00312-05,D00312,EG2026-PRES,ORG03,Renovacion Popular,26,211,250,17,22,337,contabilizada
M00312-05,D00312,EG2026-PRES,ORG04,Partido del Buen Gobierno,28,211,250,17,22,337,contabilizada
M00312-05,D00312,EG2026-PRES,ORG05,Otros,83,211,250,17,22,337,contabilizada
M00312-06,D00312,EG2026-PRES,ORG01,Fuerza Popular,24,163,190,9,18,257,contabilizada
M00312-06,D00312,EG2026-PRES,ORG02,Juntos por el Peru,20,163,190,9,18,257,contabilizada
M00312-06,D00312,EG2026-PRES,ORG03,Renovacion Popular,20,163,190,9,18,257,contabilizada
M00312-06,D00312,EG2026-PRES,ORG04,Partido del Buen Gobierno,24,163,190,9,18,257,contabilizada
M00312-06,D00312,EG2026-PRES,ORG05,Otros,75,163,190,9,18,257,contabilizada
M00313-01,D00313,EG2026-PRES,ORG01,Fuerza Popular,38,193,232,17,22,309,contabilizada
M00313-01,D00313,EG2026-PRES,ORG02,Juntos por el Peru,29,193,232,17,22,309,contabilizada
M00313-01,D00313,EG2026-PRES,ORG03,Renovacion Popular,26,193,232,17,22,309,contabilizada
M00313-01,D00313,EG2026-PRES,ORG04,Partido del Buen Gobierno,32,193,232,17,22,309,contabilizada
M00313-01,D00313,EG2026-PRES,ORG05,Otros,68,193,232,17,22,309,contabilizada
M00313-02,D00313,EG2026-PRES,ORG01,Fuerza Popular,32,216,256,15,25,367,contabilizada
M00313-02,D00313,EG2026-PRES,ORG02,Juntos por el Peru,34,216,256,15,25,367,contabilizada
M00313-02,D00313,EG2026-PRES,ORG03,Renovacion Popular,27,216,256,15,25,367,contabilizada
M00313-02,D00313,EG2026-PRES,ORG04,Partido del Buen Gobierno,30,216,256,15,25,367,contabilizada
M00313-02,D00313,EG2026-PRES,ORG05,Otros,93,216,256,15,25,367,contabilizada
M00313-03,D00313,EG2026-PRES,ORG01,Fuerza Popular,28,148,166,5,13,212,contabilizada
M00313-03,D00313,EG2026-PRES,ORG02,Juntos por el Peru,15,148,166,5,13,212,contabilizada
M00313-03,D00313,EG2026-PRES,ORG03,Renovacion Popular,20,148,166,5,13,212,contabilizada
M00313-03,D00313,EG2026-PRES,ORG04,Partido del Buen Gobierno,15,148,166,5,13,212,contabilizada
M00313-03,D00313,EG2026-PRES,ORG05,Otros,70,148,166,5,13,212,contabilizada
M00313-04,D00313,EG2026-PRES,ORG01,Fuerza Popular,42,284,324,10,30,395,contabilizada
M00313-04,D00313,EG2026-PRES,ORG02,Juntos por el Peru,40,284,324,10,30,395,contabilizada
M00313-04,D00313,EG2026-PRES,ORG03,Renovacion Popular,29,284,324,10,30,395,contabilizada
M00313-04,D00313,EG2026-PRES,ORG04,Partido del Buen Gobierno,32,284,324,10,30,395,contabilizada
M00313-04,D00313,EG2026-PRES,ORG05,Otros,141,284,324,10,30,395,contabilizada
M00314-01,D00314,EG2026-PRES,ORG01,Fuerza Popular,27,187,215,9,19,253,contabilizada
M00314-01,D00314,EG2026-PRES,ORG02,Juntos por el Peru,21,187,215,9,19,253,contabilizada
M00314-01,D00314,EG2026-PRES,ORG03,Renovacion Popular,23,187,215,9,19,253,contabilizada
M00314-01,D00314,EG2026-PRES,ORG04,Partido del Buen Gobierno,24,187,215,9,19,253,contabilizada
M00314-01,D00314,EG2026-PRES,ORG05,Otros,92,187,215,9,19,253,contabilizada
M00314-02,D00314,EG2026-PRES,ORG01,Fuerza Popular,34,164,200,13,23,273,contabilizada
M00314-02,D00314,EG2026-PRES,ORG02,Juntos por el Peru,21,164,200,13,23,273,contabilizada
M00314-02,D00314,EG2026-PRES,ORG03,Renovacion Popular,24,164,200,13,23,273,contabilizada
M00314-02,D00314,EG2026-PRES,ORG04,Partido del Buen Gobierno,23,164,200,13,23,273,contabilizada
M00314-02,D00314,EG2026-PRES,ORG05,Otros,62,164,200,13,23,273,contabilizada
M00314-03,D00314,EG2026-PRES,ORG01,Fuerza Popular,51,277,326,19,30,418,contabilizada
M00314-03,D00314,EG2026-PRES,ORG02,Juntos por el Peru,26,277,326,19,30,418,contabilizada
M00314-03,D00314,EG2026-PRES,ORG03,Renovacion Popular,45,277,326,19,30,418,contabilizada
M00314-03,D00314,EG2026-PRES,ORG04,Partido del Buen Gobierno,32,277,326,19,30,418,contabilizada
M00314-03,D00314,EG2026-PRES,ORG05,Otros,123,277,326,19,30,418,contabilizada
M00314-04,D00314,EG2026-PRES,ORG01,Fuerza Popular,24,213,253,22,18,324,contabilizada
M00314-04,D00314,EG2026-PRES,ORG02,Juntos por el Peru,20,213,253,22,18,324,contabilizada
M00314-04,D00314,EG2026-PRES,ORG03,Renovacion Popular,34,213,253,22,18,324,contabilizada
M00314-04,D00314,EG2026-PRES,ORG04,Partido del Buen Gobierno,25,213,253,22,18,324,contabilizada
M00314-04,D00314,EG2026-PRES,ORG05,Otros,110,213,253,22,18,324,contabilizada
M00314-05,D00314,EG2026-PRES,ORG01,Fuerza Popular,29,163,196,9,24,249,contabilizada
M00314-05,D00314,EG2026-PRES,ORG02,Juntos por el Peru,17,163,196,9,24,249,contabilizada
M00314-05,D00314,EG2026-PRES,ORG03,Renovacion Popular,28,163,196,9,24,249,contabilizada
M00314-05,D00314,EG2026-PRES,ORG04,Partido del Buen Gobierno,24,163,196,9,24,249,contabilizada
M00314-05,D00314,EG2026-PRES,ORG05,Otros,65,163,196,9,24,249,contabilizada
M00315-01,D00315,EG2026-PRES,ORG01,Fuerza Popular,24,122,142,7,13,180,contabilizada
M00315-01,D00315,EG2026-PRES,ORG02,Juntos por el Peru,13,122,142,7,13,180,contabilizada
M00315-01,D00315,EG2026-PRES,ORG03,Renovacion Popular,29,122,142,7,13,180,contabilizada
M00315-01,D00315,EG2026-PRES,ORG04,Partido del Buen Gobierno,15,122,142,7,13,180,contabilizada
M00315-01,D00315,EG2026-PRES,ORG05,Otros,41,122,142,7,13,180,contabilizada
M00315-02,D00315,EG2026-PRES,ORG01,Fuerza Popular,39,141,165,9,15,240,contabilizada
M00315-02,D00315,EG2026-PRES,ORG02,Juntos por el Peru,9,141,165,9,15,240,contabilizada
M00315-02,D00315,EG2026-PRES,ORG03,Renovacion Popular,21,141,165,9,15,240,contabilizada
M00315-02,D00315,EG2026-PRES,ORG04,Partido del Buen Gobierno,27,141,165,9,15,240,contabilizada
M00315-02,D00315,EG2026-PRES,ORG05,Otros,45,141,165,9,15,240,contabilizada
M00315-03,D00315,EG2026-PRES,ORG01,Fuerza Popular,30,156,190,13,21,246,contabilizada
M00315-03,D00315,EG2026-PRES,ORG02,Juntos por el Peru,19,156,190,13,21,246,contabilizada
M00315-03,D00315,EG2026-PRES,ORG03,Renovacion Popular,28,156,190,13,21,246,contabilizada
M00315-03,D00315,EG2026-PRES,ORG04,Partido del Buen Gobierno,20,156,190,13,21,246,contabilizada
M00315-03,D00315,EG2026-PRES,ORG05,Otros,59,156,190,13,21,246,contabilizada
M00315-04,D00315,EG2026-PRES,ORG01,Fuerza Popular,29,200,244,13,31,339,contabilizada
M00315-04,D00315,EG2026-PRES,ORG02,Juntos por el Peru,28,200,244,13,31,339,contabilizada
M00315-04,D00315,EG2026-PRES,ORG03,Renovacion Popular,47,200,244,13,31,339,contabilizada
M00315-04,D00315,EG2026-PRES,ORG04,Partido del Buen Gobierno,29,200,244,13,31,339,contabilizada
M00315-04,D00315,EG2026-PRES,ORG05,Otros,67,200,244,13,31,339,contabilizada
M00316-01,D00316,EG2026-PRES,ORG01,Fuerza Popular,27,165,201,12,24,235,contabilizada
M00316-01,D00316,EG2026-PRES,ORG02,Juntos por el Peru,17,165,201,12,24,235,contabilizada
M00316-01,D00316,EG2026-PRES,ORG03,Renovacion Popular,24,165,201,12,24,235,contabilizada
M00316-01,D00316,EG2026-PRES,ORG04,Partido del Buen Gobierno,17,165,201,12,24,235,contabilizada
M00316-01,D00316,EG2026-PRES,ORG05,Otros,80,165,201,12,24,235,contabilizada
M00316-02,D00316,EG2026-PRES,ORG01,Fuerza Popular,35,220,259,13,26,340,contabilizada
M00316-02,D00316,EG2026-PRES,ORG02,Juntos por el Peru,29,220,259,13,26,340,contabilizada
M00316-02,D00316,EG2026-PRES,ORG03,Renovacion Popular,27,220,259,13,26,340,contabilizada
M00316-02,D00316,EG2026-PRES,ORG04,Partido del Buen Gobierno,28,220,259,13,26,340,contabilizada
M00316-02,D00316,EG2026-PRES,ORG05,Otros,101,220,259,13,26,340,contabilizada
M00316-03,D00316,EG2026-PRES,ORG01,Fuerza Popular,40,208,253,22,23,399,contabilizada
M00316-03,D00316,EG2026-PRES,ORG02,Juntos por el Peru,28,208,253,22,23,399,contabilizada
M00316-03,D00316,EG2026-PRES,ORG03,Renovacion Popular,37,208,253,22,23,399,contabilizada
M00316-03,D00316,EG2026-PRES,ORG04,Partido del Buen Gobierno,13,208,253,22,23,399,contabilizada
M00316-03,D00316,EG2026-PRES,ORG05,Otros,90,208,253,22,23,399,contabilizada
M00317-01,D00317,EG2026-PRES,ORG01,Fuerza Popular,46,209,244,8,27,317,observada
M00317-01,D00317,EG2026-PRES,ORG02,Juntos por el Peru,28,209,244,8,27,317,observada
M00317-01,D00317,EG2026-PRES,ORG03,Renovacion Popular,38,209,244,8,27,317,observada
M00317-01,D00317,EG2026-PRES,ORG04,Partido del Buen Gobierno,24,209,244,8,27,317,observada
M00317-01,D00317,EG2026-PRES,ORG05,Otros,73,209,244,8,27,317,observada
M00317-02,D00317,EG2026-PRES,ORG01,Fuerza Popular,40,209,248,19,20,324,contabilizada
M00317-02,D00317,EG2026-PRES,ORG02,Juntos por el Peru,23,209,248,19,20,324,contabilizada
M00317-02,D00317,EG2026-PRES,ORG03,Renovacion Popular,43,209,248,19,20,324,contabilizada
M00317-02,D00317,EG2026-PRES,ORG04,Partido del Buen Gobierno,20,209,248,19,20,324,contabilizada
M00317-02,D00317,EG2026-PRES,ORG05,Otros,83,209,248,19,20,324,contabilizada
M00317-03,D00317,EG2026-PRES,ORG01,Fuerza Popular,25,127,150,4,19,192,contabilizada
M00317-03,D00317,EG2026-PRES,ORG02,Juntos por el Peru,16,127,150,4,19,192,contabilizada
M00317-03,D00317,EG2026-PRES,ORG03,Renovacion Popular,20,127,150,4,19,192,contabilizada
M00317-03,D00317,EG2026-PRES,ORG04,Partido del Buen Gobierno,12,127,150,4,19,192,contabilizada
M00317-03,D00317,EG2026-PRES,ORG05,Otros,54,127,150,4,19,192,contabilizada
M00317-04,D00317,EG2026-PRES,ORG01,Fuerza Popular,42,235,276,12,29,403,contabilizada
M00317-04,D00317,EG2026-PRES,ORG02,Juntos por el Peru,28,235,276,12,29,403,contabilizada
M00317-04,D00317,EG2026-PRES,ORG03,Renovacion Popular,35,235,276,12,29,403,contabilizada
M00317-04,D00317,EG2026-PRES,ORG04,Partido del Buen Gobierno,47,235,276,12,29,403,contabilizada
M00317-04,D00317,EG2026-PRES,ORG05,Otros,83,235,276,12,29,403,contabilizada
M00317-05,D00317,EG2026-PRES,ORG01,Fuerza Popular,31,202,236,11,23,374,contabilizada
M00317-05,D00317,EG2026-PRES,ORG02,Juntos por el Peru,26,202,236,11,23,374,contabilizada
M00317-05,D00317,EG2026-PRES,ORG03,Renovacion Popular,38,202,236,11,23,374,contabilizada
M00317-05,D00317,EG2026-PRES,ORG04,Partido del Buen Gobierno,29,202,236,11,23,374,contabilizada
M00317-05,D00317,EG2026-PRES,ORG05,Otros,78,202,236,11,23,374,contabilizada
M00317-06,D00317,EG2026-PRES,ORG01,Fuerza Popular,26,139,165,10,16,199,contabilizada
M00317-06,D00317,EG2026-PRES,ORG02,Juntos por el Peru,17,139,165,10,16,199,contabilizada
M00317-06,D00317,EG2026-PRES,ORG03,Renovacion Popular,28,139,165,10,16,199,contabilizada
M00317-06,D00317,EG2026-PRES,ORG04,Partido del Buen Gobierno,16,139,165,10,16,199,contabilizada
M00317-06,D00317,EG2026-PRES,ORG05,Otros,52,139,165,10,16,199,contabilizada
M00318-01,D00318,EG2026-PRES,ORG01,Fuerza Popular,29,255,298,14,29,417,contabilizada
M00318-01,D00318,EG2026-PRES,ORG02,Juntos por el Peru,79,255,298,14,29,417,contabilizada
M00318-01,D00318,EG2026-PRES,ORG03,Renovacion Popular,18,255,298,14,29,417,contabilizada
M00318-01,D00318,EG2026-PRES,ORG04,Partido del Buen Gobierno,27,255,298,14,29,417,contabilizada
M00318-01,D00318,EG2026-PRES,ORG05,Otros,102,255,298,14,29,417,contabilizada
M00318-02,D00318,EG2026-PRES,ORG01,Fuerza Popular,36,251,280,6,23,386,contabilizada
M00318-02,D00318,EG2026-PRES,ORG02,Juntos por el Peru,60,251,280,6,23,386,contabilizada
M00318-02,D00318,EG2026-PRES,ORG03,Renovacion Popular,26,251,280,6,23,386,contabilizada
M00318-02,D00318,EG2026-PRES,ORG04,Partido del Buen Gobierno,31,251,280,6,23,386,contabilizada
M00318-02,D00318,EG2026-PRES,ORG05,Otros,98,251,280,6,23,386,contabilizada
M00318-03,D00318,EG2026-PRES,ORG01,Fuerza Popular,26,148,167,5,14,210,contabilizada
M00318-03,D00318,EG2026-PRES,ORG02,Juntos por el Peru,34,148,167,5,14,210,contabilizada
M00318-03,D00318,EG2026-PRES,ORG03,Renovacion Popular,9,148,167,5,14,210,contabilizada
M00318-03,D00318,EG2026-PRES,ORG04,Partido del Buen Gobierno,14,148,167,5,14,210,contabilizada
M00318-03,D00318,EG2026-PRES,ORG05,Otros,65,148,167,5,14,210,contabilizada
M00318-04,D00318,EG2026-PRES,ORG01,Fuerza Popular,26,188,224,12,24,271,contabilizada
M00318-04,D00318,EG2026-PRES,ORG02,Juntos por el Peru,46,188,224,12,24,271,contabilizada
M00318-04,D00318,EG2026-PRES,ORG03,Renovacion Popular,14,188,224,12,24,271,contabilizada
M00318-04,D00318,EG2026-PRES,ORG04,Partido del Buen Gobierno,21,188,224,12,24,271,contabilizada
M00318-04,D00318,EG2026-PRES,ORG05,Otros,81,188,224,12,24,271,contabilizada
M00318-05,D00318,EG2026-PRES,ORG01,Fuerza Popular,20,147,174,9,18,211,contabilizada
M00318-05,D00318,EG2026-PRES,ORG02,Juntos por el Peru,34,147,174,9,18,211,contabilizada
M00318-05,D00318,EG2026-PRES,ORG03,Renovacion Popular,11,147,174,9,18,211,contabilizada
M00318-05,D00318,EG2026-PRES,ORG04,Partido del Buen Gobierno,17,147,174,9,18,211,contabilizada
M00318-05,D00318,EG2026-PRES,ORG05,Otros,65,147,174,9,18,211,contabilizada
M00319-01,D00319,EG2026-PRES,ORG01,Fuerza Popular,32,209,262,24,29,365,contabilizada
M00319-01,D00319,EG2026-PRES,ORG02,Juntos por el Peru,36,209,262,24,29,365,contabilizada
M00319-01,D00319,EG2026-PRES,ORG03,Renovacion Popular,19,209,262,24,29,365,contabilizada
M00319-01,D00319,EG2026-PRES,ORG04,Partido del Buen Gobierno,22,209,262,24,29,365,contabilizada
M00319-01,D00319,EG2026-PRES,ORG05,Otros,100,209,262,24,29,365,contabilizada
M00319-02,D00319,EG2026-PRES,ORG01,Fuerza Popular,48,312,335,9,14,415,contabilizada
M00319-02,D00319,EG2026-PRES,ORG02,Juntos por el Peru,75,312,335,9,14,415,contabilizada
M00319-02,D00319,EG2026-PRES,ORG03,Renovacion Popular,23,312,335,9,14,415,contabilizada
M00319-02,D00319,EG2026-PRES,ORG04,Partido del Buen Gobierno,40,312,335,9,14,415,contabilizada
M00319-02,D00319,EG2026-PRES,ORG05,Otros,126,312,335,9,14,415,contabilizada
M00320-01,D00320,EG2026-PRES,ORG01,Fuerza Popular,20,175,199,4,20,272,contabilizada
M00320-01,D00320,EG2026-PRES,ORG02,Juntos por el Peru,37,175,199,4,20,272,contabilizada
M00320-01,D00320,EG2026-PRES,ORG03,Renovacion Popular,8,175,199,4,20,272,contabilizada
M00320-01,D00320,EG2026-PRES,ORG04,Partido del Buen Gobierno,21,175,199,4,20,272,contabilizada
M00320-01,D00320,EG2026-PRES,ORG05,Otros,89,175,199,4,20,272,contabilizada
M00320-02,D00320,EG2026-PRES,ORG01,Fuerza Popular,22,175,206,10,21,263,contabilizada
M00320-02,D00320,EG2026-PRES,ORG02,Juntos por el Peru,41,175,206,10,21,263,contabilizada
M00320-02,D00320,EG2026-PRES,ORG03,Renovacion Popular,11,175,206,10,21,263,contabilizada
M00320-02,D00320,EG2026-PRES,ORG04,Partido del Buen Gobierno,17,175,206,10,21,263,contabilizada
M00320-02,D00320,EG2026-PRES,ORG05,Otros,84,175,206,10,21,263,contabilizada
M00320-03,D00320,EG2026-PRES,ORG01,Fuerza Popular,30,230,265,16,19,342,contabilizada
M00320-03,D00320,EG2026-PRES,ORG02,Juntos por el Peru,51,230,265,16,19,342,contabilizada
M00320-03,D00320,EG2026-PRES,ORG03,Renovacion Popular,20,230,265,16,19,342,contabilizada
M00320-03,D00320,EG2026-PRES,ORG04,Partido del Buen Gobierno,19,230,265,16,19,342,contabilizada
M00320-03,D00320,EG2026-PRES,ORG05,Otros,110,230,265,16,19,342,contabilizada
M00320-04,D00320,EG2026-PRES,ORG01,Fuerza Popular,28,257,300,17,26,382,contabilizada
M00320-04,D00320,EG2026-PRES,ORG02,Juntos por el Peru,47,257,300,17,26,382,contabilizada
M00320-04,D00320,EG2026-PRES,ORG03,Renovacion Popular,19,257,300,17,26,382,contabilizada
M00320-04,D00320,EG2026-PRES,ORG04,Partido del Buen Gobierno,27,257,300,17,26,382,contabilizada
M00320-04,D00320,EG2026-PRES,ORG05,Otros,136,257,300,17,26,382,contabilizada
M00320-05,D00320,EG2026-PRES,ORG01,Fuerza Popular,29,227,259,8,24,306,contabilizada
M00320-05,D00320,EG2026-PRES,ORG02,Juntos por el Peru,51,227,259,8,24,306,contabilizada
M00320-05,D00320,EG2026-PRES,ORG03,Renovacion Popular,25,227,259,8,24,306,contabilizada
M00320-05,D00320,EG2026-PRES,ORG04,Partido del Buen Gobierno,27,227,259,8,24,306,contabilizada
M00320-05,D00320,EG2026-PRES,ORG05,Otros,95,227,259,8,24,306,contabilizada
M00320-06,D00320,EG2026-PRES,ORG01,Fuerza Popular,11,138,178,17,23,260,contabilizada
M00320-06,D00320,EG2026-PRES,ORG02,Juntos por el Peru,36,138,178,17,23,260,contabilizada
M00320-06,D00320,EG2026-PRES,ORG03,Renovacion Popular,11,138,178,17,23,260,contabilizada
M00320-06,D00320,EG2026-PRES,ORG04,Partido del Buen Gobierno,15,138,178,17,23,260,contabilizada
M00320-06,D00320,EG2026-PRES,ORG05,Otros,65,138,178,17,23,260,contabilizada
M00321-01,D00321,EG2026-PRES,ORG01,Fuerza Popular,27,133,155,10,12,204,contabilizada
M00321-01,D00321,EG2026-PRES,ORG02,Juntos por el Peru,18,133,155,10,12,204,contabilizada
M00321-01,D00321,EG2026-PRES,ORG03,Renovacion Popular,19,133,155,10,12,204,contabilizada
M00321-01,D00321,EG2026-PRES,ORG04,Partido del Buen Gobierno,17,133,155,10,12,204,contabilizada
M00321-01,D00321,EG2026-PRES,ORG05,Otros,52,133,155,10,12,204,contabilizada
M00321-02,D00321,EG2026-PRES,ORG01,Fuerza Popular,33,193,214,8,13,250,observada
M00321-02,D00321,EG2026-PRES,ORG02,Juntos por el Peru,23,193,214,8,13,250,observada
M00321-02,D00321,EG2026-PRES,ORG03,Renovacion Popular,23,193,214,8,13,250,observada
M00321-02,D00321,EG2026-PRES,ORG04,Partido del Buen Gobierno,29,193,214,8,13,250,observada
M00321-02,D00321,EG2026-PRES,ORG05,Otros,85,193,214,8,13,250,observada
M00321-03,D00321,EG2026-PRES,ORG01,Fuerza Popular,27,142,161,13,6,238,contabilizada
M00321-03,D00321,EG2026-PRES,ORG02,Juntos por el Peru,26,142,161,13,6,238,contabilizada
M00321-03,D00321,EG2026-PRES,ORG03,Renovacion Popular,25,142,161,13,6,238,contabilizada
M00321-03,D00321,EG2026-PRES,ORG04,Partido del Buen Gobierno,11,142,161,13,6,238,contabilizada
M00321-03,D00321,EG2026-PRES,ORG05,Otros,53,142,161,13,6,238,contabilizada
M00321-04,D00321,EG2026-PRES,ORG01,Fuerza Popular,20,102,116,5,9,188,observada
M00321-04,D00321,EG2026-PRES,ORG02,Juntos por el Peru,13,102,116,5,9,188,observada
M00321-04,D00321,EG2026-PRES,ORG03,Renovacion Popular,15,102,116,5,9,188,observada
M00321-04,D00321,EG2026-PRES,ORG04,Partido del Buen Gobierno,12,102,116,5,9,188,observada
M00321-04,D00321,EG2026-PRES,ORG05,Otros,42,102,116,5,9,188,observada
M00321-05,D00321,EG2026-PRES,ORG01,Fuerza Popular,21,147,170,9,14,257,contabilizada
M00321-05,D00321,EG2026-PRES,ORG02,Juntos por el Peru,20,147,170,9,14,257,contabilizada
M00321-05,D00321,EG2026-PRES,ORG03,Renovacion Popular,26,147,170,9,14,257,contabilizada
M00321-05,D00321,EG2026-PRES,ORG04,Partido del Buen Gobierno,17,147,170,9,14,257,contabilizada
M00321-05,D00321,EG2026-PRES,ORG05,Otros,63,147,170,9,14,257,contabilizada
M00321-06,D00321,EG2026-PRES,ORG01,Fuerza Popular,41,225,271,21,25,318,contabilizada
M00321-06,D00321,EG2026-PRES,ORG02,Juntos por el Peru,34,225,271,21,25,318,contabilizada
M00321-06,D00321,EG2026-PRES,ORG03,Renovacion Popular,33,225,271,21,25,318,contabilizada
M00321-06,D00321,EG2026-PRES,ORG04,Partido del Buen Gobierno,32,225,271,21,25,318,contabilizada
M00321-06,D00321,EG2026-PRES,ORG05,Otros,85,225,271,21,25,318,contabilizada
M00322-01,D00322,EG2026-PRES,ORG01,Fuerza Popular,44,166,192,9,17,250,contabilizada
M00322-01,D00322,EG2026-PRES,ORG02,Juntos por el Peru,17,166,192,9,17,250,contabilizada
M00322-01,D00322,EG2026-PRES,ORG03,Renovacion Popular,30,166,192,9,17,250,contabilizada
M00322-01,D00322,EG2026-PRES,ORG04,Partido del Buen Gobierno,21,166,192,9,17,250,contabilizada
M00322-01,D00322,EG2026-PRES,ORG05,Otros,54,166,192,9,17,250,contabilizada
M00322-02,D00322,EG2026-PRES,ORG01,Fuerza Popular,48,236,277,18,23,357,observada
M00322-02,D00322,EG2026-PRES,ORG02,Juntos por el Peru,19,236,277,18,23,357,observada
M00322-02,D00322,EG2026-PRES,ORG03,Renovacion Popular,39,236,277,18,23,357,observada
M00322-02,D00322,EG2026-PRES,ORG04,Partido del Buen Gobierno,39,236,277,18,23,357,observada
M00322-02,D00322,EG2026-PRES,ORG05,Otros,91,236,277,18,23,357,observada
M00322-03,D00322,EG2026-PRES,ORG01,Fuerza Popular,40,195,229,11,23,390,contabilizada
M00322-03,D00322,EG2026-PRES,ORG02,Juntos por el Peru,24,195,229,11,23,390,contabilizada
M00322-03,D00322,EG2026-PRES,ORG03,Renovacion Popular,30,195,229,11,23,390,contabilizada
M00322-03,D00322,EG2026-PRES,ORG04,Partido del Buen Gobierno,23,195,229,11,23,390,contabilizada
M00322-03,D00322,EG2026-PRES,ORG05,Otros,78,195,229,11,23,390,contabilizada
M00323-01,D00323,EG2026-PRES,ORG01,Fuerza Popular,27,253,289,15,21,386,contabilizada
M00323-01,D00323,EG2026-PRES,ORG02,Juntos por el Peru,69,253,289,15,21,386,contabilizada
M00323-01,D00323,EG2026-PRES,ORG03,Renovacion Popular,14,253,289,15,21,386,contabilizada
M00323-01,D00323,EG2026-PRES,ORG04,Partido del Buen Gobierno,35,253,289,15,21,386,contabilizada
M00323-01,D00323,EG2026-PRES,ORG05,Otros,108,253,289,15,21,386,contabilizada
M00323-02,D00323,EG2026-PRES,ORG01,Fuerza Popular,25,176,209,12,21,300,contabilizada
M00323-02,D00323,EG2026-PRES,ORG02,Juntos por el Peru,34,176,209,12,21,300,contabilizada
M00323-02,D00323,EG2026-PRES,ORG03,Renovacion Popular,17,176,209,12,21,300,contabilizada
M00323-02,D00323,EG2026-PRES,ORG04,Partido del Buen Gobierno,14,176,209,12,21,300,contabilizada
M00323-02,D00323,EG2026-PRES,ORG05,Otros,86,176,209,12,21,300,contabilizada
M00323-03,D00323,EG2026-PRES,ORG01,Fuerza Popular,44,273,315,21,21,405,contabilizada
M00323-03,D00323,EG2026-PRES,ORG02,Juntos por el Peru,53,273,315,21,21,405,contabilizada
M00323-03,D00323,EG2026-PRES,ORG03,Renovacion Popular,28,273,315,21,21,405,contabilizada
M00323-03,D00323,EG2026-PRES,ORG04,Partido del Buen Gobierno,25,273,315,21,21,405,contabilizada
M00323-03,D00323,EG2026-PRES,ORG05,Otros,123,273,315,21,21,405,contabilizada
M00323-04,D00323,EG2026-PRES,ORG01,Fuerza Popular,20,157,185,8,20,241,contabilizada
M00323-04,D00323,EG2026-PRES,ORG02,Juntos por el Peru,33,157,185,8,20,241,contabilizada
M00323-04,D00323,EG2026-PRES,ORG03,Renovacion Popular,8,157,185,8,20,241,contabilizada
M00323-04,D00323,EG2026-PRES,ORG04,Partido del Buen Gobierno,17,157,185,8,20,241,contabilizada
M00323-04,D00323,EG2026-PRES,ORG05,Otros,79,157,185,8,20,241,contabilizada
M00324-01,D00324,EG2026-PRES,ORG01,Fuerza Popular,22,211,231,7,13,268,contabilizada
M00324-01,D00324,EG2026-PRES,ORG02,Juntos por el Peru,48,211,231,7,13,268,contabilizada
M00324-01,D00324,EG2026-PRES,ORG03,Renovacion Popular,14,211,231,7,13,268,contabilizada
M00324-01,D00324,EG2026-PRES,ORG04,Partido del Buen Gobierno,27,211,231,7,13,268,contabilizada
M00324-01,D00324,EG2026-PRES,ORG05,Otros,100,211,231,7,13,268,contabilizada
M00324-02,D00324,EG2026-PRES,ORG01,Fuerza Popular,34,259,292,16,17,416,contabilizada
M00324-02,D00324,EG2026-PRES,ORG02,Juntos por el Peru,46,259,292,16,17,416,contabilizada
M00324-02,D00324,EG2026-PRES,ORG03,Renovacion Popular,14,259,292,16,17,416,contabilizada
M00324-02,D00324,EG2026-PRES,ORG04,Partido del Buen Gobierno,27,259,292,16,17,416,contabilizada
M00324-02,D00324,EG2026-PRES,ORG05,Otros,138,259,292,16,17,416,contabilizada
M00324-03,D00324,EG2026-PRES,ORG01,Fuerza Popular,25,202,233,7,24,315,contabilizada
M00324-03,D00324,EG2026-PRES,ORG02,Juntos por el Peru,58,202,233,7,24,315,contabilizada
M00324-03,D00324,EG2026-PRES,ORG03,Renovacion Popular,16,202,233,7,24,315,contabilizada
M00324-03,D00324,EG2026-PRES,ORG04,Partido del Buen Gobierno,21,202,233,7,24,315,contabilizada
M00324-03,D00324,EG2026-PRES,ORG05,Otros,82,202,233,7,24,315,contabilizada
M00324-04,D00324,EG2026-PRES,ORG01,Fuerza Popular,20,164,193,13,16,243,contabilizada
M00324-04,D00324,EG2026-PRES,ORG02,Juntos por el Peru,30,164,193,13,16,243,contabilizada
M00324-04,D00324,EG2026-PRES,ORG03,Renovacion Popular,14,164,193,13,16,243,contabilizada
M00324-04,D00324,EG2026-PRES,ORG04,Partido del Buen Gobierno,14,164,193,13,16,243,contabilizada
M00324-04,D00324,EG2026-PRES,ORG05,Otros,86,164,193,13,16,243,contabilizada
M00324-05,D00324,EG2026-PRES,ORG01,Fuerza Popular,19,168,197,11,18,250,contabilizada
M00324-05,D00324,EG2026-PRES,ORG02,Juntos por el Peru,37,168,197,11,18,250,contabilizada
M00324-05,D00324,EG2026-PRES,ORG03,Renovacion Popular,15,168,197,11,18,250,contabilizada
M00324-05,D00324,EG2026-PRES,ORG04,Partido del Buen Gobierno,23,168,197,11,18,250,contabilizada
M00324-05,D00324,EG2026-PRES,ORG05,Otros,74,168,197,11,18,250,contabilizada
M00324-06,D00324,EG2026-PRES,ORG01,Fuerza Popular,33,242,289,16,31,333,contabilizada
M00324-06,D00324,EG2026-PRES,ORG02,Juntos por el Peru,62,242,289,16,31,333,contabilizada
M00324-06,D00324,EG2026-PRES,ORG03,Renovacion Popular,18,242,289,16,31,333,contabilizada
M00324-06,D00324,EG2026-PRES,ORG04,Partido del Buen Gobierno,28,242,289,16,31,333,contabilizada
M00324-06,D00324,EG2026-PRES,ORG05,Otros,101,242,289,16,31,333,contabilizada
M00325-01,D00325,EG2026-PRES,ORG01,Fuerza Popular,34,225,262,19,18,354,contabilizada
M00325-01,D00325,EG2026-PRES,ORG02,Juntos por el Peru,38,225,262,19,18,354,contabilizada
M00325-01,D00325,EG2026-PRES,ORG03,Renovacion Popular,34,225,262,19,18,354,contabilizada
M00325-01,D00325,EG2026-PRES,ORG04,Partido del Buen Gobierno,32,225,262,19,18,354,contabilizada
M00325-01,D00325,EG2026-PRES,ORG05,Otros,87,225,262,19,18,354,contabilizada
M00325-02,D00325,EG2026-PRES,ORG01,Fuerza Popular,39,245,281,21,15,390,contabilizada
M00325-02,D00325,EG2026-PRES,ORG02,Juntos por el Peru,35,245,281,21,15,390,contabilizada
M00325-02,D00325,EG2026-PRES,ORG03,Renovacion Popular,36,245,281,21,15,390,contabilizada
M00325-02,D00325,EG2026-PRES,ORG04,Partido del Buen Gobierno,30,245,281,21,15,390,contabilizada
M00325-02,D00325,EG2026-PRES,ORG05,Otros,105,245,281,21,15,390,contabilizada
M00325-03,D00325,EG2026-PRES,ORG01,Fuerza Popular,27,157,190,18,15,317,observada
M00325-03,D00325,EG2026-PRES,ORG02,Juntos por el Peru,33,157,190,18,15,317,observada
M00325-03,D00325,EG2026-PRES,ORG03,Renovacion Popular,29,157,190,18,15,317,observada
M00325-03,D00325,EG2026-PRES,ORG04,Partido del Buen Gobierno,23,157,190,18,15,317,observada
M00325-03,D00325,EG2026-PRES,ORG05,Otros,45,157,190,18,15,317,observada
M00325-04,D00325,EG2026-PRES,ORG01,Fuerza Popular,29,186,224,15,23,362,contabilizada
M00325-04,D00325,EG2026-PRES,ORG02,Juntos por el Peru,34,186,224,15,23,362,contabilizada
M00325-04,D00325,EG2026-PRES,ORG03,Renovacion Popular,26,186,224,15,23,362,contabilizada
M00325-04,D00325,EG2026-PRES,ORG04,Partido del Buen Gobierno,22,186,224,15,23,362,contabilizada
M00325-04,D00325,EG2026-PRES,ORG05,Otros,75,186,224,15,23,362,contabilizada
M00325-05,D00325,EG2026-PRES,ORG01,Fuerza Popular,22,126,152,13,13,229,contabilizada
M00325-05,D00325,EG2026-PRES,ORG02,Juntos por el Peru,15,126,152,13,13,229,contabilizada
M00325-05,D00325,EG2026-PRES,ORG03,Renovacion Popular,14,126,152,13,13,229,contabilizada
M00325-05,D00325,EG2026-PRES,ORG04,Partido del Buen Gobierno,17,126,152,13,13,229,contabilizada
M00325-05,D00325,EG2026-PRES,ORG05,Otros,58,126,152,13,13,229,contabilizada
M00326-01,D00326,EG2026-PRES,ORG01,Fuerza Popular,23,145,178,10,23,243,contabilizada
M00326-01,D00326,EG2026-PRES,ORG02,Juntos por el Peru,26,145,178,10,23,243,contabilizada
M00326-01,D00326,EG2026-PRES,ORG03,Renovacion Popular,27,145,178,10,23,243,contabilizada
M00326-01,D00326,EG2026-PRES,ORG04,Partido del Buen Gobierno,19,145,178,10,23,243,contabilizada
M00326-01,D00326,EG2026-PRES,ORG05,Otros,50,145,178,10,23,243,contabilizada
M00326-02,D00326,EG2026-PRES,ORG01,Fuerza Popular,42,252,301,17,32,376,observada
M00326-02,D00326,EG2026-PRES,ORG02,Juntos por el Peru,46,252,301,17,32,376,observada
M00326-02,D00326,EG2026-PRES,ORG03,Renovacion Popular,42,252,301,17,32,376,observada
M00326-02,D00326,EG2026-PRES,ORG04,Partido del Buen Gobierno,35,252,301,17,32,376,observada
M00326-02,D00326,EG2026-PRES,ORG05,Otros,87,252,301,17,32,376,observada
M00326-03,D00326,EG2026-PRES,ORG01,Fuerza Popular,28,194,235,15,26,301,contabilizada
M00326-03,D00326,EG2026-PRES,ORG02,Juntos por el Peru,34,194,235,15,26,301,contabilizada
M00326-03,D00326,EG2026-PRES,ORG03,Renovacion Popular,33,194,235,15,26,301,contabilizada
M00326-03,D00326,EG2026-PRES,ORG04,Partido del Buen Gobierno,26,194,235,15,26,301,contabilizada
M00326-03,D00326,EG2026-PRES,ORG05,Otros,73,194,235,15,26,301,contabilizada
M00326-04,D00326,EG2026-PRES,ORG01,Fuerza Popular,35,205,235,14,16,302,contabilizada
M00326-04,D00326,EG2026-PRES,ORG02,Juntos por el Peru,20,205,235,14,16,302,contabilizada
M00326-04,D00326,EG2026-PRES,ORG03,Renovacion Popular,31,205,235,14,16,302,contabilizada
M00326-04,D00326,EG2026-PRES,ORG04,Partido del Buen Gobierno,27,205,235,14,16,302,contabilizada
M00326-04,D00326,EG2026-PRES,ORG05,Otros,92,205,235,14,16,302,contabilizada
M00326-05,D00326,EG2026-PRES,ORG01,Fuerza Popular,34,203,245,13,29,339,contabilizada
M00326-05,D00326,EG2026-PRES,ORG02,Juntos por el Peru,32,203,245,13,29,339,contabilizada
M00326-05,D00326,EG2026-PRES,ORG03,Renovacion Popular,28,203,245,13,29,339,contabilizada
M00326-05,D00326,EG2026-PRES,ORG04,Partido del Buen Gobierno,29,203,245,13,29,339,contabilizada
M00326-05,D00326,EG2026-PRES,ORG05,Otros,80,203,245,13,29,339,contabilizada
M00326-06,D00326,EG2026-PRES,ORG01,Fuerza Popular,20,199,240,16,25,312,contabilizada
M00326-06,D00326,EG2026-PRES,ORG02,Juntos por el Peru,28,199,240,16,25,312,contabilizada
M00326-06,D00326,EG2026-PRES,ORG03,Renovacion Popular,21,199,240,16,25,312,contabilizada
M00326-06,D00326,EG2026-PRES,ORG04,Partido del Buen Gobierno,25,199,240,16,25,312,contabilizada
M00326-06,D00326,EG2026-PRES,ORG05,Otros,105,199,240,16,25,312,contabilizada
M00327-01,D00327,EG2026-PRES,ORG01,Fuerza Popular,24,146,160,9,5,221,contabilizada
M00327-01,D00327,EG2026-PRES,ORG02,Juntos por el Peru,22,146,160,9,5,221,contabilizada
M00327-01,D00327,EG2026-PRES,ORG03,Renovacion Popular,26,146,160,9,5,221,contabilizada
M00327-01,D00327,EG2026-PRES,ORG04,Partido del Buen Gobierno,20,146,160,9,5,221,contabilizada
M00327-01,D00327,EG2026-PRES,ORG05,Otros,54,146,160,9,5,221,contabilizada
M00327-02,D00327,EG2026-PRES,ORG01,Fuerza Popular,24,153,185,15,17,235,contabilizada
M00327-02,D00327,EG2026-PRES,ORG02,Juntos por el Peru,21,153,185,15,17,235,contabilizada
M00327-02,D00327,EG2026-PRES,ORG03,Renovacion Popular,19,153,185,15,17,235,contabilizada
M00327-02,D00327,EG2026-PRES,ORG04,Partido del Buen Gobierno,18,153,185,15,17,235,contabilizada
M00327-02,D00327,EG2026-PRES,ORG05,Otros,71,153,185,15,17,235,contabilizada
M00327-03,D00327,EG2026-PRES,ORG01,Fuerza Popular,24,142,173,14,17,215,observada
M00327-03,D00327,EG2026-PRES,ORG02,Juntos por el Peru,17,142,173,14,17,215,observada
M00327-03,D00327,EG2026-PRES,ORG03,Renovacion Popular,20,142,173,14,17,215,observada
M00327-03,D00327,EG2026-PRES,ORG04,Partido del Buen Gobierno,18,142,173,14,17,215,observada
M00327-03,D00327,EG2026-PRES,ORG05,Otros,63,142,173,14,17,215,observada
M00328-01,D00328,EG2026-PRES,ORG01,Fuerza Popular,37,250,301,16,35,385,contabilizada
M00328-01,D00328,EG2026-PRES,ORG02,Juntos por el Peru,36,250,301,16,35,385,contabilizada
M00328-01,D00328,EG2026-PRES,ORG03,Renovacion Popular,24,250,301,16,35,385,contabilizada
M00328-01,D00328,EG2026-PRES,ORG04,Partido del Buen Gobierno,35,250,301,16,35,385,contabilizada
M00328-01,D00328,EG2026-PRES,ORG05,Otros,118,250,301,16,35,385,contabilizada
M00328-02,D00328,EG2026-PRES,ORG01,Fuerza Popular,43,273,321,12,36,399,contabilizada
M00328-02,D00328,EG2026-PRES,ORG02,Juntos por el Peru,32,273,321,12,36,399,contabilizada
M00328-02,D00328,EG2026-PRES,ORG03,Renovacion Popular,31,273,321,12,36,399,contabilizada
M00328-02,D00328,EG2026-PRES,ORG04,Partido del Buen Gobierno,35,273,321,12,36,399,contabilizada
M00328-02,D00328,EG2026-PRES,ORG05,Otros,132,273,321,12,36,399,contabilizada
M00329-01,D00329,EG2026-PRES,ORG01,Fuerza Popular,28,271,322,17,34,413,contabilizada
M00329-01,D00329,EG2026-PRES,ORG02,Juntos por el Peru,63,271,322,17,34,413,contabilizada
M00329-01,D00329,EG2026-PRES,ORG03,Renovacion Popular,16,271,322,17,34,413,contabilizada
M00329-01,D00329,EG2026-PRES,ORG04,Partido del Buen Gobierno,31,271,322,17,34,413,contabilizada
M00329-01,D00329,EG2026-PRES,ORG05,Otros,133,271,322,17,34,413,contabilizada
M00329-02,D00329,EG2026-PRES,ORG01,Fuerza Popular,26,174,207,11,22,319,contabilizada
M00329-02,D00329,EG2026-PRES,ORG02,Juntos por el Peru,40,174,207,11,22,319,contabilizada
M00329-02,D00329,EG2026-PRES,ORG03,Renovacion Popular,14,174,207,11,22,319,contabilizada
M00329-02,D00329,EG2026-PRES,ORG04,Partido del Buen Gobierno,13,174,207,11,22,319,contabilizada
M00329-02,D00329,EG2026-PRES,ORG05,Otros,81,174,207,11,22,319,contabilizada
M00329-03,D00329,EG2026-PRES,ORG01,Fuerza Popular,30,215,265,14,36,326,contabilizada
M00329-03,D00329,EG2026-PRES,ORG02,Juntos por el Peru,44,215,265,14,36,326,contabilizada
M00329-03,D00329,EG2026-PRES,ORG03,Renovacion Popular,19,215,265,14,36,326,contabilizada
M00329-03,D00329,EG2026-PRES,ORG04,Partido del Buen Gobierno,23,215,265,14,36,326,contabilizada
M00329-03,D00329,EG2026-PRES,ORG05,Otros,99,215,265,14,36,326,contabilizada
M00329-04,D00329,EG2026-PRES,ORG01,Fuerza Popular,25,235,276,19,22,385,contabilizada
M00329-04,D00329,EG2026-PRES,ORG02,Juntos por el Peru,50,235,276,19,22,385,contabilizada
M00329-04,D00329,EG2026-PRES,ORG03,Renovacion Popular,18,235,276,19,22,385,contabilizada
M00329-04,D00329,EG2026-PRES,ORG04,Partido del Buen Gobierno,23,235,276,19,22,385,contabilizada
M00329-04,D00329,EG2026-PRES,ORG05,Otros,119,235,276,19,22,385,contabilizada
M00330-01,D00330,EG2026-PRES,ORG01,Fuerza Popular,23,187,230,14,29,331,contabilizada
M00330-01,D00330,EG2026-PRES,ORG02,Juntos por el Peru,40,187,230,14,29,331,contabilizada
M00330-01,D00330,EG2026-PRES,ORG03,Renovacion Popular,14,187,230,14,29,331,contabilizada
M00330-01,D00330,EG2026-PRES,ORG04,Partido del Buen Gobierno,27,187,230,14,29,331,contabilizada
M00330-01,D00330,EG2026-PRES,ORG05,Otros,83,187,230,14,29,331,contabilizada
M00330-02,D00330,EG2026-PRES,ORG01,Fuerza Popular,25,188,214,13,13,276,observada
M00330-02,D00330,EG2026-PRES,ORG02,Juntos por el Peru,49,188,214,13,13,276,observada
M00330-02,D00330,EG2026-PRES,ORG03,Renovacion Popular,12,188,214,13,13,276,observada
M00330-02,D00330,EG2026-PRES,ORG04,Partido del Buen Gobierno,17,188,214,13,13,276,observada
M00330-02,D00330,EG2026-PRES,ORG05,Otros,85,188,214,13,13,276,observada
M00330-03,D00330,EG2026-PRES,ORG01,Fuerza Popular,21,177,212,13,22,287,contabilizada
M00330-03,D00330,EG2026-PRES,ORG02,Juntos por el Peru,46,177,212,13,22,287,contabilizada
M00330-03,D00330,EG2026-PRES,ORG03,Renovacion Popular,15,177,212,13,22,287,contabilizada
M00330-03,D00330,EG2026-PRES,ORG04,Partido del Buen Gobierno,26,177,212,13,22,287,contabilizada
M00330-03,D00330,EG2026-PRES,ORG05,Otros,69,177,212,13,22,287,contabilizada
M00330-04,D00330,EG2026-PRES,ORG01,Fuerza Popular,17,117,137,8,12,222,contabilizada
M00330-04,D00330,EG2026-PRES,ORG02,Juntos por el Peru,24,117,137,8,12,222,contabilizada
M00330-04,D00330,EG2026-PRES,ORG03,Renovacion Popular,10,117,137,8,12,222,contabilizada
M00330-04,D00330,EG2026-PRES,ORG04,Partido del Buen Gobierno,17,117,137,8,12,222,contabilizada
M00330-04,D00330,EG2026-PRES,ORG05,Otros,49,117,137,8,12,222,contabilizada
M00331-01,D00331,EG2026-PRES,ORG01,Fuerza Popular,38,250,281,9,22,360,contabilizada
M00331-01,D00331,EG2026-PRES,ORG02,Juntos por el Peru,52,250,281,9,22,360,contabilizada
M00331-01,D00331,EG2026-PRES,ORG03,Renovacion Popular,17,250,281,9,22,360,contabilizada
M00331-01,D00331,EG2026-PRES,ORG04,Partido del Buen Gobierno,32,250,281,9,22,360,contabilizada
M00331-01,D00331,EG2026-PRES,ORG05,Otros,111,250,281,9,22,360,contabilizada
M00331-02,D00331,EG2026-PRES,ORG01,Fuerza Popular,16,150,177,8,19,235,contabilizada
M00331-02,D00331,EG2026-PRES,ORG02,Juntos por el Peru,36,150,177,8,19,235,contabilizada
M00331-02,D00331,EG2026-PRES,ORG03,Renovacion Popular,10,150,177,8,19,235,contabilizada
M00331-02,D00331,EG2026-PRES,ORG04,Partido del Buen Gobierno,17,150,177,8,19,235,contabilizada
M00331-02,D00331,EG2026-PRES,ORG05,Otros,71,150,177,8,19,235,contabilizada
M00331-03,D00331,EG2026-PRES,ORG01,Fuerza Popular,32,276,306,15,15,358,contabilizada
M00331-03,D00331,EG2026-PRES,ORG02,Juntos por el Peru,56,276,306,15,15,358,contabilizada
M00331-03,D00331,EG2026-PRES,ORG03,Renovacion Popular,22,276,306,15,15,358,contabilizada
M00331-03,D00331,EG2026-PRES,ORG04,Partido del Buen Gobierno,28,276,306,15,15,358,contabilizada
M00331-03,D00331,EG2026-PRES,ORG05,Otros,138,276,306,15,15,358,contabilizada
M00331-04,D00331,EG2026-PRES,ORG01,Fuerza Popular,26,206,238,19,13,340,contabilizada
M00331-04,D00331,EG2026-PRES,ORG02,Juntos por el Peru,34,206,238,19,13,340,contabilizada
M00331-04,D00331,EG2026-PRES,ORG03,Renovacion Popular,20,206,238,19,13,340,contabilizada
M00331-04,D00331,EG2026-PRES,ORG04,Partido del Buen Gobierno,33,206,238,19,13,340,contabilizada
M00331-04,D00331,EG2026-PRES,ORG05,Otros,93,206,238,19,13,340,contabilizada
M00331-05,D00331,EG2026-PRES,ORG01,Fuerza Popular,28,208,234,12,14,294,contabilizada
M00331-05,D00331,EG2026-PRES,ORG02,Juntos por el Peru,30,208,234,12,14,294,contabilizada
M00331-05,D00331,EG2026-PRES,ORG03,Renovacion Popular,23,208,234,12,14,294,contabilizada
M00331-05,D00331,EG2026-PRES,ORG04,Partido del Buen Gobierno,17,208,234,12,14,294,contabilizada
M00331-05,D00331,EG2026-PRES,ORG05,Otros,110,208,234,12,14,294,contabilizada
M00332-01,D00332,EG2026-PRES,ORG01,Fuerza Popular,27,156,177,11,10,242,contabilizada
M00332-01,D00332,EG2026-PRES,ORG02,Juntos por el Peru,26,156,177,11,10,242,contabilizada
M00332-01,D00332,EG2026-PRES,ORG03,Renovacion Popular,15,156,177,11,10,242,contabilizada
M00332-01,D00332,EG2026-PRES,ORG04,Partido del Buen Gobierno,16,156,177,11,10,242,contabilizada
M00332-01,D00332,EG2026-PRES,ORG05,Otros,72,156,177,11,10,242,contabilizada
M00332-02,D00332,EG2026-PRES,ORG01,Fuerza Popular,39,195,231,10,26,344,contabilizada
M00332-02,D00332,EG2026-PRES,ORG02,Juntos por el Peru,31,195,231,10,26,344,contabilizada
M00332-02,D00332,EG2026-PRES,ORG03,Renovacion Popular,23,195,231,10,26,344,contabilizada
M00332-02,D00332,EG2026-PRES,ORG04,Partido del Buen Gobierno,19,195,231,10,26,344,contabilizada
M00332-02,D00332,EG2026-PRES,ORG05,Otros,83,195,231,10,26,344,contabilizada
M00332-03,D00332,EG2026-PRES,ORG01,Fuerza Popular,31,198,219,4,17,273,contabilizada
M00332-03,D00332,EG2026-PRES,ORG02,Juntos por el Peru,29,198,219,4,17,273,contabilizada
M00332-03,D00332,EG2026-PRES,ORG03,Renovacion Popular,22,198,219,4,17,273,contabilizada
M00332-03,D00332,EG2026-PRES,ORG04,Partido del Buen Gobierno,27,198,219,4,17,273,contabilizada
M00332-03,D00332,EG2026-PRES,ORG05,Otros,89,198,219,4,17,273,contabilizada
M00332-04,D00332,EG2026-PRES,ORG01,Fuerza Popular,33,200,230,8,22,256,contabilizada
M00332-04,D00332,EG2026-PRES,ORG02,Juntos por el Peru,20,200,230,8,22,256,contabilizada
M00332-04,D00332,EG2026-PRES,ORG03,Renovacion Popular,29,200,230,8,22,256,contabilizada
M00332-04,D00332,EG2026-PRES,ORG04,Partido del Buen Gobierno,30,200,230,8,22,256,contabilizada
M00332-04,D00332,EG2026-PRES,ORG05,Otros,88,200,230,8,22,256,contabilizada
M00332-05,D00332,EG2026-PRES,ORG01,Fuerza Popular,22,137,169,8,24,227,contabilizada
M00332-05,D00332,EG2026-PRES,ORG02,Juntos por el Peru,20,137,169,8,24,227,contabilizada
M00332-05,D00332,EG2026-PRES,ORG03,Renovacion Popular,13,137,169,8,24,227,contabilizada
M00332-05,D00332,EG2026-PRES,ORG04,Partido del Buen Gobierno,10,137,169,8,24,227,contabilizada
M00332-05,D00332,EG2026-PRES,ORG05,Otros,72,137,169,8,24,227,contabilizada
M00333-01,D00333,EG2026-PRES,ORG01,Fuerza Popular,21,157,198,16,25,295,contabilizada
M00333-01,D00333,EG2026-PRES,ORG02,Juntos por el Peru,32,157,198,16,25,295,contabilizada
M00333-01,D00333,EG2026-PRES,ORG03,Renovacion Popular,13,157,198,16,25,295,contabilizada
M00333-01,D00333,EG2026-PRES,ORG04,Partido del Buen Gobierno,13,157,198,16,25,295,contabilizada
M00333-01,D00333,EG2026-PRES,ORG05,Otros,78,157,198,16,25,295,contabilizada
M00333-02,D00333,EG2026-PRES,ORG01,Fuerza Popular,17,117,135,6,12,192,contabilizada
M00333-02,D00333,EG2026-PRES,ORG02,Juntos por el Peru,31,117,135,6,12,192,contabilizada
M00333-02,D00333,EG2026-PRES,ORG03,Renovacion Popular,7,117,135,6,12,192,contabilizada
M00333-02,D00333,EG2026-PRES,ORG04,Partido del Buen Gobierno,15,117,135,6,12,192,contabilizada
M00333-02,D00333,EG2026-PRES,ORG05,Otros,47,117,135,6,12,192,contabilizada
M00333-03,D00333,EG2026-PRES,ORG01,Fuerza Popular,26,182,222,13,27,288,observada
M00333-03,D00333,EG2026-PRES,ORG02,Juntos por el Peru,40,182,222,13,27,288,observada
M00333-03,D00333,EG2026-PRES,ORG03,Renovacion Popular,11,182,222,13,27,288,observada
M00333-03,D00333,EG2026-PRES,ORG04,Partido del Buen Gobierno,25,182,222,13,27,288,observada
M00333-03,D00333,EG2026-PRES,ORG05,Otros,80,182,222,13,27,288,observada
M00334-01,D00334,EG2026-PRES,ORG01,Fuerza Popular,30,195,230,14,21,405,contabilizada
M00334-01,D00334,EG2026-PRES,ORG02,Juntos por el Peru,22,195,230,14,21,405,contabilizada
M00334-01,D00334,EG2026-PRES,ORG03,Renovacion Popular,36,195,230,14,21,405,contabilizada
M00334-01,D00334,EG2026-PRES,ORG04,Partido del Buen Gobierno,25,195,230,14,21,405,contabilizada
M00334-01,D00334,EG2026-PRES,ORG05,Otros,82,195,230,14,21,405,contabilizada
M00334-02,D00334,EG2026-PRES,ORG01,Fuerza Popular,24,130,158,10,18,261,contabilizada
M00334-02,D00334,EG2026-PRES,ORG02,Juntos por el Peru,17,130,158,10,18,261,contabilizada
M00334-02,D00334,EG2026-PRES,ORG03,Renovacion Popular,21,130,158,10,18,261,contabilizada
M00334-02,D00334,EG2026-PRES,ORG04,Partido del Buen Gobierno,19,130,158,10,18,261,contabilizada
M00334-02,D00334,EG2026-PRES,ORG05,Otros,49,130,158,10,18,261,contabilizada
M00334-03,D00334,EG2026-PRES,ORG01,Fuerza Popular,28,171,198,15,12,287,contabilizada
M00334-03,D00334,EG2026-PRES,ORG02,Juntos por el Peru,21,171,198,15,12,287,contabilizada
M00334-03,D00334,EG2026-PRES,ORG03,Renovacion Popular,33,171,198,15,12,287,contabilizada
M00334-03,D00334,EG2026-PRES,ORG04,Partido del Buen Gobierno,23,171,198,15,12,287,contabilizada
M00334-03,D00334,EG2026-PRES,ORG05,Otros,66,171,198,15,12,287,contabilizada
M00334-04,D00334,EG2026-PRES,ORG01,Fuerza Popular,16,91,107,4,12,194,contabilizada
M00334-04,D00334,EG2026-PRES,ORG02,Juntos por el Peru,9,91,107,4,12,194,contabilizada
M00334-04,D00334,EG2026-PRES,ORG03,Renovacion Popular,15,91,107,4,12,194,contabilizada
M00334-04,D00334,EG2026-PRES,ORG04,Partido del Buen Gobierno,9,91,107,4,12,194,contabilizada
M00334-04,D00334,EG2026-PRES,ORG05,Otros,42,91,107,4,12,194,contabilizada
M00334-05,D00334,EG2026-PRES,ORG01,Fuerza Popular,39,188,209,8,13,238,contabilizada
M00334-05,D00334,EG2026-PRES,ORG02,Juntos por el Peru,21,188,209,8,13,238,contabilizada
M00334-05,D00334,EG2026-PRES,ORG03,Renovacion Popular,32,188,209,8,13,238,contabilizada
M00334-05,D00334,EG2026-PRES,ORG04,Partido del Buen Gobierno,23,188,209,8,13,238,contabilizada
M00334-05,D00334,EG2026-PRES,ORG05,Otros,73,188,209,8,13,238,contabilizada
M00334-06,D00334,EG2026-PRES,ORG01,Fuerza Popular,27,155,190,13,22,211,contabilizada
M00334-06,D00334,EG2026-PRES,ORG02,Juntos por el Peru,15,155,190,13,22,211,contabilizada
M00334-06,D00334,EG2026-PRES,ORG03,Renovacion Popular,28,155,190,13,22,211,contabilizada
M00334-06,D00334,EG2026-PRES,ORG04,Partido del Buen Gobierno,14,155,190,13,22,211,contabilizada
M00334-06,D00334,EG2026-PRES,ORG05,Otros,71,155,190,13,22,211,contabilizada
